
Cadence Innovus(TM) Implementation System.
Copyright 2021 Cadence Design Systems, Inc. All rights reserved worldwide.

Version:	v21.15-s110_1, built Fri Sep 23 13:08:12 PDT 2022
Options:	
Date:		Sat Mar  7 16:28:31 2026
Host:		ic312.vit.ac.in (x86_64 w/Linux 4.18.0-425.19.2.el8_7.x86_64) (12cores*20cpus*12th Gen Intel(R) Core(TM) i7-12700 25600KB)
OS:		Red Hat Enterprise Linux release 8.7 (Ootpa)

License:
		[16:28:31.328618] Configured Lic search path (21.01-s002): 5281@14.139.1.126:1717@14.139.1.126

		invs	Innovus Implementation System	21.1	checkout succeeded
		8 CPU jobs allowed with the current license(s). Use setMultiCpuUsage to set your required CPU count.
Change the soft stacksize limit to 0.2%RAM (63 mbytes). Set global soft_stack_size_limit to change the value.

**INFO:  MMMC transition support version v31-84 

<CMD> set_global _enable_mmmc_by_default_flow      $CTE::mmmc_default
<CMD> suppressMessage ENCEXT-2799
<CMD> getVersion
<CMD> getVersion
<CMD> getVersion
[INFO] Loading PVS 22.20 fill procedures
<CMD> win
<CMD> save_global Default.globals
<CMD> set init_gnd_net VSS
<CMD> set init_lef_file {../../../../../install/FOUNDRY/digital/90nm/dig/lef/gsclib090_translated_ref.lef ../../../../../install/FOUNDRY/digital/90nm/dig/lef/gsclib090_translated.lef ../../../../../install/FOUNDRY/digital/90nm/dig/lef/gsclib090_tech.lef ../../../../../install/FOUNDRY/digital/90nm/dig/lef/gsclib090_macro.lef}
<CMD> set init_verilog alarm_netlist.v
<CMD> set init_mmmc_file Default.view
<CMD> set init_pwr_net VDD
<CMD> init_design
#% Begin Load MMMC data ... (date=03/07 16:35:36, mem=1031.2M)
#% End Load MMMC data ... (date=03/07 16:35:36, total cpu=0:00:00.0, real=0:00:00.0, peak res=1031.9M, current mem=1031.9M)
rc_corners

Loading LEF file ../../../../../install/FOUNDRY/digital/90nm/dig/lef/gsclib090_translated_ref.lef ...
**WARN: (IMPLF-105):	The layer 'Oxide' specified in SAMENET spacing
rule is neither a routing layer nor a cut layer. The rule is ignored.
**WARN: (IMPLF-105):	The layer 'Poly' specified in SAMENET spacing
rule is neither a routing layer nor a cut layer. The rule is ignored.
Set DBUPerIGU to M2 pitch 580.

Loading LEF file ../../../../../install/FOUNDRY/digital/90nm/dig/lef/gsclib090_translated.lef ...
**WARN: (IMPLF-119):	LAYER 'Oxide' has been found in the database. Its content except ANTENNA* data will be ignored.
Review the LEF files specified in the init_lef_file variable and remove redundant definitions.
Type 'man IMPLF-119' for more detail.
**WARN: (IMPLF-119):	LAYER 'Poly' has been found in the database. Its content except ANTENNA* data will be ignored.
Review the LEF files specified in the init_lef_file variable and remove redundant definitions.
Type 'man IMPLF-119' for more detail.
**WARN: (IMPLF-119):	LAYER 'Nhvt' has been found in the database. Its content except ANTENNA* data will be ignored.
Review the LEF files specified in the init_lef_file variable and remove redundant definitions.
Type 'man IMPLF-119' for more detail.
**WARN: (IMPLF-119):	LAYER 'Nimp' has been found in the database. Its content except ANTENNA* data will be ignored.
Review the LEF files specified in the init_lef_file variable and remove redundant definitions.
Type 'man IMPLF-119' for more detail.
**WARN: (IMPLF-119):	LAYER 'Phvt' has been found in the database. Its content except ANTENNA* data will be ignored.
Review the LEF files specified in the init_lef_file variable and remove redundant definitions.
Type 'man IMPLF-119' for more detail.
**WARN: (IMPLF-119):	LAYER 'Pimp' has been found in the database. Its content except ANTENNA* data will be ignored.
Review the LEF files specified in the init_lef_file variable and remove redundant definitions.
Type 'man IMPLF-119' for more detail.
**WARN: (IMPLF-119):	LAYER 'Nzvt' has been found in the database. Its content except ANTENNA* data will be ignored.
Review the LEF files specified in the init_lef_file variable and remove redundant definitions.
Type 'man IMPLF-119' for more detail.
**WARN: (IMPLF-119):	LAYER 'SiProt' has been found in the database. Its content except ANTENNA* data will be ignored.
Review the LEF files specified in the init_lef_file variable and remove redundant definitions.
Type 'man IMPLF-119' for more detail.
**WARN: (IMPLF-119):	LAYER 'Cont' has been found in the database. Its content except ANTENNA* data will be ignored.
Review the LEF files specified in the init_lef_file variable and remove redundant definitions.
Type 'man IMPLF-119' for more detail.
**WARN: (IMPLF-119):	LAYER 'Metal1' has been found in the database. Its content except ANTENNA* data will be ignored.
Review the LEF files specified in the init_lef_file variable and remove redundant definitions.
Type 'man IMPLF-119' for more detail.
**WARN: (IMPLF-119):	LAYER 'Via1' has been found in the database. Its content except ANTENNA* data will be ignored.
Review the LEF files specified in the init_lef_file variable and remove redundant definitions.
Type 'man IMPLF-119' for more detail.
**WARN: (IMPLF-119):	LAYER 'Metal2' has been found in the database. Its content except ANTENNA* data will be ignored.
Review the LEF files specified in the init_lef_file variable and remove redundant definitions.
Type 'man IMPLF-119' for more detail.
**WARN: (IMPLF-119):	LAYER 'Via2' has been found in the database. Its content except ANTENNA* data will be ignored.
Review the LEF files specified in the init_lef_file variable and remove redundant definitions.
Type 'man IMPLF-119' for more detail.
**WARN: (IMPLF-119):	LAYER 'Metal3' has been found in the database. Its content except ANTENNA* data will be ignored.
Review the LEF files specified in the init_lef_file variable and remove redundant definitions.
Type 'man IMPLF-119' for more detail.
**WARN: (IMPLF-119):	LAYER 'Via3' has been found in the database. Its content except ANTENNA* data will be ignored.
Review the LEF files specified in the init_lef_file variable and remove redundant definitions.
Type 'man IMPLF-119' for more detail.
**WARN: (IMPLF-119):	LAYER 'Metal4' has been found in the database. Its content except ANTENNA* data will be ignored.
Review the LEF files specified in the init_lef_file variable and remove redundant definitions.
Type 'man IMPLF-119' for more detail.
**WARN: (IMPLF-119):	LAYER 'Via4' has been found in the database. Its content except ANTENNA* data will be ignored.
Review the LEF files specified in the init_lef_file variable and remove redundant definitions.
Type 'man IMPLF-119' for more detail.
**WARN: (IMPLF-119):	LAYER 'Metal5' has been found in the database. Its content except ANTENNA* data will be ignored.
Review the LEF files specified in the init_lef_file variable and remove redundant definitions.
Type 'man IMPLF-119' for more detail.
**WARN: (IMPLF-119):	LAYER 'Via5' has been found in the database. Its content except ANTENNA* data will be ignored.
Review the LEF files specified in the init_lef_file variable and remove redundant definitions.
Type 'man IMPLF-119' for more detail.
**WARN: (IMPLF-119):	LAYER 'Metal6' has been found in the database. Its content except ANTENNA* data will be ignored.
Review the LEF files specified in the init_lef_file variable and remove redundant definitions.
Type 'man IMPLF-119' for more detail.
**WARN: (EMS-27):	Message (IMPLF-119) has exceeded the current message display limit of 20.
To increase the message display limit, refer to the product command reference manual.
**ERROR: (IMPLF-223):	The LEF via 'VIA1X' definition already exists in the database. The current definition will be ignored. Ensure that you have not specified duplicate LEF files or LEF files with duplicate via definition.
Type 'man IMPLF-223' for more detail.
**ERROR: (IMPLF-223):	The LEF via 'VIA1V' definition already exists in the database. The current definition will be ignored. Ensure that you have not specified duplicate LEF files or LEF files with duplicate via definition.
Type 'man IMPLF-223' for more detail.
**ERROR: (IMPLF-223):	The LEF via 'VIA1H' definition already exists in the database. The current definition will be ignored. Ensure that you have not specified duplicate LEF files or LEF files with duplicate via definition.
Type 'man IMPLF-223' for more detail.
**ERROR: (IMPLF-223):	The LEF via 'VIA1XR90' definition already exists in the database. The current definition will be ignored. Ensure that you have not specified duplicate LEF files or LEF files with duplicate via definition.
Type 'man IMPLF-223' for more detail.
**ERROR: (IMPLF-223):	The LEF via 'VIA1_2CUT_E' definition already exists in the database. The current definition will be ignored. Ensure that you have not specified duplicate LEF files or LEF files with duplicate via definition.
Type 'man IMPLF-223' for more detail.
**ERROR: (IMPLF-223):	The LEF via 'VIA1_2CUT_W' definition already exists in the database. The current definition will be ignored. Ensure that you have not specified duplicate LEF files or LEF files with duplicate via definition.
Type 'man IMPLF-223' for more detail.
**ERROR: (IMPLF-223):	The LEF via 'VIA1_2CUT_N' definition already exists in the database. The current definition will be ignored. Ensure that you have not specified duplicate LEF files or LEF files with duplicate via definition.
Type 'man IMPLF-223' for more detail.
**ERROR: (IMPLF-223):	The LEF via 'VIA1_2CUT_S' definition already exists in the database. The current definition will be ignored. Ensure that you have not specified duplicate LEF files or LEF files with duplicate via definition.
Type 'man IMPLF-223' for more detail.
**ERROR: (IMPLF-223):	The LEF via 'VIA1_2X2CUT' definition already exists in the database. The current definition will be ignored. Ensure that you have not specified duplicate LEF files or LEF files with duplicate via definition.
Type 'man IMPLF-223' for more detail.
**ERROR: (IMPLF-223):	The LEF via 'VIA2X' definition already exists in the database. The current definition will be ignored. Ensure that you have not specified duplicate LEF files or LEF files with duplicate via definition.
Type 'man IMPLF-223' for more detail.
**ERROR: (IMPLF-223):	The LEF via 'VIA2H' definition already exists in the database. The current definition will be ignored. Ensure that you have not specified duplicate LEF files or LEF files with duplicate via definition.
Type 'man IMPLF-223' for more detail.
**ERROR: (IMPLF-223):	The LEF via 'VIA2V' definition already exists in the database. The current definition will be ignored. Ensure that you have not specified duplicate LEF files or LEF files with duplicate via definition.
Type 'man IMPLF-223' for more detail.
**ERROR: (IMPLF-223):	The LEF via 'VIA2XR90' definition already exists in the database. The current definition will be ignored. Ensure that you have not specified duplicate LEF files or LEF files with duplicate via definition.
Type 'man IMPLF-223' for more detail.
**ERROR: (IMPLF-223):	The LEF via 'VIA2TOS' definition already exists in the database. The current definition will be ignored. Ensure that you have not specified duplicate LEF files or LEF files with duplicate via definition.
Type 'man IMPLF-223' for more detail.
**ERROR: (IMPLF-223):	The LEF via 'VIA2TOS_S' definition already exists in the database. The current definition will be ignored. Ensure that you have not specified duplicate LEF files or LEF files with duplicate via definition.
Type 'man IMPLF-223' for more detail.
**ERROR: (IMPLF-223):	The LEF via 'VIA2TOS_N' definition already exists in the database. The current definition will be ignored. Ensure that you have not specified duplicate LEF files or LEF files with duplicate via definition.
Type 'man IMPLF-223' for more detail.
**ERROR: (IMPLF-223):	The LEF via 'VIA2_2CUT_N' definition already exists in the database. The current definition will be ignored. Ensure that you have not specified duplicate LEF files or LEF files with duplicate via definition.
Type 'man IMPLF-223' for more detail.
**ERROR: (IMPLF-223):	The LEF via 'VIA2_2CUT_S' definition already exists in the database. The current definition will be ignored. Ensure that you have not specified duplicate LEF files or LEF files with duplicate via definition.
Type 'man IMPLF-223' for more detail.
**ERROR: (IMPLF-223):	The LEF via 'VIA2_2CUT_E' definition already exists in the database. The current definition will be ignored. Ensure that you have not specified duplicate LEF files or LEF files with duplicate via definition.
Type 'man IMPLF-223' for more detail.
**ERROR: (IMPLF-223):	The LEF via 'VIA2_2CUT_W' definition already exists in the database. The current definition will be ignored. Ensure that you have not specified duplicate LEF files or LEF files with duplicate via definition.
Type 'man IMPLF-223' for more detail.
**WARN: (EMS-27):	Message (IMPLF-223) has exceeded the current message display limit of 20.
To increase the message display limit, refer to the product command reference manual.
**WARN: (IMPLF-151):	The viaRule 'VIA1ARRAY' has been defined, the content will be skipped.
**WARN: (IMPLF-151):	The viaRule 'VIA2ARRAY' has been defined, the content will be skipped.
**WARN: (IMPLF-151):	The viaRule 'VIA3ARRAY' has been defined, the content will be skipped.
**WARN: (IMPLF-151):	The viaRule 'VIA4ARRAY' has been defined, the content will be skipped.
**WARN: (IMPLF-151):	The viaRule 'VIA5ARRAY' has been defined, the content will be skipped.
**WARN: (IMPLF-151):	The viaRule 'VIA6ARRAY' has been defined, the content will be skipped.
**WARN: (IMPLF-151):	The viaRule 'VIA7ARRAY' has been defined, the content will be skipped.
**WARN: (IMPLF-151):	The viaRule 'VIA8ARRAY' has been defined, the content will be skipped.
**WARN: (IMPLF-151):	The viaRule 'M9_M8v' has been defined, the content will be skipped.
**WARN: (IMPLF-151):	The viaRule 'M8_M7v' has been defined, the content will be skipped.
**WARN: (IMPLF-151):	The viaRule 'M7_M6v' has been defined, the content will be skipped.
**WARN: (IMPLF-151):	The viaRule 'M6_M5v' has been defined, the content will be skipped.
**WARN: (IMPLF-151):	The viaRule 'M5_M4v' has been defined, the content will be skipped.
**WARN: (IMPLF-151):	The viaRule 'M4_M3v' has been defined, the content will be skipped.
**WARN: (IMPLF-151):	The viaRule 'M3_M2v' has been defined, the content will be skipped.
**WARN: (IMPLF-151):	The viaRule 'M2_M1v' has been defined, the content will be skipped.
**WARN: (IMPLF-151):	The viaRule 'M1_POv' has been defined, the content will be skipped.
**WARN: (IMPLF-151):	The viaRule 'M1_DIFF' has been defined, the content will be skipped.
**WARN: (IMPLF-151):	The viaRule 'M1_PSUB' has been defined, the content will be skipped.
**WARN: (IMPLF-151):	The viaRule 'M1_PIMP' has been defined, the content will be skipped.
**WARN: (EMS-27):	Message (IMPLF-151) has exceeded the current message display limit of 20.
To increase the message display limit, refer to the product command reference manual.
**WARN: (IMPLF-105):	The layer 'Oxide' specified in SAMENET spacing
rule is neither a routing layer nor a cut layer. The rule is ignored.
**WARN: (IMPLF-105):	The layer 'Poly' specified in SAMENET spacing
rule is neither a routing layer nor a cut layer. The rule is ignored.
**WARN: (IMPLF-58):	MACRO 'OAI2BB1X4' has been found in the database. Its content except DENSITY and PIN ANTENNA* data, and certain properties, will be ignored.
Review the LEF files specified in the init_lef_file variable and remove redundant definitions.
Type 'man IMPLF-58' for more detail.
**WARN: (IMPLF-58):	MACRO 'OA22X2' has been found in the database. Its content except DENSITY and PIN ANTENNA* data, and certain properties, will be ignored.
Review the LEF files specified in the init_lef_file variable and remove redundant definitions.
Type 'man IMPLF-58' for more detail.
**WARN: (IMPLF-58):	MACRO 'NAND3X8' has been found in the database. Its content except DENSITY and PIN ANTENNA* data, and certain properties, will be ignored.
Review the LEF files specified in the init_lef_file variable and remove redundant definitions.
Type 'man IMPLF-58' for more detail.
**WARN: (IMPLF-58):	MACRO 'SDFFRX4' has been found in the database. Its content except DENSITY and PIN ANTENNA* data, and certain properties, will be ignored.
Review the LEF files specified in the init_lef_file variable and remove redundant definitions.
Type 'man IMPLF-58' for more detail.
**WARN: (IMPLF-58):	MACRO 'TLATSRX1' has been found in the database. Its content except DENSITY and PIN ANTENNA* data, and certain properties, will be ignored.
Review the LEF files specified in the init_lef_file variable and remove redundant definitions.
Type 'man IMPLF-58' for more detail.
**WARN: (IMPLF-58):	MACRO 'OAI2BB1X1' has been found in the database. Its content except DENSITY and PIN ANTENNA* data, and certain properties, will be ignored.
Review the LEF files specified in the init_lef_file variable and remove redundant definitions.
Type 'man IMPLF-58' for more detail.
**WARN: (IMPLF-58):	MACRO 'DLY4X1' has been found in the database. Its content except DENSITY and PIN ANTENNA* data, and certain properties, will be ignored.
Review the LEF files specified in the init_lef_file variable and remove redundant definitions.
Type 'man IMPLF-58' for more detail.
**WARN: (IMPLF-58):	MACRO 'ADDFX4' has been found in the database. Its content except DENSITY and PIN ANTENNA* data, and certain properties, will be ignored.
Review the LEF files specified in the init_lef_file variable and remove redundant definitions.
Type 'man IMPLF-58' for more detail.
**WARN: (IMPLF-58):	MACRO 'CLKAND2X12' has been found in the database. Its content except DENSITY and PIN ANTENNA* data, and certain properties, will be ignored.
Review the LEF files specified in the init_lef_file variable and remove redundant definitions.
Type 'man IMPLF-58' for more detail.
**WARN: (IMPLF-58):	MACRO 'MXI3XL' has been found in the database. Its content except DENSITY and PIN ANTENNA* data, and certain properties, will be ignored.
Review the LEF files specified in the init_lef_file variable and remove redundant definitions.
Type 'man IMPLF-58' for more detail.
**WARN: (IMPLF-58):	MACRO 'NAND3X6' has been found in the database. Its content except DENSITY and PIN ANTENNA* data, and certain properties, will be ignored.
Review the LEF files specified in the init_lef_file variable and remove redundant definitions.
Type 'man IMPLF-58' for more detail.
**WARN: (IMPLF-58):	MACRO 'SDFFRX2' has been found in the database. Its content except DENSITY and PIN ANTENNA* data, and certain properties, will be ignored.
Review the LEF files specified in the init_lef_file variable and remove redundant definitions.
Type 'man IMPLF-58' for more detail.
**WARN: (IMPLF-58):	MACRO 'MX3X1' has been found in the database. Its content except DENSITY and PIN ANTENNA* data, and certain properties, will be ignored.
Review the LEF files specified in the init_lef_file variable and remove redundant definitions.
Type 'man IMPLF-58' for more detail.
**WARN: (IMPLF-58):	MACRO 'SDFFSRHQX1' has been found in the database. Its content except DENSITY and PIN ANTENNA* data, and certain properties, will be ignored.
Review the LEF files specified in the init_lef_file variable and remove redundant definitions.
Type 'man IMPLF-58' for more detail.
**WARN: (IMPLF-58):	MACRO 'OAI33XL' has been found in the database. Its content except DENSITY and PIN ANTENNA* data, and certain properties, will be ignored.
Review the LEF files specified in the init_lef_file variable and remove redundant definitions.
Type 'man IMPLF-58' for more detail.
**WARN: (IMPLF-58):	MACRO 'TLATSRX4' has been found in the database. Its content except DENSITY and PIN ANTENNA* data, and certain properties, will be ignored.
Review the LEF files specified in the init_lef_file variable and remove redundant definitions.
Type 'man IMPLF-58' for more detail.
**WARN: (IMPLF-58):	MACRO 'DFFHQX4' has been found in the database. Its content except DENSITY and PIN ANTENNA* data, and certain properties, will be ignored.
Review the LEF files specified in the init_lef_file variable and remove redundant definitions.
Type 'man IMPLF-58' for more detail.
**WARN: (IMPLF-58):	MACRO 'AOI221X2' has been found in the database. Its content except DENSITY and PIN ANTENNA* data, and certain properties, will be ignored.
Review the LEF files specified in the init_lef_file variable and remove redundant definitions.
Type 'man IMPLF-58' for more detail.
**WARN: (IMPLF-58):	MACRO 'ADDFX2' has been found in the database. Its content except DENSITY and PIN ANTENNA* data, and certain properties, will be ignored.
Review the LEF files specified in the init_lef_file variable and remove redundant definitions.
Type 'man IMPLF-58' for more detail.
**WARN: (IMPLF-58):	MACRO 'AOI22XL' has been found in the database. Its content except DENSITY and PIN ANTENNA* data, and certain properties, will be ignored.
Review the LEF files specified in the init_lef_file variable and remove redundant definitions.
Type 'man IMPLF-58' for more detail.
**WARN: (EMS-27):	Message (IMPLF-58) has exceeded the current message display limit of 20.
To increase the message display limit, refer to the product command reference manual.

Loading LEF file ../../../../../install/FOUNDRY/digital/90nm/dig/lef/gsclib090_tech.lef ...

Loading LEF file ../../../../../install/FOUNDRY/digital/90nm/dig/lef/gsclib090_macro.lef ...
**WARN: (IMPLF-61):	974 duplicated MACRO definitions have been found in the LEF file(s). Their content except DENSITY and PIN ANTENNA* data, and certain properties, have been ignored.
Review the LEF files specified in the init_lef_file variable and remove redundant definitions.
Type 'man IMPLF-61' for more detail.
**WARN: (IMPLF-200):	Pin 'A' in macro 'ANTENNA' has no ANTENNAGATEAREA value defined. The library data is incomplete and some process antenna rules will not be checked correctly.
Type 'man IMPLF-200' for more detail.

##  Check design process and node:  
##  Both design process and tech node are not set.

Loading view definition file from Default.view
Reading max_timing timing library '/home/install/FOUNDRY/digital/90nm/dig/lib/slow.lib' ...
Read 479 cells in library 'slow' 
Reading min_timing timing library '/home/install/FOUNDRY/digital/90nm/dig/lib/fast.lib' ...
Read 479 cells in library 'fast' 
*** End library_loading (cpu=0.01min, real=0.00min, mem=31.0M, fe_cpu=1.06min, fe_real=7.08min, fe_mem=1064.5M) ***
#% Begin Load netlist data ... (date=03/07 16:35:36, mem=1053.9M)
*** Begin netlist parsing (mem=1064.5M) ***
**WARN: (IMPVL-159):	Pin 'VDD' of cell 'XOR3XL' is defined in LEF but not in the timing library.
Type 'man IMPVL-159' for more detail.
**WARN: (IMPVL-159):	Pin 'VSS' of cell 'XOR3XL' is defined in LEF but not in the timing library.
Type 'man IMPVL-159' for more detail.
**WARN: (IMPVL-159):	Pin 'VDD' of cell 'XOR3X1' is defined in LEF but not in the timing library.
Type 'man IMPVL-159' for more detail.
**WARN: (IMPVL-159):	Pin 'VSS' of cell 'XOR3X1' is defined in LEF but not in the timing library.
Type 'man IMPVL-159' for more detail.
**WARN: (IMPVL-159):	Pin 'VSS' of cell 'XOR2XL' is defined in LEF but not in the timing library.
Type 'man IMPVL-159' for more detail.
**WARN: (IMPVL-159):	Pin 'VDD' of cell 'XOR2XL' is defined in LEF but not in the timing library.
Type 'man IMPVL-159' for more detail.
**WARN: (IMPVL-159):	Pin 'VSS' of cell 'XOR2X4' is defined in LEF but not in the timing library.
Type 'man IMPVL-159' for more detail.
**WARN: (IMPVL-159):	Pin 'VDD' of cell 'XOR2X4' is defined in LEF but not in the timing library.
Type 'man IMPVL-159' for more detail.
**WARN: (IMPVL-159):	Pin 'VSS' of cell 'XOR2X2' is defined in LEF but not in the timing library.
Type 'man IMPVL-159' for more detail.
**WARN: (IMPVL-159):	Pin 'VDD' of cell 'XOR2X2' is defined in LEF but not in the timing library.
Type 'man IMPVL-159' for more detail.
**WARN: (IMPVL-159):	Pin 'VSS' of cell 'XOR2X1' is defined in LEF but not in the timing library.
Type 'man IMPVL-159' for more detail.
**WARN: (IMPVL-159):	Pin 'VDD' of cell 'XOR2X1' is defined in LEF but not in the timing library.
Type 'man IMPVL-159' for more detail.
**WARN: (IMPVL-159):	Pin 'VSS' of cell 'XNOR3XL' is defined in LEF but not in the timing library.
Type 'man IMPVL-159' for more detail.
**WARN: (IMPVL-159):	Pin 'VDD' of cell 'XNOR3XL' is defined in LEF but not in the timing library.
Type 'man IMPVL-159' for more detail.
**WARN: (IMPVL-159):	Pin 'VDD' of cell 'XNOR3X1' is defined in LEF but not in the timing library.
Type 'man IMPVL-159' for more detail.
**WARN: (IMPVL-159):	Pin 'VSS' of cell 'XNOR3X1' is defined in LEF but not in the timing library.
Type 'man IMPVL-159' for more detail.
**WARN: (IMPVL-159):	Pin 'VSS' of cell 'XNOR2XL' is defined in LEF but not in the timing library.
Type 'man IMPVL-159' for more detail.
**WARN: (IMPVL-159):	Pin 'VDD' of cell 'XNOR2XL' is defined in LEF but not in the timing library.
Type 'man IMPVL-159' for more detail.
**WARN: (IMPVL-159):	Pin 'VSS' of cell 'XNOR2X4' is defined in LEF but not in the timing library.
Type 'man IMPVL-159' for more detail.
**WARN: (IMPVL-159):	Pin 'VDD' of cell 'XNOR2X4' is defined in LEF but not in the timing library.
Type 'man IMPVL-159' for more detail.
**WARN: (EMS-27):	Message (IMPVL-159) has exceeded the current message display limit of 20.
To increase the message display limit, refer to the product command reference manual.
Created 479 new cells from 2 timing libraries.
Reading netlist ...
Backslashed names will retain backslash and a trailing blank character.
Reading verilog netlist 'alarm_netlist.v'
**WARN: (IMPVL-346):	Module 'key_register' is instantiated in the netlist, but is not defined in the LEF files.  Since there is no real cell definition for such a cell, it will be treated as an empty module.
Type 'man IMPVL-346' for more detail.

*** Memory Usage v#1 (Current mem = 1064.492M, initial mem = 483.863M) ***
*** End netlist parsing (cpu=0:00:00.0, real=0:00:01.0, mem=1064.5M) ***
#% End Load netlist data ... (date=03/07 16:35:37, total cpu=0:00:00.0, real=0:00:01.0, peak res=1068.6M, current mem=1068.6M)
Top level cell is alarm_clock_top.
Hooked 958 DB cells to tlib cells.
**WARN: (IMPDB-2504):	Unable to find netlist cell in the design data of the library or LEF. The 'key_register' cell is instantiated in the Verilog netlist, but not defined in the library or design data.  Its pin directions might be derived incorrectly. Include the cell definition or its pin information in the library or design data and reload the design to avoid potential issues.
Type 'man IMPDB-2504' for more detail.
1 empty module found.
Starting recursive module instantiation check.
No recursion found.
Term dir updated for 0 vinsts of 1 cells.
Building hierarchical netlist for Cell alarm_clock_top ...
*** Netlist is unique.
** info: there are 972 modules.
** info: there are 336 stdCell insts.

*** Memory Usage v#1 (Current mem = 1120.906M, initial mem = 483.863M) ***
**WARN: (IMPFP-3961):	The techSite 'pad' has no related standard cells in the LEF/OA library. The calculations for this site type cannot be made unless standard cell models of this type exist in the LEF/OA library. Ignore this warning if the SITE is not used by the library. Alternatively, remove the SITE definition for the LEF/OA library to avoid this message.
Type 'man IMPFP-3961' for more detail.
**WARN: (IMPFP-3961):	The techSite 'corner' has no related standard cells in the LEF/OA library. The calculations for this site type cannot be made unless standard cell models of this type exist in the LEF/OA library. Ignore this warning if the SITE is not used by the library. Alternatively, remove the SITE definition for the LEF/OA library to avoid this message.
Type 'man IMPFP-3961' for more detail.
Horizontal Layer M1 offset = 290 (derived)
Vertical Layer M2 offset = 290 (derived)
Start create_tracks
Generated pitch 0.29 in Metal8 is different from 0.87 defined in technology file in unpreferred direction.
Extraction setup Started 
Initializing multi-corner RC extraction with 1 active RC Corners ...
Reading Capacitance Table File ../../../../../install/FOUNDRY/digital/90nm/dig/captable/gpdk090.lef.extended.CapTbl ...
Cap table was created using Encounter 05.20-s112_1.
Process name: gpdk090_9l.
Importing multi-corner RC tables ... 
Summary of Active RC-Corners : 
 
 Analysis View: worstcase
    RC-Corner Name        : rc_corners
    RC-Corner Index       : 0
    RC-Corner Temperature : 25 Celsius
    RC-Corner Cap Table   : '../../../../../install/FOUNDRY/digital/90nm/dig/captable/gpdk090.lef.extended.CapTbl'
    RC-Corner PreRoute Res Factor         : 1
    RC-Corner PreRoute Cap Factor         : 1
    RC-Corner PostRoute Res Factor        : 1 {1 1 1}
    RC-Corner PostRoute Cap Factor        : 1 {1 1 1}
    RC-Corner PostRoute XCap Factor       : 1 {1 1 1}
    RC-Corner PreRoute Clock Res Factor   : 1	[Derived from postRoute_res (effortLevel low)]
    RC-Corner PreRoute Clock Cap Factor   : 1	[Derived from postRoute_cap (effortLevel low)]
    RC-Corner PostRoute Clock Cap Factor  : 1 {1 1 1} 	[Derived from postRoute_cap (effortLevel low)]
    RC-Corner PostRoute Clock Res Factor  : 1 {1 1 1} 	[Derived from postRoute_res (effortLevel low)]
    RC-Corner PostRoute Clock coupling capacitance Factor : 1 {1 1 1} 
 
 Analysis View: bestcase
    RC-Corner Name        : rc_corners
    RC-Corner Index       : 0
    RC-Corner Temperature : 25 Celsius
    RC-Corner Cap Table   : '../../../../../install/FOUNDRY/digital/90nm/dig/captable/gpdk090.lef.extended.CapTbl'
    RC-Corner PreRoute Res Factor         : 1
    RC-Corner PreRoute Cap Factor         : 1
    RC-Corner PostRoute Res Factor        : 1 {1 1 1}
    RC-Corner PostRoute Cap Factor        : 1 {1 1 1}
    RC-Corner PostRoute XCap Factor       : 1 {1 1 1}
    RC-Corner PreRoute Clock Res Factor   : 1	[Derived from postRoute_res (effortLevel low)]
    RC-Corner PreRoute Clock Cap Factor   : 1	[Derived from postRoute_cap (effortLevel low)]
    RC-Corner PostRoute Clock Cap Factor  : 1 {1 1 1} 	[Derived from postRoute_cap (effortLevel low)]
    RC-Corner PostRoute Clock Res Factor  : 1 {1 1 1} 	[Derived from postRoute_res (effortLevel low)]
    RC-Corner PostRoute Clock coupling capacitance Factor : 1 {1 1 1} 
Updating RC grid for preRoute extraction ...
Initializing multi-corner capacitance tables ... 
Initializing multi-corner resistance tables ...
*Info: initialize multi-corner CTS.
Reading timing constraints file 'alarm_constraints_1.sdc' ...
Current (total cpu=0:01:04, real=0:07:06, peak res=1365.5M, current mem=1365.5M)
**WARN: (TCLCMD-1461):	Skipped unsupported command: set_units (File alarm_constraints_1.sdc, Line 9).

**WARN: (TCLCMD-1461):	Skipped unsupported command: set_units (File alarm_constraints_1.sdc, Line 10).

alarm_clock_top
**WARN: (IMPCTE-290):	Could not locate cell INVX1 in any library for view bestcase.
Type 'man IMPCTE-290' for more detail.
**WARN: (IMPCTE-290):	Could not locate cell INVX1 in any library for view bestcase.
Type 'man IMPCTE-290' for more detail.
**WARN: (IMPCTE-290):	Could not locate cell INVX1 in any library for view bestcase.
Type 'man IMPCTE-290' for more detail.
**WARN: (IMPCTE-290):	Could not locate cell INVX1 in any library for view bestcase.
Type 'man IMPCTE-290' for more detail.
**WARN: (IMPCTE-290):	Could not locate cell INVX1 in any library for view bestcase.
Type 'man IMPCTE-290' for more detail.
**WARN: (IMPCTE-290):	Could not locate cell INVX1 in any library for view bestcase.
Type 'man IMPCTE-290' for more detail.
**WARN: (IMPCTE-290):	Could not locate cell INVX1 in any library for view bestcase.
Type 'man IMPCTE-290' for more detail.
**WARN: (IMPCTE-290):	Could not locate cell INVX1 in any library for view bestcase.
Type 'man IMPCTE-290' for more detail.
**WARN: (IMPCTE-290):	Could not locate cell INVX1 in any library for view bestcase.
Type 'man IMPCTE-290' for more detail.
**WARN: (IMPCTE-290):	Could not locate cell INVX1 in any library for view bestcase.
Type 'man IMPCTE-290' for more detail.
**WARN: (IMPCTE-290):	Could not locate cell INVX1 in any library for view bestcase.
Type 'man IMPCTE-290' for more detail.
**WARN: (IMPCTE-290):	Could not locate cell INVX1 in any library for view bestcase.
Type 'man IMPCTE-290' for more detail.
**WARN: (IMPCTE-290):	Could not locate cell INVX1 in any library for view bestcase.
Type 'man IMPCTE-290' for more detail.
**WARN: (IMPCTE-290):	Could not locate cell INVX1 in any library for view bestcase.
Type 'man IMPCTE-290' for more detail.
**WARN: (IMPCTE-290):	Could not locate cell INVX1 in any library for view bestcase.
Type 'man IMPCTE-290' for more detail.
**WARN: (IMPCTE-290):	Could not locate cell INVX1 in any library for view bestcase.
Type 'man IMPCTE-290' for more detail.
**WARN: (IMPCTE-290):	Could not locate cell INVX1 in any library for view bestcase.
Type 'man IMPCTE-290' for more detail.
**WARN: (IMPCTE-290):	Could not locate cell INVX1 in any library for view bestcase.
Type 'man IMPCTE-290' for more detail.
**WARN: (IMPCTE-290):	Could not locate cell INVX1 in any library for view bestcase.
Type 'man IMPCTE-290' for more detail.
**WARN: (IMPCTE-290):	Could not locate cell INVX1 in any library for view bestcase.
Type 'man IMPCTE-290' for more detail.
**WARN: (EMS-27):	Message (IMPCTE-290) has exceeded the current message display limit of 20.
To increase the message display limit, refer to the product command reference manual.
INFO (CTE): Reading of timing constraints file alarm_constraints_1.sdc completed, with 2 WARNING
Ending "Constraint file reading stats" (total cpu=0:00:00.0, real=0:00:00.0, peak res=1408.3M, current mem=1408.3M)
Current (total cpu=0:01:04, real=0:07:06, peak res=1408.3M, current mem=1408.3M)
Total number of combinational cells: 317
Total number of sequential cells: 152
Total number of tristate cells: 10
Total number of level shifter cells: 0
Total number of power gating cells: 0
Total number of isolation cells: 0
Total number of power switch cells: 0
Total number of pulse generator cells: 0
Total number of always on buffers: 0
Total number of retention cells: 0
List of usable buffers: BUFX2 BUFX12 BUFX16 BUFX20 CLKBUFX2 BUFX3 BUFX4 BUFX6 BUFX8 CLKBUFX12 CLKBUFX16 CLKBUFX20 CLKBUFX3 CLKBUFX4 CLKBUFX6 CLKBUFX8
Total number of usable buffers: 16
List of unusable buffers:
Total number of unusable buffers: 0
List of usable inverters: CLKINVX1 CLKINVX2 CLKINVX12 CLKINVX16 CLKINVX20 CLKINVX3 CLKINVX4 CLKINVX6 CLKINVX8 INVX1 INVX2 INVX12 INVX16 INVX20 INVXL INVX3 INVX4 INVX6 INVX8
Total number of usable inverters: 19
List of unusable inverters:
Total number of unusable inverters: 0
List of identified usable delay cells: DLY1X1 DLY1X4 DLY2X1 DLY2X4 DLY3X1 DLY3X4 DLY4X1 DLY4X4
Total number of identified usable delay cells: 8
List of identified unusable delay cells:
Total number of identified unusable delay cells: 0

*** Summary of all messages that are not suppressed in this session:
Severity  ID               Count  Summary                                  
WARNING   IMPLF-151           49  The viaRule '%s' has been defined, the c...
WARNING   IMPLF-58           974  MACRO '%s' has been found in the databas...
WARNING   IMPLF-61             1  %d duplicated MACRO definitions have bee...
WARNING   IMPLF-200            1  Pin '%s' in macro '%s' has no ANTENNAGAT...
ERROR     IMPLF-223          206  The LEF via '%s' definition already exis...
WARNING   IMPLF-105            4  The layer '%s' specified in SAMENET spac...
WARNING   IMPLF-119           27  LAYER '%s' has been found in the databas...
WARNING   IMPFP-3961           2  The techSite '%s' has no related standar...
WARNING   IMPVL-346            1  Module '%s' is instantiated in the netli...
WARNING   IMPVL-159          958  Pin '%s' of cell '%s' is defined in LEF ...
WARNING   IMPDB-2504           1  Unable to find netlist cell in the desig...
WARNING   IMPCTE-290          76  Could not locate cell %s in any library ...
WARNING   TCLCMD-1461          2  Skipped unsupported command: %s          
*** Message Summary: 2096 warning(s), 206 error(s)

<CMD> fit
<CMD> getIoFlowFlag
<CMD> setIoFlowFlag 0
<CMD> floorPlan -site gsclib090site -r 1 0.6 15 15 15 15
**WARN: (IMPFP-3961):	The techSite 'pad' has no related standard cells in the LEF/OA library. The calculations for this site type cannot be made unless standard cell models of this type exist in the LEF/OA library. Ignore this warning if the SITE is not used by the library. Alternatively, remove the SITE definition for the LEF/OA library to avoid this message.
Type 'man IMPFP-3961' for more detail.
**WARN: (IMPFP-3961):	The techSite 'corner' has no related standard cells in the LEF/OA library. The calculations for this site type cannot be made unless standard cell models of this type exist in the LEF/OA library. Ignore this warning if the SITE is not used by the library. Alternatively, remove the SITE definition for the LEF/OA library to avoid this message.
Type 'man IMPFP-3961' for more detail.
Horizontal Layer M1 offset = 290 (derived)
Vertical Layer M2 offset = 290 (derived)
Start create_tracks
Generated pitch 0.29 in Metal8 is different from 0.87 defined in technology file in unpreferred direction.
**WARN: (IMPFP-325):	Floorplan of the design is resized. All current floorplan objects are automatically derived based on specified new floorplan. This may change blocks, fixed standard cells, existing routes and blockages.
<CMD> uiSetTool select
<CMD> getIoFlowFlag
<CMD> fit
<CMD> set sprCreateIeRingOffset 1.0
<CMD> set sprCreateIeRingThreshold 1.0
<CMD> set sprCreateIeRingJogDistance 1.0
<CMD> set sprCreateIeRingLayers {}
<CMD> set sprCreateIeRingOffset 1.0
<CMD> set sprCreateIeRingThreshold 1.0
<CMD> set sprCreateIeRingJogDistance 1.0
<CMD> set sprCreateIeRingLayers {}
<CMD> set sprCreateIeStripeWidth 10.0
<CMD> set sprCreateIeStripeThreshold 1.0
<CMD> set sprCreateIeStripeWidth 10.0
<CMD> set sprCreateIeStripeThreshold 1.0
<CMD> set sprCreateIeRingOffset 1.0
<CMD> set sprCreateIeRingThreshold 1.0
<CMD> set sprCreateIeRingJogDistance 1.0
<CMD> set sprCreateIeRingLayers {}
<CMD> set sprCreateIeStripeWidth 10.0
<CMD> set sprCreateIeStripeThreshold 1.0
<CMD> setAddRingMode -ring_target default -extend_over_row 0 -ignore_rows 0 -avoid_short 0 -skip_crossing_trunks none -stacked_via_top_layer Metal9 -stacked_via_bottom_layer Metal1 -via_using_exact_crossover_size 1 -orthogonal_only true -skip_via_on_pin {  standardcell } -skip_via_on_wire_shape {  noshape }
The ring targets are set to core/block ring wires.
addRing command will consider rows while creating rings.
addRing command will disallow rings to go over rows.
addRing command will ignore shorts while creating rings.
<CMD> addRing -nets {VDD VSS} -type core_rings -follow core -layer {top Metal9 bottom Metal9 left Metal8 right Metal8} -width {top 4 bottom 4 left 4 right 4} -spacing {top 2 bottom 2 left 2 right 2} -offset {top 1.8 bottom 1.8 left 1.8 right 1.8} -center 1 -threshold 0 -jog_distance 0 -snap_wire_center_to_grid None


viaInitial starts at Sat Mar  7 16:43:38 2026
viaInitial ends at Sat Mar  7 16:43:38 2026
Loading cell geometries (cpu: 0:00:00.0, real: 0:00:00.0, peak mem: 1729.5M)
Ring generation is complete.
vias are now being generated.
addRing created 8 wires.
ViaGen created 8 vias, deleted 0 via to avoid violation.
+--------+----------------+----------------+
|  Layer |     Created    |     Deleted    |
+--------+----------------+----------------+
| Metal8 |        4       |       NA       |
|  Via8  |        8       |        0       |
| Metal9 |        4       |       NA       |
+--------+----------------+----------------+
<CMD> set sprCreateIeRingOffset 1.0
<CMD> set sprCreateIeRingThreshold 1.0
<CMD> set sprCreateIeRingJogDistance 1.0
<CMD> set sprCreateIeRingLayers {}
<CMD> set sprCreateIeRingOffset 1.0
<CMD> set sprCreateIeRingThreshold 1.0
<CMD> set sprCreateIeRingJogDistance 1.0
<CMD> set sprCreateIeRingLayers {}
<CMD> set sprCreateIeStripeWidth 10.0
<CMD> set sprCreateIeStripeThreshold 1.0
<CMD> set sprCreateIeStripeWidth 10.0
<CMD> set sprCreateIeStripeThreshold 1.0
<CMD> set sprCreateIeRingOffset 1.0
<CMD> set sprCreateIeRingThreshold 1.0
<CMD> set sprCreateIeRingJogDistance 1.0
<CMD> set sprCreateIeRingLayers {}
<CMD> set sprCreateIeStripeWidth 10.0
<CMD> set sprCreateIeStripeThreshold 1.0
<CMD> setAddStripeMode -ignore_block_check false -break_at none -route_over_rows_only false -rows_without_stripes_only false -extend_to_closest_target none -stop_at_last_wire_for_area false -partial_set_thru_domain false -ignore_nondefault_domains false -trim_antenna_back_to_shape none -spacing_type edge_to_edge -spacing_from_block 0 -stripe_min_length stripe_width -stacked_via_top_layer Metal9 -stacked_via_bottom_layer Metal1 -via_using_exact_crossover_size false -split_vias false -orthogonal_only true -allow_jog { padcore_ring  block_ring } -skip_via_on_pin {  standardcell } -skip_via_on_wire_shape {  noshape   }
addStripe will allow jog to connect padcore ring and block ring.

Stripes will stop at the boundary of the specified area.
When breaking rings, the power planner will consider the existence of blocks.
Stripes will not extend to closest target.
The power planner will set stripe antenna targets to none (no trimming allowed).
Stripes will not be created over regions without power planning wires.
The entire stripe set will break at the domain if one of the nets is not in the domain.
addStripe will break automatically at non-default domains when generating global stripes over the core area or default domain.
Offset for stripe breaking is set to 0.
<CMD> addStripe -nets {VDD VSS} -layer Metal9 -direction horizontal -width 4 -spacing 2 -number_of_sets 2 -start_from bottom -switch_layer_over_obs false -max_same_layer_jog_length 2 -padcore_ring_top_layer_limit Metal9 -padcore_ring_bottom_layer_limit Metal1 -block_ring_top_layer_limit Metal9 -block_ring_bottom_layer_limit Metal1 -use_wire_group 0 -snap_wire_center_to_grid None

Initialize fgc environment(mem: 1739.7M) ...  fail and won't use fgc to check drc(cpu: 0:00:00.0, real: 0:00:00.0, peak mem: 1739.7M)
Loading cell geometries (cpu: 0:00:00.0, real: 0:00:00.0, peak mem: 1739.7M)
Loading wires (cpu: 0:00:00.0, real: 0:00:00.0, peak mem: 1739.7M)
Loading via instances (cpu: 0:00:00.0, real: 0:00:00.0, peak mem: 1739.7M)
Starting stripe generation ...
Non-Default Mode Option Settings :
  NONE
Stripe generation is complete.
vias are now being generated.
addStripe created 4 wires.
ViaGen created 8 vias, deleted 0 via to avoid violation.
+--------+----------------+----------------+
|  Layer |     Created    |     Deleted    |
+--------+----------------+----------------+
|  Via8  |        8       |        0       |
| Metal9 |        4       |       NA       |
+--------+----------------+----------------+
<CMD> setAddStripeMode -ignore_block_check false -break_at none -route_over_rows_only false -rows_without_stripes_only false -extend_to_closest_target none -stop_at_last_wire_for_area false -partial_set_thru_domain false -ignore_nondefault_domains false -trim_antenna_back_to_shape none -spacing_type edge_to_edge -spacing_from_block 0 -stripe_min_length stripe_width -stacked_via_top_layer Metal9 -stacked_via_bottom_layer Metal1 -via_using_exact_crossover_size false -split_vias false -orthogonal_only true -allow_jog { padcore_ring  block_ring } -skip_via_on_pin {  standardcell } -skip_via_on_wire_shape {  noshape   }
addStripe will allow jog to connect padcore ring and block ring.

Stripes will stop at the boundary of the specified area.
When breaking rings, the power planner will consider the existence of blocks.
Stripes will not extend to closest target.
The power planner will set stripe antenna targets to none (no trimming allowed).
Stripes will not be created over regions without power planning wires.
The entire stripe set will break at the domain if one of the nets is not in the domain.
addStripe will break automatically at non-default domains when generating global stripes over the core area or default domain.
Offset for stripe breaking is set to 0.
<CMD> addStripe -nets {VDD VSS} -layer Metal8 -direction vertical -width 4 -spacing 2 -number_of_sets 2 -start_from left -switch_layer_over_obs false -max_same_layer_jog_length 2 -padcore_ring_top_layer_limit Metal9 -padcore_ring_bottom_layer_limit Metal1 -block_ring_top_layer_limit Metal9 -block_ring_bottom_layer_limit Metal1 -use_wire_group 0 -snap_wire_center_to_grid None

Initialize fgc environment(mem: 1739.7M) ...  fail and won't use fgc to check drc(cpu: 0:00:00.0, real: 0:00:00.0, peak mem: 1739.7M)
Loading cell geometries (cpu: 0:00:00.0, real: 0:00:00.0, peak mem: 1739.7M)
Loading wires (cpu: 0:00:00.0, real: 0:00:00.0, peak mem: 1739.7M)
Loading via instances (cpu: 0:00:00.0, real: 0:00:00.0, peak mem: 1739.7M)
Starting stripe generation ...
Non-Default Mode Option Settings :
  NONE
Stripe generation is complete.
vias are now being generated.
addStripe created 4 wires.
ViaGen created 16 vias, deleted 0 via to avoid violation.
+--------+----------------+----------------+
|  Layer |     Created    |     Deleted    |
+--------+----------------+----------------+
| Metal8 |        4       |       NA       |
|  Via8  |       16       |        0       |
+--------+----------------+----------------+
<CMD> setRouteMode -earlyGlobalHonorMsvRouteConstraint false -earlyGlobalRoutePartitionPinGuide true
<CMD> setEndCapMode -reset
<CMD> setEndCapMode -boundary_tap false
<CMD> setNanoRouteMode -quiet -droutePostRouteSpreadWire 1
<CMD> setNanoRouteMode -quiet -droutePostRouteWidenWireRule LEFDefaultRouteSpec_gpdk090
<CMD> setNanoRouteMode -quiet -timingEngine {}
<CMD> setUsefulSkewMode -noBoundary false -maxAllowedDelay 1
<CMD> setPlaceMode -reset
<CMD> setPlaceMode -congEffort auto -timingDriven 1 -clkGateAware 1 -powerDriven 0 -ignoreScan 1 -reorderScan 1 -ignoreSpare 0 -placeIOPins 1 -moduleAwareSpare 0 -preserveRouting 1 -rmAffectedRouting 0 -checkRoute 0 -swapEEQ 0
<CMD> setRouteMode -earlyGlobalHonorMsvRouteConstraint false -earlyGlobalRoutePartitionPinGuide true
<CMD> setEndCapMode -reset
<CMD> setEndCapMode -boundary_tap false
<CMD> setUsefulSkewMode -noBoundary false -maxAllowedDelay 1
<CMD> setPlaceMode -fp false
<CMD> place_design
*** placeDesign #1 [begin] : totSession cpu/real = 0:01:50.5/0:17:50.1 (0.1), mem = 1739.7M
*** Starting placeDesign default flow ***
*** Start deleteBufferTree ***
Info: Detect buffers to remove automatically.
Analyzing netlist ...
Updating netlist

*summary: 0 instances (buffers/inverters) removed
*** Finish deleteBufferTree (0:00:00.1) ***
**INFO: Enable pre-place timing setting for timing analysis
Set Using Default Delay Limit as 101.
**WARN: (IMPDC-1629):	The default delay limit was set to 101. This is less than the default of 1000 and may result in inaccurate delay calculation for nets with a fanout higher than the setting.  If needed, the default delay limit may be adjusted by running the command 'set delaycal_use_default_delay_limit'.
Set Default Net Delay as 0 ps.
Set Default Net Load as 0 pF. 
Set Default Input Pin Transition as 1 ps.
**INFO: Analyzing IO path groups for slack adjustment
Effort level <high> specified for reg2reg_tmp.29017 path_group
AAE_INFO: opIsDesignInPostRouteState() is 0
AAE DB initialization (MEM=1854.23 CPU=0:00:00.0 REAL=0:00:00.0) 
#################################################################################
# Design Stage: PreRoute
# Design Name: alarm_clock_top
# Design Mode: 90nm
# Analysis Mode: MMMC Non-OCV 
# Parasitics Mode: No SPEF/RCDB 
# Signoff Settings: SI Off 
#################################################################################
Calculate delays in BcWc mode...
Start delay calculation (fullDC) (1 T). (MEM=1857.23)
Total number of fetched objects 356
End delay calculation. (MEM=2014.84 CPU=0:00:00.0 REAL=0:00:00.0)
End delay calculation (fullDC). (MEM=2014.84 CPU=0:00:00.0 REAL=0:00:00.0)
**INFO: Disable pre-place timing setting for timing analysis
Set Using Default Delay Limit as 1000.
Set Default Net Delay as 1000 ps.
Set Default Input Pin Transition as 0.1 ps.
Set Default Net Load as 0.5 pF. 
**INFO: Pre-place timing setting for timing analysis already disabled
Deleted 0 physical inst  (cell - / prefix -).
INFO: #ExclusiveGroups=0
INFO: There are no Exclusive Groups.
Extracting standard cell pins and blockage ...... 
Pin and blockage extraction finished
Extracting macro/IO cell pins and blockage ...... 
Pin and blockage extraction finished
*** Starting "NanoPlace(TM) placement v#6 (mem=1997.3M)" ...
*** Build Buffered Sizing Timing Model
(cpu=0:00:00.8 mem=2005.3M) ***
*** Build Virtual Sizing Timing Model
(cpu=0:00:00.9 mem=2005.3M) ***
No user-set net weight.
Net fanout histogram:
2		: 220 (61.6%) nets
3		: 38 (10.6%) nets
4     -	14	: 95 (26.6%) nets
15    -	39	: 2 (0.6%) nets
40    -	79	: 2 (0.6%) nets
80    -	159	: 0 (0.0%) nets
160   -	319	: 0 (0.0%) nets
320   -	639	: 0 (0.0%) nets
640   -	1279	: 0 (0.0%) nets
1280  -	2559	: 0 (0.0%) nets
2560  -	5119	: 0 (0.0%) nets
5120+		: 0 (0.0%) nets
Options: timingDriven clkGateAware ignoreScan pinGuide congEffort=auto gpeffort=medium 
**WARN: (IMPSP-9042):	Scan chains were not defined, -place_global_ignore_scan option will be ignored.
Define the scan chains before using this option.
Type 'man IMPSP-9042' for more detail.
#std cell=336 (0 fixed + 336 movable) #buf cell=0 #inv cell=32 #block=0 (0 floating + 0 preplaced)
#ioInst=0 #net=357 #term=1190 #term/net=3.33, #fixedIo=0, #floatIo=0, #fixedPin=0, #floatPin=54
stdCell: 336 single + 0 double + 0 multi
Total standard cell length = 0.8654 (mm), area = 0.0023 (mm^2)
Estimated cell power/ground rail width = 0.326 um
Average module density = 0.598.
Density for the design = 0.598.
       = stdcell_area 2984 sites (2259 um^2) / alloc_area 4991 sites (3778 um^2).
Pin Density = 0.2384.
            = total # of pins 1190 / total area 4991.
=== lastAutoLevel = 6 
Clock gating cells determined by native netlist tracing.
Iteration  1: Total net bbox = 1.809e-11 (9.59e-12 8.50e-12)
              Est.  stn bbox = 1.912e-11 (1.02e-11 8.93e-12)
              cpu = 0:00:00.0 real = 0:00:00.0 mem = 2032.5M
Iteration  2: Total net bbox = 1.809e-11 (9.59e-12 8.50e-12)
              Est.  stn bbox = 1.912e-11 (1.02e-11 8.93e-12)
              cpu = 0:00:00.0 real = 0:00:00.0 mem = 2032.5M
Iteration  3: Total net bbox = 4.127e+00 (1.88e+00 2.25e+00)
              Est.  stn bbox = 5.263e+00 (2.33e+00 2.93e+00)
              cpu = 0:00:00.0 real = 0:00:00.0 mem = 2034.9M
Active setup views:
    worstcase
Iteration  4: Total net bbox = 1.231e+03 (4.80e+02 7.51e+02)
              Est.  stn bbox = 1.576e+03 (6.33e+02 9.43e+02)
              cpu = 0:00:00.1 real = 0:00:00.0 mem = 2034.9M
Iteration  5: Total net bbox = 1.778e+03 (7.79e+02 9.99e+02)
              Est.  stn bbox = 2.233e+03 (9.72e+02 1.26e+03)
              cpu = 0:00:00.1 real = 0:00:00.0 mem = 2034.9M
Iteration  6: Total net bbox = 2.291e+03 (1.02e+03 1.28e+03)
              Est.  stn bbox = 2.800e+03 (1.23e+03 1.57e+03)
              cpu = 0:00:00.0 real = 0:00:00.0 mem = 2034.9M
Iteration  7: Total net bbox = 2.931e+03 (1.34e+03 1.59e+03)
              Est.  stn bbox = 3.464e+03 (1.57e+03 1.90e+03)
              cpu = 0:00:00.1 real = 0:00:00.0 mem = 2035.9M
Iteration  8: Total net bbox = 2.657e+03 (1.24e+03 1.42e+03)
              Est.  stn bbox = 3.162e+03 (1.46e+03 1.71e+03)
              cpu = 0:00:00.0 real = 0:00:00.0 mem = 2036.9M
Iteration  9: Total net bbox = 4.117e+03 (1.77e+03 2.35e+03)
              Est.  stn bbox = 4.802e+03 (2.06e+03 2.74e+03)
              cpu = 0:00:00.0 real = 0:00:00.0 mem = 2036.9M
Iteration 10: Total net bbox = 4.117e+03 (1.77e+03 2.35e+03)
              Est.  stn bbox = 4.802e+03 (2.06e+03 2.74e+03)
              cpu = 0:00:00.0 real = 0:00:00.0 mem = 2036.9M
*** cost = 4.117e+03 (1.77e+03 2.35e+03) (cpu for global=0:00:00.4) real=0:00:01.0***
Info: 0 clock gating cells identified, 0 (on average) moved 0/2
Solver runtime cpu: 0:00:00.4 real: 0:00:00.3
Core Placement runtime cpu: 0:00:00.4 real: 0:00:01.0
**WARN: (IMPSP-9025):	No scan chain specified/traced.
Type 'man IMPSP-9025' for more detail.
*** Starting refinePlace (0:01:53 mem=2036.9M) ***
Total net bbox length = 4.141e+03 (1.799e+03 2.342e+03) (ext = 1.328e+03)
Move report: Detail placement moves 336 insts, mean move: 0.41 um, max move: 7.94 um 
	Max move on inst (tg/g742__5107): (53.82, 62.05) --> (59.16, 59.45)
	Runtime: CPU: 0:00:00.0 REAL: 0:00:00.0 MEM: 2060.9MB
Summary Report:
Instances move: 336 (out of 336 movable)
Instances flipped: 0
Mean displacement: 0.41 um
Max displacement: 7.94 um (Instance: tg/g742__5107) (53.819, 62.0495) -> (59.16, 59.45)
	Length: 6 sites, height: 1 rows, site name: gsclib090site, cell type: NOR2BXL
Total net bbox length = 3.983e+03 (1.650e+03 2.334e+03) (ext = 1.320e+03)
Runtime: CPU: 0:00:00.0 REAL: 0:00:00.0 MEM: 2060.9MB
*** Finished refinePlace (0:01:53 mem=2060.9M) ***
*** End of Placement (cpu=0:00:01.5, real=0:00:02.0, mem=2060.9M) ***
default core: bins with density > 0.750 =  0.00 % ( 0 / 9 )
Density distribution unevenness ratio = 0.798%
*** Free Virtual Timing Model ...(mem=2060.9M)
Starting IO pin assignment...
The design is not routed. Using placement based method for pin assignment.
Completed IO pin assignment.
**INFO: Enable pre-place timing setting for timing analysis
Set Using Default Delay Limit as 101.
**WARN: (IMPDC-1629):	The default delay limit was set to 101. This is less than the default of 1000 and may result in inaccurate delay calculation for nets with a fanout higher than the setting.  If needed, the default delay limit may be adjusted by running the command 'set delaycal_use_default_delay_limit'.
Set Default Net Delay as 0 ps.
Set Default Net Load as 0 pF. 
**INFO: Analyzing IO path groups for slack adjustment
Effort level <high> specified for reg2reg_tmp.29017 path_group
AAE_INFO: opIsDesignInPostRouteState() is 0
#################################################################################
# Design Stage: PreRoute
# Design Name: alarm_clock_top
# Design Mode: 90nm
# Analysis Mode: MMMC Non-OCV 
# Parasitics Mode: No SPEF/RCDB 
# Signoff Settings: SI Off 
#################################################################################
Calculate delays in BcWc mode...
Start delay calculation (fullDC) (1 T). (MEM=2049.36)
Total number of fetched objects 356
End delay calculation. (MEM=2092.57 CPU=0:00:00.0 REAL=0:00:00.0)
End delay calculation (fullDC). (MEM=2092.57 CPU=0:00:00.0 REAL=0:00:00.0)
**INFO: Disable pre-place timing setting for timing analysis
Set Using Default Delay Limit as 1000.
Set Default Net Delay as 1000 ps.
Set Default Net Load as 0.5 pF. 
Info: Disable timing driven in postCTS congRepair.

Starting congRepair ...
[NR-eGR] Track table information for default rule: 
[NR-eGR] Metal1 has single uniform track structure
[NR-eGR] Metal2 has single uniform track structure
[NR-eGR] Metal3 has single uniform track structure
[NR-eGR] Metal4 has single uniform track structure
[NR-eGR] Metal5 has single uniform track structure
[NR-eGR] Metal6 has single uniform track structure
[NR-eGR] Metal7 has single uniform track structure
[NR-eGR] Metal8 has single uniform track structure
[NR-eGR] Metal9 has single uniform track structure
[NR-eGR] Read 80 PG shapes
[NR-eGR] Read 0 clock shapes
[NR-eGR] Read 0 other shapes
[NR-eGR] #Routing Blockages  : 0
[NR-eGR] #Instance Blockages : 0
[NR-eGR] #PG Blockages       : 80
[NR-eGR] #Halo Blockages     : 0
[NR-eGR] #Boundary Blockages : 0
[NR-eGR] #Clock Blockages    : 0
[NR-eGR] #Other Blockages    : 0
[NR-eGR] Num Prerouted Nets = 0  Num Prerouted Wires = 0
[NR-eGR] Read 357 nets ( ignored 0 )
[NR-eGR] There are 1 clock nets ( 0 with NDR ).
[NR-eGR] ============ Routing rule table ============
[NR-eGR] Rule id: 0  Nets: 357
[NR-eGR] ========================================
[NR-eGR] 
[NR-eGR] Layer group 1: route 357 net(s) in layer range [2, 9]
[NR-eGR] Early Global Route overflow of layer group 1: 0.00% H + 0.00% V. EstWL: 4.525740e+03um
[NR-eGR] Congestion Analysis By layer: (blocked Gcells are excluded) 
[NR-eGR]                        OverCon            
[NR-eGR]                         #Gcell     %Gcell
[NR-eGR]        Layer             (1-0)    OverCon
[NR-eGR] ----------------------------------------------
[NR-eGR]  Metal1 ( 1)         0( 0.00%)   ( 0.00%) 
[NR-eGR]  Metal2 ( 2)         0( 0.00%)   ( 0.00%) 
[NR-eGR]  Metal3 ( 3)         0( 0.00%)   ( 0.00%) 
[NR-eGR]  Metal4 ( 4)         0( 0.00%)   ( 0.00%) 
[NR-eGR]  Metal5 ( 5)         0( 0.00%)   ( 0.00%) 
[NR-eGR]  Metal6 ( 6)         0( 0.00%)   ( 0.00%) 
[NR-eGR]  Metal7 ( 7)         0( 0.00%)   ( 0.00%) 
[NR-eGR]  Metal8 ( 8)         0( 0.00%)   ( 0.00%) 
[NR-eGR]  Metal9 ( 9)         0( 0.00%)   ( 0.00%) 
[NR-eGR] ----------------------------------------------
[NR-eGR]        Total         0( 0.00%)   ( 0.00%) 
[NR-eGR] 
[NR-eGR] Overflow after Early Global Route 0.00% H + 0.00% V
Early Global Route congestion estimation runtime: 0.01 seconds, mem = 2091.1M
Local HotSpot Analysis: normalized max congestion hotspot area = 0.00, normalized total congestion hotspot area = 0.00 (area is in unit of 4 std-cell row bins)
Skipped repairing congestion.
[NR-eGR]                 Length (um)  Vias 
[NR-eGR] ----------------------------------
[NR-eGR]  Metal1  (1H)             0  1136 
[NR-eGR]  Metal2  (2V)          2615  1641 
[NR-eGR]  Metal3  (3H)          2040    33 
[NR-eGR]  Metal4  (4V)           163     5 
[NR-eGR]  Metal5  (5H)            18     4 
[NR-eGR]  Metal6  (6V)            74     1 
[NR-eGR]  Metal7  (7H)             0     1 
[NR-eGR]  Metal8  (8V)             0     0 
[NR-eGR]  Metal9  (9H)             0     0 
[NR-eGR] ----------------------------------
[NR-eGR]          Total         4911  2821 
[NR-eGR] --------------------------------------------------------------------------
[NR-eGR] Total half perimeter of net bounding box: 3963um
[NR-eGR] Total length: 4911um, number of vias: 2821
[NR-eGR] --------------------------------------------------------------------------
[NR-eGR] Total eGR-routed clock nets wire length: 426um, number of vias: 187
[NR-eGR] --------------------------------------------------------------------------
Early Global Route wiring runtime: 0.00 seconds, mem = 2028.1M
Tdgp not successfully inited but do clear! skip clearing
End of congRepair (cpu=0:00:00.0, real=0:00:00.0)
*** Finishing placeDesign default flow ***
**placeDesign ... cpu = 0: 0: 2, real = 0: 0: 4, mem = 2028.1M **
Tdgp not successfully inited but do clear! skip clearing

*** Summary of all messages that are not suppressed in this session:
Severity  ID               Count  Summary                                  
WARNING   IMPDC-1629           2  The default delay limit was set to %d. T...
WARNING   IMPSP-9025           1  No scan chain specified/traced.          
WARNING   IMPSP-9042           1  Scan chains were not defined, -place_glo...
*** Message Summary: 4 warning(s), 0 error(s)

*** placeDesign #1 [finish] : cpu/real = 0:00:02.4/0:00:03.4 (0.7), totSession cpu/real = 0:01:52.9/0:17:53.5 (0.1), mem = 2028.1M
<CMD> saveDesign placement.enc
#% Begin save design ... (date=03/07 16:46:54, mem=1833.7M)
% Begin Save ccopt configuration ... (date=03/07 16:46:54, mem=1833.7M)
% End Save ccopt configuration ... (date=03/07 16:46:54, total cpu=0:00:00.0, real=0:00:00.0, peak res=1835.3M, current mem=1835.3M)
% Begin Save netlist data ... (date=03/07 16:46:54, mem=1835.3M)
Writing Binary DB to placement.enc.dat/alarm_clock_top.v.bin in single-threaded mode...
% End Save netlist data ... (date=03/07 16:46:54, total cpu=0:00:00.0, real=0:00:00.0, peak res=1835.6M, current mem=1835.6M)
Saving symbol-table file ...
Saving congestion map file placement.enc.dat/alarm_clock_top.route.congmap.gz ...
% Begin Save AAE data ... (date=03/07 16:46:55, mem=1836.2M)
Saving AAE Data ...
% End Save AAE data ... (date=03/07 16:46:55, total cpu=0:00:00.0, real=0:00:00.0, peak res=1836.2M, current mem=1836.2M)
Saving preference file placement.enc.dat/gui.pref.tcl ...
Saving mode setting ...
Saving global file ...
% Begin Save floorplan data ... (date=03/07 16:46:55, mem=1838.0M)
Saving floorplan file ...
% End Save floorplan data ... (date=03/07 16:46:55, total cpu=0:00:00.0, real=0:00:00.0, peak res=1838.1M, current mem=1838.1M)
Saving Drc markers ...
... No Drc file written since there is no markers found.
% Begin Save placement data ... (date=03/07 16:46:55, mem=1838.1M)
** Saving stdCellPlacement_binary (version# 2) ...
Save Adaptive View Pruning View Names to Binary file
% End Save placement data ... (date=03/07 16:46:55, total cpu=0:00:00.0, real=0:00:00.0, peak res=1838.4M, current mem=1838.4M)
% Begin Save routing data ... (date=03/07 16:46:55, mem=1838.4M)
Saving route file ...
*** Completed saveRoute (cpu=0:00:00.0 real=0:00:00.0 mem=2032.8M) ***
% End Save routing data ... (date=03/07 16:46:55, total cpu=0:00:00.0, real=0:00:00.0, peak res=1838.6M, current mem=1838.6M)
Saving property file placement.enc.dat/alarm_clock_top.prop
*** Completed saveProperty (cpu=0:00:00.0 real=0:00:00.0 mem=2035.8M) ***
% Begin Save power constraints data ... (date=03/07 16:46:55, mem=1839.8M)
% End Save power constraints data ... (date=03/07 16:46:55, total cpu=0:00:00.0, real=0:00:00.0, peak res=1839.8M, current mem=1839.8M)
rc_corners
Generated self-contained design placement.enc.dat
#% End save design ... (date=03/07 16:46:55, total cpu=0:00:00.2, real=0:00:01.0, peak res=1868.6M, current mem=1837.3M)
*** Message Summary: 0 warning(s), 0 error(s)

<CMD> redirect -quiet {set honorDomain [getAnalysisMode -honorClockDomains]} > /dev/null
<CMD> timeDesign -preCTS -pathReports -drvReports -slackReports -numPaths 50 -prefix alarm_clock_top_preCTS -outDir timingReports
AAE DB initialization (MEM=2051.82 CPU=0:00:00.0 REAL=0:00:00.0) 
*** timeDesign #1 [begin] : totSession cpu/real = 0:01:56.6/0:18:38.9 (0.1), mem = 2051.8M
Setting timing_disable_library_data_to_data_checks to 'true'.
Setting timing_disable_user_data_to_data_checks to 'true'.
Start to check current routing status for nets...
All nets are already routed correctly.
End to check current routing status for nets (mem=2041.8M)
Extraction called for design 'alarm_clock_top' of instances=336 and nets=360 using extraction engine 'preRoute' .
**WARN: (IMPEXT-3530):	The process node is not set. Use the command setDesignMode -process <process node> prior to extraction for maximum accuracy and optimal automatic threshold setting.
Type 'man IMPEXT-3530' for more detail.
PreRoute RC Extraction called for design alarm_clock_top.
RC Extraction called in multi-corner(1) mode.
RCMode: PreRoute
      RC Corner Indexes            0   
Capacitance Scaling Factor   : 1.00000 
Resistance Scaling Factor    : 1.00000 
Clock Cap. Scaling Factor    : 1.00000 
Clock Res. Scaling Factor    : 1.00000 
Shrink Factor                : 1.00000
PreRoute extraction is honoring NDR/Shielding/ExtraSpace for clock nets.
Using capacitance table file ...
Updating RC grid for preRoute extraction ...
Initializing multi-corner capacitance tables ... 
Initializing multi-corner resistance tables ...
PreRoute RC Extraction DONE (CPU Time: 0:00:00.0  Real Time: 0:00:00.0  MEM: 2041.820M)
Starting delay calculation for Setup views
AAE_INFO: opIsDesignInPostRouteState() is 0
#################################################################################
# Design Stage: PreRoute
# Design Name: alarm_clock_top
# Design Mode: 90nm
# Analysis Mode: MMMC Non-OCV 
# Parasitics Mode: No SPEF/RCDB 
# Signoff Settings: SI Off 
#################################################################################
Calculate delays in BcWc mode...
Start delay calculation (fullDC) (1 T). (MEM=2056.14)
Total number of fetched objects 356
End delay calculation. (MEM=2143.97 CPU=0:00:00.0 REAL=0:00:00.0)
End delay calculation (fullDC). (MEM=2143.97 CPU=0:00:00.0 REAL=0:00:00.0)
*** Done Building Timing Graph (cpu=0:00:00.1 real=0:00:00.0 totSessionCpu=0:01:57 mem=2136.0M)

------------------------------------------------------------------
          timeDesign Summary
------------------------------------------------------------------

Setup views included:
 worstcase 

+--------------------+---------+---------+---------+
|     Setup mode     |   all   | reg2reg | default |
+--------------------+---------+---------+---------+
|           WNS (ns):|  6.415  |  6.415  |  7.142  |
|           TNS (ns):|  0.000  |  0.000  |  0.000  |
|    Violating Paths:|    0    |    0    |    0    |
|          All Paths:|   102   |   67    |   52    |
+--------------------+---------+---------+---------+

+----------------+-------------------------------+------------------+
|                |              Real             |       Total      |
|    DRVs        +------------------+------------+------------------|
|                |  Nr nets(terms)  | Worst Vio  |  Nr nets(terms)  |
+----------------+------------------+------------+------------------+
|   max_cap      |      0 (0)       |   0.000    |      0 (0)       |
|   max_tran     |      0 (0)       |   0.000    |      0 (0)       |
|   max_fanout   |      0 (0)       |     0      |      0 (0)       |
|   max_length   |      0 (0)       |     0      |      0 (0)       |
+----------------+------------------+------------+------------------+

Density: 59.788%
Routing Overflow: 0.00% H and 0.00% V
------------------------------------------------------------------
Reported timing to dir timingReports
Total CPU time: 0.29 sec
Total Real time: 1.0 sec
Total Memory Usage: 2107.386719 Mbytes
*** timeDesign #1 [finish] : cpu/real = 0:00:00.3/0:00:00.8 (0.3), totSession cpu/real = 0:01:56.8/0:18:39.7 (0.1), mem = 2107.4M
<CMD> redirect -quiet {set honorDomain [getAnalysisMode -honorClockDomains]} > /dev/null
<CMD> timeDesign -preCTS -hold -pathReports -slackReports -numPaths 50 -prefix alarm_clock_top_preCTS -outDir timingReports
*** timeDesign #2 [begin] : totSession cpu/real = 0:01:57.3/0:18:46.0 (0.1), mem = 2107.4M
Start to check current routing status for nets...
All nets are already routed correctly.
End to check current routing status for nets (mem=2084.9M)
Starting delay calculation for Hold views
AAE_INFO: opIsDesignInPostRouteState() is 0
#################################################################################
# Design Stage: PreRoute
# Design Name: alarm_clock_top
# Design Mode: 90nm
# Analysis Mode: MMMC Non-OCV 
# Parasitics Mode: No SPEF/RCDB 
# Signoff Settings: SI Off 
#################################################################################
Calculate delays in BcWc mode...
Start delay calculation (fullDC) (1 T). (MEM=2096.43)
*** Calculating scaling factor for min_timing libraries using the default operating condition of each library.
Total number of fetched objects 356
End delay calculation. (MEM=2140.38 CPU=0:00:00.0 REAL=0:00:00.0)
End delay calculation (fullDC). (MEM=2140.38 CPU=0:00:00.0 REAL=0:00:00.0)
Turning on fast DC mode.
*** Done Building Timing Graph (cpu=0:00:00.1 real=0:00:00.0 totSessionCpu=0:01:57 mem=2140.4M)

------------------------------------------------------------------
          timeDesign Summary
------------------------------------------------------------------

Hold views included:
 bestcase 

+--------------------+---------+---------+---------+
|     Hold mode      |   all   | reg2reg | default |
+--------------------+---------+---------+---------+
|           WNS (ns):| -0.214  | -0.214  |  1.738  |
|           TNS (ns):| -8.824  | -8.824  |  0.000  |
|    Violating Paths:|   66    |   66    |    0    |
|          All Paths:|   102   |   67    |   52    |
+--------------------+---------+---------+---------+

Density: 59.788%
Routing Overflow: 0.00% H and 0.00% V
------------------------------------------------------------------
Reported timing to dir timingReports
Total CPU time: 0.21 sec
Total Real time: 0.0 sec
Total Memory Usage: 2071.859375 Mbytes
*** timeDesign #2 [finish] : cpu/real = 0:00:00.2/0:00:00.2 (1.1), totSession cpu/real = 0:01:57.5/0:18:46.2 (0.1), mem = 2071.9M
<CMD> set_ccopt_property target_skew 0.05
<CMD> set_ccopt_property target_max_trans 0.2
<CMD> set_ccopt_property target_max_cap 0.3
**ERROR: (IMPCCOPT-2036):	No property with name target_max_cap could be found.
Enter this command to list the recognized properties: 'set_ccopt_property -help *'

**INFO (INTERRUPT): The current script will stop before next command.
**INFO (INTERRUPT): One more Ctrl-C to exit Innovus ...
<CMD> set_ccopt_property target_skew 0.05
<CMD> set_ccopt_property target_max_trans 0.2
<CMD> set_ccopt_property useful_skew true
**ERROR: (IMPCCOPT-2036):	No property with name useful_skew could be found.
Enter this command to list the recognized properties: 'set_ccopt_property -help *'

<CMD> create_ccopt_clock_tree_spec -file clock_tree.spec
Creating clock tree spec for modes (timing configs): const
extract_clock_generator_skew_groups=true: create_ccopt_clock_tree_spec will generate skew groups with a name prefix of "_clock_gen" to balance clock generator connected flops with the clock generator they drive.
Reset timing graph...
Ignoring AAE DB Resetting ...
Reset timing graph done.
Ignoring AAE DB Resetting ...
Analyzing clock structure...
Analyzing clock structure done.
Reset timing graph...
Ignoring AAE DB Resetting ...
Reset timing graph done.
Wrote: clock_tree.spec
<CMD> set_ccopt_property target_skew 0.05 -clock_tree clk
**ERROR: (IMPCCOPT-2069):	The following arguments are not applicable when setting the property target_skew: "-clock_tree clk"
Optional applicable arguments: "-skew_group <name>", "-delay_corner <name>", "-early" and "-late".

<CMD> create_clock -name clk -period 10 [get_ports clk]
**ERROR: (TCLCMD-1048):	constraints are specified but no constraint mode is enabled interactively.Use man TCLCMD-1048 to check the correct usage example.

<CMD> redirect -quiet {set honorDomain [getAnalysisMode -honorClockDomains]} > /dev/null
<CMD> timeDesign -postCTS -pathReports -drvReports -slackReports -numPaths 50 -prefix alarm_clock_top_postCTS -outDir timingReports
*** timeDesign #3 [begin] : totSession cpu/real = 0:02:19.3/0:23:53.1 (0.1), mem = 2089.2M
Turning off fast DC mode.
Start to check current routing status for nets...
All nets are already routed correctly.
End to check current routing status for nets (mem=2068.2M)
Starting delay calculation for Setup views
AAE_INFO: opIsDesignInPostRouteState() is 0
#################################################################################
# Design Stage: PreRoute
# Design Name: alarm_clock_top
# Design Mode: 90nm
# Analysis Mode: MMMC Non-OCV 
# Parasitics Mode: No SPEF/RCDB 
# Signoff Settings: SI Off 
#################################################################################
Calculate delays in BcWc mode...
Start delay calculation (fullDC) (1 T). (MEM=2082.52)
*** Calculating scaling factor for max_timing libraries using the default operating condition of each library.
Total number of fetched objects 356
End delay calculation. (MEM=2141.73 CPU=0:00:00.0 REAL=0:00:00.0)
End delay calculation (fullDC). (MEM=2141.73 CPU=0:00:00.0 REAL=0:00:00.0)
*** Done Building Timing Graph (cpu=0:00:00.1 real=0:00:00.0 totSessionCpu=0:02:19 mem=2141.7M)

------------------------------------------------------------------
          timeDesign Summary
------------------------------------------------------------------

Setup views included:
 worstcase 

+--------------------+---------+---------+---------+
|     Setup mode     |   all   | reg2reg | default |
+--------------------+---------+---------+---------+
|           WNS (ns):|  6.415  |  6.415  |  7.142  |
|           TNS (ns):|  0.000  |  0.000  |  0.000  |
|    Violating Paths:|    0    |    0    |    0    |
|          All Paths:|   102   |   67    |   52    |
+--------------------+---------+---------+---------+

+----------------+-------------------------------+------------------+
|                |              Real             |       Total      |
|    DRVs        +------------------+------------+------------------|
|                |  Nr nets(terms)  | Worst Vio  |  Nr nets(terms)  |
+----------------+------------------+------------+------------------+
|   max_cap      |      0 (0)       |   0.000    |      0 (0)       |
|   max_tran     |      0 (0)       |   0.000    |      0 (0)       |
|   max_fanout   |      0 (0)       |     0      |      0 (0)       |
|   max_length   |      0 (0)       |     0      |      0 (0)       |
+----------------+------------------+------------+------------------+

Density: 59.788%
Routing Overflow: 0.00% H and 0.00% V
------------------------------------------------------------------
Reported timing to dir timingReports
Total CPU time: 0.19 sec
Total Real time: 1.0 sec
Total Memory Usage: 2111.152344 Mbytes
*** timeDesign #3 [finish] : cpu/real = 0:00:00.2/0:00:00.7 (0.3), totSession cpu/real = 0:02:19.5/0:23:53.8 (0.1), mem = 2111.2M
<CMD> redirect -quiet {set honorDomain [getAnalysisMode -honorClockDomains]} > /dev/null
<CMD> timeDesign -postCTS -hold -pathReports -slackReports -numPaths 50 -prefix alarm_clock_top_postCTS -outDir timingReports
*** timeDesign #4 [begin] : totSession cpu/real = 0:02:19.7/0:23:56.4 (0.1), mem = 2111.2M
Start to check current routing status for nets...
All nets are already routed correctly.
End to check current routing status for nets (mem=2087.6M)
Starting delay calculation for Hold views
AAE_INFO: opIsDesignInPostRouteState() is 0
#################################################################################
# Design Stage: PreRoute
# Design Name: alarm_clock_top
# Design Mode: 90nm
# Analysis Mode: MMMC Non-OCV 
# Parasitics Mode: No SPEF/RCDB 
# Signoff Settings: SI Off 
#################################################################################
Calculate delays in BcWc mode...
Start delay calculation (fullDC) (1 T). (MEM=2099.19)
*** Calculating scaling factor for min_timing libraries using the default operating condition of each library.
Total number of fetched objects 356
End delay calculation. (MEM=2143.14 CPU=0:00:00.0 REAL=0:00:00.0)
End delay calculation (fullDC). (MEM=2143.14 CPU=0:00:00.0 REAL=0:00:00.0)
*** Done Building Timing Graph (cpu=0:00:00.1 real=0:00:00.0 totSessionCpu=0:02:20 mem=2143.1M)

------------------------------------------------------------------
          timeDesign Summary
------------------------------------------------------------------

Hold views included:
 bestcase 

+--------------------+---------+---------+---------+
|     Hold mode      |   all   | reg2reg | default |
+--------------------+---------+---------+---------+
|           WNS (ns):| -0.214  | -0.214  |  1.738  |
|           TNS (ns):| -8.824  | -8.824  |  0.000  |
|    Violating Paths:|   66    |   66    |    0    |
|          All Paths:|   102   |   67    |   52    |
+--------------------+---------+---------+---------+

Density: 59.788%
Routing Overflow: 0.00% H and 0.00% V
------------------------------------------------------------------
Reported timing to dir timingReports
Total CPU time: 0.19 sec
Total Real time: 0.0 sec
Total Memory Usage: 2075.625 Mbytes
*** timeDesign #4 [finish] : cpu/real = 0:00:00.2/0:00:00.2 (1.0), totSession cpu/real = 0:02:19.8/0:23:56.6 (0.1), mem = 2075.6M
<CMD> setOptMode -fixCap true -fixTran true -fixFanoutLoad false
<CMD> optDesign -postCTS -hold
**optDesign ... cpu = 0:00:00, real = 0:00:00, mem = 1881.9M, totSessionCpu=0:02:24 **
*** optDesign #1 [begin] : totSession cpu/real = 0:02:23.7/0:24:49.5 (0.1), mem = 2075.9M
GigaOpt running with 1 threads.
*** InitOpt #1 [begin] (optDesign #1) : totSession cpu/real = 0:02:23.7/0:24:49.5 (0.1), mem = 2075.9M
**INFO: User settings:
setExtractRCMode -engine                            preRoute
setUsefulSkewMode -maxAllowedDelay                  1
setUsefulSkewMode -noBoundary                       false
setDelayCalMode -enable_high_fanout                 true
setDelayCalMode -engine                             aae
setDelayCalMode -ignoreNetLoad                      false
setDelayCalMode -socv_accuracy_mode                 low
setOptMode -fixCap                                  true
setOptMode -fixFanoutLoad                           false
setOptMode -fixTran                                 true
setPlaceMode -place_design_floorplan_mode           false
setPlaceMode -place_detail_check_route              false
setPlaceMode -place_detail_preserve_routing         true
setPlaceMode -place_detail_remove_affected_routing  false
setPlaceMode -place_detail_swap_eeq_cells           false
setPlaceMode -place_global_clock_gate_aware         true
setPlaceMode -place_global_cong_effort              auto
setPlaceMode -place_global_ignore_scan              true
setPlaceMode -place_global_ignore_spare             false
setPlaceMode -place_global_module_aware_spare       false
setPlaceMode -place_global_place_io_pins            true
setPlaceMode -place_global_reorder_scan             true
setPlaceMode -powerDriven                           false
setPlaceMode -timingDriven                          true
setAnalysisMode -analysisType                       bcwc
setAnalysisMode -checkType                          setup
setAnalysisMode -clkSrcPath                         true
setAnalysisMode -clockPropagation                   sdcControl
setAnalysisMode -skew                               true
setAnalysisMode -virtualIPO                         false
setRouteMode -earlyGlobalHonorMsvRouteConstraint    false
setRouteMode -earlyGlobalRoutePartitionPinGuide     true

**INFO: setDesignMode -flowEffort standard -> setting 'setOptMode -allEndPoints true' for the duration of this command.
Need call spDPlaceInit before registerPrioInstLoc.
**optDesign ... cpu = 0:00:00, real = 0:00:00, mem = 1907.9M, totSessionCpu=0:02:24 **
*** optDesign -postCTS ***
DRC Margin: user margin 0.0
Hold Target Slack: user slack 0
Setup Target Slack: user slack 0;
setUsefulSkewMode -ecoRoute false
No user sequential activity specified, applying default sequential activity of "0.2" for Dynamic Power reporting.
'set_default_switching_activity' finished successfully.
Start to check current routing status for nets...
All nets are already routed correctly.
End to check current routing status for nets (mem=2103.8M)

Footprint cell information for calculating maxBufDist
*info: There are 16 candidate Buffer cells
*info: There are 19 candidate Inverter cells

Compute RC Scale Done ...
*** InitOpt #1 [finish] (optDesign #1) : cpu/real = 0:00:01.0/0:00:01.0 (1.0), totSession cpu/real = 0:02:24.8/0:24:50.6 (0.1), mem = 2291.8M
GigaOpt Hold Optimizer is used
Starting initialization (fixHold) cpu=0:00:00.0 real=0:00:00.0 totSessionCpu=0:02:25 mem=2195.8M ***
*** BuildHoldData #1 [begin] (optDesign #1) : totSession cpu/real = 0:02:25.2/0:24:51.0 (0.1), mem = 2195.8M
Starting delay calculation for Hold views
AAE_INFO: opIsDesignInPostRouteState() is 0
#################################################################################
# Design Stage: PreRoute
# Design Name: alarm_clock_top
# Design Mode: 90nm
# Analysis Mode: MMMC Non-OCV 
# Parasitics Mode: No SPEF/RCDB 
# Signoff Settings: SI Off 
#################################################################################
Calculate delays in BcWc mode...
Start delay calculation (fullDC) (1 T). (MEM=2195.78)
*** Calculating scaling factor for min_timing libraries using the default operating condition of each library.
Total number of fetched objects 356
End delay calculation. (MEM=2238.99 CPU=0:00:00.0 REAL=0:00:00.0)
End delay calculation (fullDC). (MEM=2238.99 CPU=0:00:00.0 REAL=0:00:00.0)
*** Done Building Timing Graph (cpu=0:00:00.1 real=0:00:00.0 totSessionCpu=0:02:25 mem=2239.0M)

Active hold views:
 bestcase
  Dominating endpoints: 0
  Dominating TNS: -0.000

Done building cte hold timing graph (fixHold) cpu=0:00:00.1 real=0:00:00.0 totSessionCpu=0:02:25 mem=2270.3M ***
Done building hold timer [1184 node(s), 1572 edge(s), 1 view(s)] (fixHold) cpu=0:00:00.2 real=0:00:00.0 totSessionCpu=0:02:25 mem=2270.3M ***
Starting delay calculation for Setup views
AAE_INFO: opIsDesignInPostRouteState() is 0
#################################################################################
# Design Stage: PreRoute
# Design Name: alarm_clock_top
# Design Mode: 90nm
# Analysis Mode: MMMC Non-OCV 
# Parasitics Mode: No SPEF/RCDB 
# Signoff Settings: SI Off 
#################################################################################
Calculate delays in BcWc mode...
Start delay calculation (fullDC) (1 T). (MEM=2258.74)
*** Calculating scaling factor for max_timing libraries using the default operating condition of each library.
Total number of fetched objects 356
End delay calculation. (MEM=2238.99 CPU=0:00:00.0 REAL=0:00:00.0)
End delay calculation (fullDC). (MEM=2238.99 CPU=0:00:00.0 REAL=0:00:00.0)
*** Done Building Timing Graph (cpu=0:00:00.1 real=0:00:00.0 totSessionCpu=0:02:25 mem=2239.0M)

Active setup views:
 worstcase
  Dominating endpoints: 0
  Dominating TNS: -0.000

Done building cte setup timing graph (fixHold) cpu=0:00:00.3 real=0:00:00.0 totSessionCpu=0:02:25 mem=2270.3M ***

*Info: minBufDelay = 99.6 ps, libStdDelay = 36.0 ps, minBufSize = 18165600 (6.0)
*Info: worst delay setup view: worstcase

------------------------------------------------------------------
     Hold Opt Initial Summary
------------------------------------------------------------------

Setup views included:
 worstcase
Hold views included:
 bestcase

+--------------------+---------+---------+---------+
|     Setup mode     |   all   | reg2reg | default |
+--------------------+---------+---------+---------+
|           WNS (ns):|  6.415  |  6.415  |  7.142  |
|           TNS (ns):|  0.000  |  0.000  |  0.000  |
|    Violating Paths:|    0    |    0    |    0    |
|          All Paths:|   102   |   67    |   52    |
+--------------------+---------+---------+---------+

+--------------------+---------+---------+---------+
|     Hold mode      |   all   | reg2reg | default |
+--------------------+---------+---------+---------+
|           WNS (ns):| -0.214  | -0.214  |  1.738  |
|           TNS (ns):| -8.824  | -8.824  |  0.000  |
|    Violating Paths:|   66    |   66    |    0    |
|          All Paths:|   102   |   67    |   52    |
+--------------------+---------+---------+---------+

+----------------+-------------------------------+------------------+
|                |              Real             |       Total      |
|    DRVs        +------------------+------------+------------------|
|                |  Nr nets(terms)  | Worst Vio  |  Nr nets(terms)  |
+----------------+------------------+------------+------------------+
|   max_cap      |      0 (0)       |   0.000    |      0 (0)       |
|   max_tran     |      0 (0)       |   0.000    |      0 (0)       |
|   max_fanout   |      0 (0)       |     0      |      0 (0)       |
|   max_length   |      0 (0)       |     0      |      0 (0)       |
+----------------+------------------+------------+------------------+

Density: 59.788%
------------------------------------------------------------------
**optDesign ... cpu = 0:00:02, real = 0:00:02, mem = 2017.0M, totSessionCpu=0:02:26 **
*** BuildHoldData #1 [finish] (optDesign #1) : cpu/real = 0:00:00.7/0:00:00.7 (1.0), totSession cpu/real = 0:02:25.9/0:24:51.7 (0.1), mem = 2229.3M
*** HoldOpt #1 [begin] (optDesign #1) : totSession cpu/real = 0:02:25.9/0:24:51.7 (0.1), mem = 2229.3M
*info: Run optDesign holdfix with 1 thread.
Info: 0 don't touch net , 1 undriven net  excluded from IPO operation.
Info: 1 clock net  excluded from IPO operation.

*** Starting Core Fixing (fixHold) cpu=0:00:00.7 real=0:00:01.0 totSessionCpu=0:02:26 mem=2286.5M density=59.788% ***

Phase I ......
Executing transform: ECO Safe Resize
+----+--------+---------+--------+-----------+----------------+---------+------------+---------+
|Iter|  WNS   |  TNS    |  #VP   |  #Buffer  |  #Resize(F/F)  | Density |    Real    |   Mem   |
+----+--------+---------+--------+-----------+----------------+---------+------------+---------+
|   0|  -0.214|    -8.82|      66|          0|       0(     0)|   59.79%|   0:00:00.0|  2296.5M|
|   1|  -0.214|    -8.82|      66|          0|       0(     0)|   59.79%|   0:00:00.0|  2296.5M|
+----+--------+---------+--------+-----------+----------------+---------+------------+---------+
Executing transform: AddBuffer + LegalResize
+----+--------+---------+--------+-----------+----------------+---------+------------+---------+
|Iter|  WNS   |  TNS    |  #VP   |  #Buffer  |  #Resize(F/F)  | Density |    Real    |   Mem   |
+----+--------+---------+--------+-----------+----------------+---------+------------+---------+
|   0|  -0.214|    -8.82|      66|          0|       0(     0)|   59.79%|   0:00:00.0|  2296.5M|
|   1|  -0.214|    -6.58|      54|         22|       0(     0)|   70.47%|   0:00:00.0|  2330.1M|
|   2|  -0.214|    -4.85|      44|         24|       0(     0)|   76.22%|   0:00:00.0|  2330.1M|
|   3|  -0.171|    -3.31|      42|         43|       0(     0)|   81.43%|   0:00:00.0|  2330.1M|
|   4|  -0.171|    -3.00|      41|          9|       0(     0)|   82.51%|   0:00:00.0|  2330.1M|
|   5|  -0.171|    -2.94|      40|          0|      14(     1)|   82.77%|   0:00:01.0|  2330.1M|
|   6|  -0.171|    -2.89|      38|          0|       3(     1)|   82.87%|   0:00:00.0|  2330.1M|
|   7|  -0.171|    -2.89|      38|          0|       0(     0)|   82.87%|   0:00:00.0|  2330.1M|
+----+--------+---------+--------+-----------+----------------+---------+------------+---------+

*info:    Total 98 cells added for Phase I
*info:        in which 0 is ripple commits (0.000%)
*info:    Total 17 instances resized for Phase I
*info:        in which 2 FF resizing 
*info:        in which 0 ripple resizing (0.000%)

Phase II ......
Executing transform: AddBuffer
+----+--------+---------+--------+-----------+----------------+---------+------------+---------+
|Iter|  WNS   |  TNS    |  #VP   |  #Buffer  |  #Resize(F/F)  | Density |    Real    |   Mem   |
+----+--------+---------+--------+-----------+----------------+---------+------------+---------+
|   0|  -0.171|    -2.89|      38|          0|       0(     0)|   82.87%|   0:00:00.0|  2340.1M|
|   1|  -0.171|    -2.89|      38|          0|       0(     0)|   82.87%|   0:00:00.0|  2340.1M|
+----+--------+---------+--------+-----------+----------------+---------+------------+---------+

Phase III ......
Executing transform: AddBuffer + LegalResize
+----+--------+---------+--------+-----------+----------------+---------+------------+---------+
|Iter|  WNS   |  TNS    |  #VP   |  #Buffer  |  #Resize(F/F)  | Density |    Real    |   Mem   |
+----+--------+---------+--------+-----------+----------------+---------+------------+---------+
|   0|  -0.171|    -2.89|      38|          0|       0(     0)|   82.87%|   0:00:00.0|  2340.1M|
|   1|  -0.171|    -2.68|      29|          0|      12(     8)|   83.09%|   0:00:00.0|  2340.1M|
|   2|  -0.171|    -2.64|      27|          0|       2(     1)|   83.15%|   0:00:00.0|  2340.1M|
|   3|  -0.171|    -2.64|      27|          0|       0(     0)|   83.15%|   0:00:00.0|  2340.1M|
+----+--------+---------+--------+-----------+----------------+---------+------------+---------+
*info:    Total 14 instances resized for Phase III
*info:        in which 9 FF resizing 
*info:        in which 0 ripple resizing (0.000%)

Phase IV ......
Executing transform: AddBuffer + Resize
+----+--------+---------+--------+-----------+----------------+---------+------------+---------+
|Iter|  WNS   |  TNS    |  #VP   |  #Buffer  |  #Resize(F/F)  | Density |    Real    |   Mem   |
+----+--------+---------+--------+-----------+----------------+---------+------------+---------+
|   0|  -0.171|    -2.64|      27|          0|       0(     0)|   83.15%|   0:00:00.0|  2340.1M|
|   1|  -0.008|    -0.01|       3|         22|       0(     0)|   92.93%|   0:00:00.0|  2340.1M|
|   2|   0.001|     0.00|       0|          3|       0(     0)|   93.29%|   0:00:01.0|  2340.1M|
+----+--------+---------+--------+-----------+----------------+---------+------------+---------+

*info:    Total 25 cells added for Phase IV
*info:        in which 0 is ripple commits (0.000%)

*** Finished Core Fixing (fixHold) cpu=0:00:02.4 real=0:00:03.0 totSessionCpu=0:02:28 mem=2340.1M density=93.288% ***

*info:
*info: Added a total of 123 cells to fix/reduce hold violation
*info:
*info: Summary: 
*info:           56 cells of type 'CLKBUFX2' used
*info:            1 cell  of type 'CLKBUFX3' used
*info:           13 cells of type 'DLY1X1' used
*info:           14 cells of type 'DLY1X4' used
*info:           17 cells of type 'DLY2X1' used
*info:           17 cells of type 'DLY3X1' used
*info:            5 cells of type 'DLY4X1' used
*info:
*info: Total 31 instances resized
*info:       in which 11 FF resizing
*info:

*** Starting refinePlace (0:02:28 mem=2324.1M) ***
Total net bbox length = 7.329e+03 (3.368e+03 3.961e+03) (ext = 1.280e+03)
**WARN: (IMPSP-5140):	Global net connect rules have not been created. Added  insts would have no supply connectivity, and would fail DRC.
Type 'man IMPSP-5140' for more detail.
**WARN: (IMPSP-315):	Found 459 instances insts with no PG Term connections.
Type 'man IMPSP-315' for more detail.
Move report: Detail placement moves 268 insts, mean move: 2.09 um, max move: 8.99 um 
	Max move on inst (tg/g740__5477): (73.95, 38.57) --> (72.79, 46.40)
	Runtime: CPU: 0:00:00.0 REAL: 0:00:00.0 MEM: 2324.1MB
Summary Report:
Instances move: 268 (out of 459 movable)
Instances flipped: 0
Mean displacement: 2.09 um
Max displacement: 8.99 um (Instance: tg/g740__5477) (73.95, 38.57) -> (72.79, 46.4)
	Length: 6 sites, height: 1 rows, site name: gsclib090site, cell type: NOR2BX1
Total net bbox length = 7.571e+03 (3.526e+03 4.045e+03) (ext = 1.285e+03)
Runtime: CPU: 0:00:00.0 REAL: 0:00:00.0 MEM: 2324.1MB
*** Finished refinePlace (0:02:28 mem=2324.1M) ***
*** maximum move = 8.99 um ***
*** Finished re-routing un-routed nets (2324.1M) ***

*** Finish Physical Update (cpu=0:00:00.0 real=0:00:00.0 mem=2324.1M) ***
*** Finish Post CTS Hold Fixing (cpu=0:00:02.4 real=0:00:03.0 totSessionCpu=0:02:28 mem=2334.1M density=93.288%) ***
**INFO: total 423 insts, 428 nets marked don't touch
**INFO: total 423 insts, 428 nets marked don't touch DB property
**INFO: total 423 insts, 428 nets unmarked don't touch

*** HoldOpt #1 [finish] (optDesign #1) : cpu/real = 0:00:01.7/0:00:01.7 (1.0), totSession cpu/real = 0:02:27.6/0:24:53.4 (0.1), mem = 2241.1M
*** Steiner Routed Nets: 45.000%; Threshold: 100; Threshold for Hold: 100
Re-routed 0 nets
GigaOpt_HOLD: Recover setup timing after hold fixing
GigaOpt_HOLD: max_tran 0 => 0, max_cap 0 => 0 (threshold 10) - Skip drv recovery
GigaOpt: WNS changes after routing: 0.000 -> 0.000 (bump = 0.0)
GigaOpt: WNS bump threshold: 0.018
GigaOpt: Skipping postEco optimization
GigaOpt: WNS changes after postEco optimization: 0.000 -> 0.000 (bump = 0.0)
GigaOpt: Skipping nonLegal postEco optimization

Active setup views:
 worstcase
  Dominating endpoints: 0
  Dominating TNS: -0.000

[NR-eGR] Track table information for default rule: 
[NR-eGR] Metal1 has single uniform track structure
[NR-eGR] Metal2 has single uniform track structure
[NR-eGR] Metal3 has single uniform track structure
[NR-eGR] Metal4 has single uniform track structure
[NR-eGR] Metal5 has single uniform track structure
[NR-eGR] Metal6 has single uniform track structure
[NR-eGR] Metal7 has single uniform track structure
[NR-eGR] Metal8 has single uniform track structure
[NR-eGR] Metal9 has single uniform track structure
[NR-eGR] Read 80 PG shapes
[NR-eGR] Read 0 clock shapes
[NR-eGR] Read 0 other shapes
[NR-eGR] #Routing Blockages  : 0
[NR-eGR] #Instance Blockages : 0
[NR-eGR] #PG Blockages       : 80
[NR-eGR] #Halo Blockages     : 0
[NR-eGR] #Boundary Blockages : 0
[NR-eGR] #Clock Blockages    : 0
[NR-eGR] #Other Blockages    : 0
[NR-eGR] Num Prerouted Nets = 0  Num Prerouted Wires = 0
[NR-eGR] Read 480 nets ( ignored 0 )
[NR-eGR] There are 1 clock nets ( 0 with NDR ).
[NR-eGR] ============ Routing rule table ============
[NR-eGR] Rule id: 0  Nets: 480
[NR-eGR] ========================================
[NR-eGR] 
[NR-eGR] Layer group 1: route 480 net(s) in layer range [2, 9]
[NR-eGR] Early Global Route overflow of layer group 1: 0.00% H + 0.00% V. EstWL: 8.117100e+03um
[NR-eGR] Congestion Analysis By layer: (blocked Gcells are excluded) 
[NR-eGR]                        OverCon            
[NR-eGR]                         #Gcell     %Gcell
[NR-eGR]        Layer             (1-0)    OverCon
[NR-eGR] ----------------------------------------------
[NR-eGR]  Metal1 ( 1)         0( 0.00%)   ( 0.00%) 
[NR-eGR]  Metal2 ( 2)         0( 0.00%)   ( 0.00%) 
[NR-eGR]  Metal3 ( 3)         0( 0.00%)   ( 0.00%) 
[NR-eGR]  Metal4 ( 4)         0( 0.00%)   ( 0.00%) 
[NR-eGR]  Metal5 ( 5)         0( 0.00%)   ( 0.00%) 
[NR-eGR]  Metal6 ( 6)         0( 0.00%)   ( 0.00%) 
[NR-eGR]  Metal7 ( 7)         0( 0.00%)   ( 0.00%) 
[NR-eGR]  Metal8 ( 8)         0( 0.00%)   ( 0.00%) 
[NR-eGR]  Metal9 ( 9)         0( 0.00%)   ( 0.00%) 
[NR-eGR] ----------------------------------------------
[NR-eGR]        Total         0( 0.00%)   ( 0.00%) 
[NR-eGR] 
[NR-eGR] Overflow after Early Global Route 0.00% H + 0.00% V
[NR-eGR] Finished Early Global Route kernel ( CPU: 0.01 sec, Real: 0.01 sec, Curr Mem: 2277.22 MB )
[hotspot] +------------+---------------+---------------+
[hotspot] |            |   max hotspot | total hotspot |
[hotspot] +------------+---------------+---------------+
[hotspot] | normalized |          0.00 |          0.00 |
[hotspot] +------------+---------------+---------------+
Local HotSpot Analysis: normalized max congestion hotspot area = 0.00, normalized total congestion hotspot area = 0.00 (area is in unit of 4 std-cell row bins)
[hotspot] Hotspot report including placement blocked areas
[hotspot] +------------+---------------+---------------+
[hotspot] |            |   max hotspot | total hotspot |
[hotspot] +------------+---------------+---------------+
[hotspot] | normalized |          0.00 |          0.00 |
[hotspot] +------------+---------------+---------------+
Local HotSpot Analysis (blockage included): normalized max congestion hotspot area = 0.00, normalized total congestion hotspot area = 0.00 (area is in unit of 4 std-cell row bins)
Reported timing to dir ./timingReports
**optDesign ... cpu = 0:00:04, real = 0:00:04, mem = 1984.3M, totSessionCpu=0:02:28 **
Starting delay calculation for Hold views
AAE_INFO: opIsDesignInPostRouteState() is 0
#################################################################################
# Design Stage: PreRoute
# Design Name: alarm_clock_top
# Design Mode: 90nm
# Analysis Mode: MMMC Non-OCV 
# Parasitics Mode: No SPEF/RCDB 
# Signoff Settings: SI Off 
#################################################################################
Calculate delays in BcWc mode...
Start delay calculation (fullDC) (1 T). (MEM=2210.73)
*** Calculating scaling factor for min_timing libraries using the default operating condition of each library.
Total number of fetched objects 479
End delay calculation. (MEM=2238.68 CPU=0:00:00.0 REAL=0:00:00.0)
End delay calculation (fullDC). (MEM=2238.68 CPU=0:00:00.0 REAL=0:00:00.0)
*** Done Building Timing Graph (cpu=0:00:00.1 real=0:00:00.0 totSessionCpu=0:02:28 mem=2238.7M)
Starting delay calculation for Setup views
AAE_INFO: opIsDesignInPostRouteState() is 0
#################################################################################
# Design Stage: PreRoute
# Design Name: alarm_clock_top
# Design Mode: 90nm
# Analysis Mode: MMMC Non-OCV 
# Parasitics Mode: No SPEF/RCDB 
# Signoff Settings: SI Off 
#################################################################################
Calculate delays in BcWc mode...
Start delay calculation (fullDC) (1 T). (MEM=2183.16)
*** Calculating scaling factor for max_timing libraries using the default operating condition of each library.
Total number of fetched objects 479
End delay calculation. (MEM=2242.38 CPU=0:00:00.0 REAL=0:00:00.0)
End delay calculation (fullDC). (MEM=2242.38 CPU=0:00:00.0 REAL=0:00:00.0)
*** Done Building Timing Graph (cpu=0:00:00.1 real=0:00:00.0 totSessionCpu=0:02:28 mem=2242.4M)

------------------------------------------------------------------
     optDesign Final Summary
------------------------------------------------------------------

Setup views included:
 worstcase 
Hold views included:
 bestcase

+--------------------+---------+---------+---------+
|     Setup mode     |   all   | reg2reg | default |
+--------------------+---------+---------+---------+
|           WNS (ns):|  5.469  |  5.469  |  6.912  |
|           TNS (ns):|  0.000  |  0.000  |  0.000  |
|    Violating Paths:|    0    |    0    |    0    |
|          All Paths:|   102   |   67    |   52    |
+--------------------+---------+---------+---------+

+--------------------+---------+---------+---------+
|     Hold mode      |   all   | reg2reg | default |
+--------------------+---------+---------+---------+
|           WNS (ns):| -0.014  | -0.014  |  1.738  |
|           TNS (ns):| -0.088  | -0.088  |  0.000  |
|    Violating Paths:|    9    |    9    |    0    |
|          All Paths:|   102   |   67    |   52    |
+--------------------+---------+---------+---------+

+----------------+-------------------------------+------------------+
|                |              Real             |       Total      |
|    DRVs        +------------------+------------+------------------|
|                |  Nr nets(terms)  | Worst Vio  |  Nr nets(terms)  |
+----------------+------------------+------------+------------------+
|   max_cap      |      0 (0)       |   0.000    |      0 (0)       |
|   max_tran     |      0 (0)       |   0.000    |      0 (0)       |
|   max_fanout   |      0 (0)       |     0      |      0 (0)       |
|   max_length   |      0 (0)       |     0      |      0 (0)       |
+----------------+------------------+------------+------------------+

Density: 93.288%
Routing Overflow: 0.00% H and 0.00% V
------------------------------------------------------------------
**optDesign ... cpu = 0:00:04, real = 0:00:05, mem = 2024.0M, totSessionCpu=0:02:28 **
*** Finished optDesign ***
Info: Destroy the CCOpt slew target map.
*** optDesign #1 [finish] : cpu/real = 0:00:04.4/0:00:04.9 (0.9), totSession cpu/real = 0:02:28.1/0:24:54.4 (0.1), mem = 2212.8M
<CMD> setOptMode -fixCap true -fixTran true -fixFanoutLoad false
<CMD> optDesign -postCTS -hold
**optDesign ... cpu = 0:00:00, real = 0:00:00, mem = 1939.4M, totSessionCpu=0:02:28 **
*** optDesign #2 [begin] : totSession cpu/real = 0:02:28.5/0:24:58.9 (0.1), mem = 2143.8M
GigaOpt running with 1 threads.
*** InitOpt #1 [begin] (optDesign #2) : totSession cpu/real = 0:02:28.5/0:24:58.9 (0.1), mem = 2143.8M
**INFO: User settings:
setExtractRCMode -engine                            preRoute
setUsefulSkewMode -ecoRoute                         false
setUsefulSkewMode -maxAllowedDelay                  1
setUsefulSkewMode -noBoundary                       false
setDelayCalMode -enable_high_fanout                 true
setDelayCalMode -engine                             aae
setDelayCalMode -ignoreNetLoad                      false
setDelayCalMode -socv_accuracy_mode                 low
setOptMode -activeHoldViews                         { bestcase }
setOptMode -activeSetupViews                        { worstcase }
setOptMode -autoHoldViews                           { bestcase}
setOptMode -autoSetupViews                          { worstcase}
setOptMode -autoTDGRSetupViews                      { worstcase}
setOptMode -autoViewHoldTargetSlack                 0
setOptMode -drcMargin                               0
setOptMode -fixCap                                  true
setOptMode -fixFanoutLoad                           false
setOptMode -fixTran                                 true
setOptMode -setupTargetSlack                        0
setPlaceMode -place_design_floorplan_mode           false
setPlaceMode -place_detail_check_route              false
setPlaceMode -place_detail_preserve_routing         true
setPlaceMode -place_detail_remove_affected_routing  false
setPlaceMode -place_detail_swap_eeq_cells           false
setPlaceMode -place_global_clock_gate_aware         true
setPlaceMode -place_global_cong_effort              auto
setPlaceMode -place_global_ignore_scan              true
setPlaceMode -place_global_ignore_spare             false
setPlaceMode -place_global_module_aware_spare       false
setPlaceMode -place_global_place_io_pins            true
setPlaceMode -place_global_reorder_scan             true
setPlaceMode -powerDriven                           false
setPlaceMode -timingDriven                          true
setAnalysisMode -analysisType                       bcwc
setAnalysisMode -checkType                          setup
setAnalysisMode -clkSrcPath                         true
setAnalysisMode -clockPropagation                   sdcControl
setAnalysisMode -skew                               true
setAnalysisMode -virtualIPO                         false
setRouteMode -earlyGlobalHonorMsvRouteConstraint    false
setRouteMode -earlyGlobalRoutePartitionPinGuide     true

**INFO: setDesignMode -flowEffort standard -> setting 'setOptMode -allEndPoints true' for the duration of this command.
Need call spDPlaceInit before registerPrioInstLoc.
**optDesign ... cpu = 0:00:00, real = 0:00:00, mem = 1945.0M, totSessionCpu=0:02:29 **
*** optDesign -postCTS ***
DRC Margin: user margin 0.0
Hold Target Slack: user slack 0
Setup Target Slack: user slack 0;
setUsefulSkewMode -ecoRoute false
Start to check current routing status for nets...
All nets are already routed correctly.
End to check current routing status for nets (mem=2159.8M)
*** InitOpt #1 [finish] (optDesign #2) : cpu/real = 0:00:00.4/0:00:00.4 (1.0), totSession cpu/real = 0:02:28.9/0:24:59.4 (0.1), mem = 2159.8M
GigaOpt Hold Optimizer is used
Starting initialization (fixHold) cpu=0:00:00.0 real=0:00:00.0 totSessionCpu=0:02:29 mem=2167.8M ***
*** BuildHoldData #1 [begin] (optDesign #2) : totSession cpu/real = 0:02:29.3/0:24:59.8 (0.1), mem = 2167.8M
Saving timing graph ...
Done save timing graph
Starting delay calculation for Hold views
AAE_INFO: opIsDesignInPostRouteState() is 0
#################################################################################
# Design Stage: PreRoute
# Design Name: alarm_clock_top
# Design Mode: 90nm
# Analysis Mode: MMMC Non-OCV 
# Parasitics Mode: No SPEF/RCDB 
# Signoff Settings: SI Off 
#################################################################################
Calculate delays in BcWc mode...
Start delay calculation (fullDC) (1 T). (MEM=2186.83)
*** Calculating scaling factor for min_timing libraries using the default operating condition of each library.
Total number of fetched objects 479
End delay calculation. (MEM=2186.16 CPU=0:00:00.0 REAL=0:00:00.0)
End delay calculation (fullDC). (MEM=2186.16 CPU=0:00:00.0 REAL=0:00:00.0)
*** Done Building Timing Graph (cpu=0:00:00.1 real=0:00:00.0 totSessionCpu=0:02:30 mem=2186.2M)
Done building cte hold timing graph (fixHold) cpu=0:00:00.2 real=0:00:00.0 totSessionCpu=0:02:30 mem=2186.2M ***
Done building hold timer [1414 node(s), 1796 edge(s), 1 view(s)] (fixHold) cpu=0:00:00.2 real=0:00:00.0 totSessionCpu=0:02:30 mem=2201.4M ***
Restoring timing graph ...
**WARN: (IMPCTE-290):	Could not locate cell INVX1 in any library for view bestcase.
Type 'man IMPCTE-290' for more detail.
**WARN: (IMPCTE-290):	Could not locate cell INVX1 in any library for view bestcase.
Type 'man IMPCTE-290' for more detail.
**WARN: (IMPCTE-290):	Could not locate cell INVX1 in any library for view bestcase.
Type 'man IMPCTE-290' for more detail.
**WARN: (IMPCTE-290):	Could not locate cell INVX1 in any library for view bestcase.
Type 'man IMPCTE-290' for more detail.
**WARN: (IMPCTE-290):	Could not locate cell INVX1 in any library for view bestcase.
Type 'man IMPCTE-290' for more detail.
**WARN: (IMPCTE-290):	Could not locate cell INVX1 in any library for view bestcase.
Type 'man IMPCTE-290' for more detail.
**WARN: (IMPCTE-290):	Could not locate cell INVX1 in any library for view bestcase.
Type 'man IMPCTE-290' for more detail.
**WARN: (IMPCTE-290):	Could not locate cell INVX1 in any library for view bestcase.
Type 'man IMPCTE-290' for more detail.
**WARN: (IMPCTE-290):	Could not locate cell INVX1 in any library for view bestcase.
Type 'man IMPCTE-290' for more detail.
**WARN: (IMPCTE-290):	Could not locate cell INVX1 in any library for view bestcase.
Type 'man IMPCTE-290' for more detail.
**WARN: (IMPCTE-290):	Could not locate cell INVX1 in any library for view bestcase.
Type 'man IMPCTE-290' for more detail.
**WARN: (IMPCTE-290):	Could not locate cell INVX1 in any library for view bestcase.
Type 'man IMPCTE-290' for more detail.
**WARN: (IMPCTE-290):	Could not locate cell INVX1 in any library for view bestcase.
Type 'man IMPCTE-290' for more detail.
**WARN: (IMPCTE-290):	Could not locate cell INVX1 in any library for view bestcase.
Type 'man IMPCTE-290' for more detail.
**WARN: (IMPCTE-290):	Could not locate cell INVX1 in any library for view bestcase.
Type 'man IMPCTE-290' for more detail.
**WARN: (IMPCTE-290):	Could not locate cell INVX1 in any library for view bestcase.
Type 'man IMPCTE-290' for more detail.
**WARN: (IMPCTE-290):	Could not locate cell INVX1 in any library for view bestcase.
Type 'man IMPCTE-290' for more detail.
**WARN: (IMPCTE-290):	Could not locate cell INVX1 in any library for view bestcase.
Type 'man IMPCTE-290' for more detail.
**WARN: (IMPCTE-290):	Could not locate cell INVX1 in any library for view bestcase.
Type 'man IMPCTE-290' for more detail.
**WARN: (IMPCTE-290):	Could not locate cell INVX1 in any library for view bestcase.
Type 'man IMPCTE-290' for more detail.
**WARN: (EMS-27):	Message (IMPCTE-290) has exceeded the current message display limit of 20.
To increase the message display limit, refer to the product command reference manual.
AAE_INFO: Resetting and re-constructing cache for AAE clocks ...
Done restore timing graph
Done building cte setup timing graph (fixHold) cpu=0:00:00.4 real=0:00:00.0 totSessionCpu=0:02:30 mem=2201.4M ***

*Info: minBufDelay = 99.6 ps, libStdDelay = 36.0 ps, minBufSize = 18165600 (6.0)
*Info: worst delay setup view: worstcase

------------------------------------------------------------------
     Hold Opt Initial Summary
------------------------------------------------------------------

Setup views included:
 worstcase
Hold views included:
 bestcase

+--------------------+---------+---------+---------+
|     Setup mode     |   all   | reg2reg | default |
+--------------------+---------+---------+---------+
|           WNS (ns):|  5.469  |  5.469  |  6.912  |
|           TNS (ns):|  0.000  |  0.000  |  0.000  |
|    Violating Paths:|    0    |    0    |    0    |
|          All Paths:|   102   |   67    |   52    |
+--------------------+---------+---------+---------+

+--------------------+---------+---------+---------+
|     Hold mode      |   all   | reg2reg | default |
+--------------------+---------+---------+---------+
|           WNS (ns):| -0.014  | -0.014  |  1.738  |
|           TNS (ns):| -0.088  | -0.088  |  0.000  |
|    Violating Paths:|    9    |    9    |    0    |
|          All Paths:|   102   |   67    |   52    |
+--------------------+---------+---------+---------+

+----------------+-------------------------------+------------------+
|                |              Real             |       Total      |
|    DRVs        +------------------+------------+------------------|
|                |  Nr nets(terms)  | Worst Vio  |  Nr nets(terms)  |
+----------------+------------------+------------+------------------+
|   max_cap      |      0 (0)       |   0.000    |      0 (0)       |
|   max_tran     |      0 (0)       |   0.000    |      0 (0)       |
|   max_fanout   |      0 (0)       |     0      |      0 (0)       |
|   max_length   |      0 (0)       |     0      |      0 (0)       |
+----------------+------------------+------------+------------------+

Density: 93.288%
Routing Overflow: 0.00% H and 0.00% V
------------------------------------------------------------------
**optDesign ... cpu = 0:00:02, real = 0:00:02, mem = 1956.8M, totSessionCpu=0:02:30 **
*** BuildHoldData #1 [finish] (optDesign #2) : cpu/real = 0:00:00.9/0:00:00.9 (1.0), totSession cpu/real = 0:02:30.2/0:25:00.7 (0.1), mem = 2159.5M
*** HoldOpt #1 [begin] (optDesign #2) : totSession cpu/real = 0:02:30.2/0:25:00.7 (0.1), mem = 2159.5M
*info: Run optDesign holdfix with 1 thread.
Info: 0 don't touch net , 1 undriven net  excluded from IPO operation.
Info: 1 clock net  excluded from IPO operation.

*** Starting Core Fixing (fixHold) cpu=0:00:01.0 real=0:00:01.0 totSessionCpu=0:02:30 mem=2341.1M density=93.288% ***

Phase I ......
Executing transform: ECO Safe Resize
+----+--------+---------+--------+-----------+----------------+---------+------------+---------+
|Iter|  WNS   |  TNS    |  #VP   |  #Buffer  |  #Resize(F/F)  | Density |    Real    |   Mem   |
+----+--------+---------+--------+-----------+----------------+---------+------------+---------+
|   0|  -0.014|    -0.09|       9|          0|       0(     0)|   93.29%|   0:00:00.0|  2341.1M|
|   1|  -0.014|    -0.09|       9|          0|       0(     0)|   93.29%|   0:00:00.0|  2341.1M|
+----+--------+---------+--------+-----------+----------------+---------+------------+---------+
Executing transform: AddBuffer + LegalResize
+----+--------+---------+--------+-----------+----------------+---------+------------+---------+
|Iter|  WNS   |  TNS    |  #VP   |  #Buffer  |  #Resize(F/F)  | Density |    Real    |   Mem   |
+----+--------+---------+--------+-----------+----------------+---------+------------+---------+
|   0|  -0.014|    -0.09|       9|          0|       0(     0)|   93.29%|   0:00:00.0|  2341.1M|
|   1|  -0.013|    -0.07|       8|          1|       0(     0)|   93.41%|   0:00:00.0|  2347.6M|
|   2|  -0.012|    -0.02|       2|          0|       6(     5)|   93.55%|   0:00:00.0|  2347.6M|
|   3|  -0.012|    -0.02|       2|          0|       0(     0)|   93.55%|   0:00:00.0|  2347.6M|
+----+--------+---------+--------+-----------+----------------+---------+------------+---------+

*info:    Total 1 cells added for Phase I
*info:        in which 0 is ripple commits (0.000%)
*info:    Total 6 instances resized for Phase I
*info:        in which 5 FF resizing 
*info:        in which 0 ripple resizing (0.000%)

Phase II ......
Executing transform: AddBuffer
+----+--------+---------+--------+-----------+----------------+---------+------------+---------+
|Iter|  WNS   |  TNS    |  #VP   |  #Buffer  |  #Resize(F/F)  | Density |    Real    |   Mem   |
+----+--------+---------+--------+-----------+----------------+---------+------------+---------+
|   0|  -0.012|    -0.02|       2|          0|       0(     0)|   93.55%|   0:00:00.0|  2357.6M|
|   1|  -0.012|    -0.02|       2|          0|       0(     0)|   93.55%|   0:00:00.0|  2357.6M|
+----+--------+---------+--------+-----------+----------------+---------+------------+---------+

Phase III ......
Executing transform: AddBuffer + LegalResize
+----+--------+---------+--------+-----------+----------------+---------+------------+---------+
|Iter|  WNS   |  TNS    |  #VP   |  #Buffer  |  #Resize(F/F)  | Density |    Real    |   Mem   |
+----+--------+---------+--------+-----------+----------------+---------+------------+---------+
|   0|  -0.012|    -0.02|       2|          0|       0(     0)|   93.55%|   0:00:00.0|  2357.6M|
|   1|   0.000|     0.00|       0|          0|       2(     2)|   93.55%|   0:00:00.0|  2357.6M|
+----+--------+---------+--------+-----------+----------------+---------+------------+---------+
*info:    Total 2 instances resized for Phase III
*info:        in which 2 FF resizing 
*info:        in which 0 ripple resizing (0.000%)

*** Finished Core Fixing (fixHold) cpu=0:00:01.1 real=0:00:01.0 totSessionCpu=0:02:30 mem=2357.6M density=93.548% ***

*info:
*info: Added a total of 1 cells to fix/reduce hold violation
*info:
*info: Summary: 
*info:            1 cell  of type 'CLKBUFX2' used
*info:
*info: Total 8 instances resized
*info:       in which 7 FF resizing
*info:

*** Starting refinePlace (0:02:30 mem=2342.6M) ***
Total net bbox length = 7.593e+03 (3.527e+03 4.066e+03) (ext = 1.285e+03)
**WARN: (IMPSP-5140):	Global net connect rules have not been created. Added  insts would have no supply connectivity, and would fail DRC.
Type 'man IMPSP-5140' for more detail.
**WARN: (IMPSP-315):	Found 460 instances insts with no PG Term connections.
Type 'man IMPSP-315' for more detail.
Move report: Detail placement moves 0 insts, mean move: 0.00 um, max move: 0.00 um 
	Runtime: CPU: 0:00:00.0 REAL: 0:00:00.0 MEM: 2342.6MB
Summary Report:
Instances move: 0 (out of 460 movable)
Instances flipped: 0
Mean displacement: 0.00 um
Max displacement: 0.00 um 
Total net bbox length = 7.593e+03 (3.527e+03 4.066e+03) (ext = 1.285e+03)
Runtime: CPU: 0:00:00.0 REAL: 0:00:00.0 MEM: 2342.6MB
*** Finished refinePlace (0:02:30 mem=2342.6M) ***
*** maximum move = 0.00 um ***
*** Finished re-routing un-routed nets (2342.6M) ***

*** Finish Physical Update (cpu=0:00:00.0 real=0:00:00.0 mem=2342.6M) ***
*** Finish Post CTS Hold Fixing (cpu=0:00:01.2 real=0:00:01.0 totSessionCpu=0:02:30 mem=2352.7M density=93.548%) ***
**INFO: total 412 insts, 411 nets marked don't touch
**INFO: total 412 insts, 411 nets marked don't touch DB property
**INFO: total 412 insts, 411 nets unmarked don't touch

*** HoldOpt #1 [finish] (optDesign #2) : cpu/real = 0:00:00.3/0:00:00.3 (1.0), totSession cpu/real = 0:02:30.5/0:25:00.9 (0.1), mem = 2257.6M
*** Steiner Routed Nets: 45.114%; Threshold: 100; Threshold for Hold: 100
Re-routed 0 nets
GigaOpt_HOLD: Recover setup timing after hold fixing
GigaOpt_HOLD: max_tran 0 => 0, max_cap 0 => 0 (threshold 10) - Skip drv recovery
GigaOpt: WNS changes after routing: 0.000 -> 0.000 (bump = 0.0)
GigaOpt: WNS bump threshold: 0.018
GigaOpt: Skipping postEco optimization
GigaOpt: WNS changes after postEco optimization: 0.000 -> 0.000 (bump = 0.0)
GigaOpt: Skipping nonLegal postEco optimization

Active setup views:
 worstcase
  Dominating endpoints: 0
  Dominating TNS: -0.000

[NR-eGR] Track table information for default rule: 
[NR-eGR] Metal1 has single uniform track structure
[NR-eGR] Metal2 has single uniform track structure
[NR-eGR] Metal3 has single uniform track structure
[NR-eGR] Metal4 has single uniform track structure
[NR-eGR] Metal5 has single uniform track structure
[NR-eGR] Metal6 has single uniform track structure
[NR-eGR] Metal7 has single uniform track structure
[NR-eGR] Metal8 has single uniform track structure
[NR-eGR] Metal9 has single uniform track structure
[NR-eGR] Read 80 PG shapes
[NR-eGR] Read 0 clock shapes
[NR-eGR] Read 0 other shapes
[NR-eGR] #Routing Blockages  : 0
[NR-eGR] #Instance Blockages : 0
[NR-eGR] #PG Blockages       : 80
[NR-eGR] #Halo Blockages     : 0
[NR-eGR] #Boundary Blockages : 0
[NR-eGR] #Clock Blockages    : 0
[NR-eGR] #Other Blockages    : 0
[NR-eGR] Num Prerouted Nets = 0  Num Prerouted Wires = 0
[NR-eGR] Read 481 nets ( ignored 0 )
[NR-eGR] There are 1 clock nets ( 0 with NDR ).
[NR-eGR] ============ Routing rule table ============
[NR-eGR] Rule id: 0  Nets: 481
[NR-eGR] ========================================
[NR-eGR] 
[NR-eGR] Layer group 1: route 481 net(s) in layer range [2, 9]
[NR-eGR] Early Global Route overflow of layer group 1: 0.00% H + 0.00% V. EstWL: 8.137980e+03um
[NR-eGR] Congestion Analysis By layer: (blocked Gcells are excluded) 
[NR-eGR]                        OverCon            
[NR-eGR]                         #Gcell     %Gcell
[NR-eGR]        Layer             (1-0)    OverCon
[NR-eGR] ----------------------------------------------
[NR-eGR]  Metal1 ( 1)         0( 0.00%)   ( 0.00%) 
[NR-eGR]  Metal2 ( 2)         0( 0.00%)   ( 0.00%) 
[NR-eGR]  Metal3 ( 3)         0( 0.00%)   ( 0.00%) 
[NR-eGR]  Metal4 ( 4)         0( 0.00%)   ( 0.00%) 
[NR-eGR]  Metal5 ( 5)         0( 0.00%)   ( 0.00%) 
[NR-eGR]  Metal6 ( 6)         0( 0.00%)   ( 0.00%) 
[NR-eGR]  Metal7 ( 7)         0( 0.00%)   ( 0.00%) 
[NR-eGR]  Metal8 ( 8)         0( 0.00%)   ( 0.00%) 
[NR-eGR]  Metal9 ( 9)         0( 0.00%)   ( 0.00%) 
[NR-eGR] ----------------------------------------------
[NR-eGR]        Total         0( 0.00%)   ( 0.00%) 
[NR-eGR] 
[NR-eGR] Overflow after Early Global Route 0.00% H + 0.00% V
[NR-eGR] Finished Early Global Route kernel ( CPU: 0.01 sec, Real: 0.01 sec, Curr Mem: 2295.73 MB )
[hotspot] +------------+---------------+---------------+
[hotspot] |            |   max hotspot | total hotspot |
[hotspot] +------------+---------------+---------------+
[hotspot] | normalized |          0.00 |          0.00 |
[hotspot] +------------+---------------+---------------+
Local HotSpot Analysis: normalized max congestion hotspot area = 0.00, normalized total congestion hotspot area = 0.00 (area is in unit of 4 std-cell row bins)
[hotspot] Hotspot report including placement blocked areas
[hotspot] +------------+---------------+---------------+
[hotspot] |            |   max hotspot | total hotspot |
[hotspot] +------------+---------------+---------------+
[hotspot] | normalized |          0.00 |          0.00 |
[hotspot] +------------+---------------+---------------+
Local HotSpot Analysis (blockage included): normalized max congestion hotspot area = 0.00, normalized total congestion hotspot area = 0.00 (area is in unit of 4 std-cell row bins)
Reported timing to dir ./timingReports
**optDesign ... cpu = 0:00:02, real = 0:00:02, mem = 2010.3M, totSessionCpu=0:02:31 **
Starting delay calculation for Hold views
AAE_INFO: opIsDesignInPostRouteState() is 0
#################################################################################
# Design Stage: PreRoute
# Design Name: alarm_clock_top
# Design Mode: 90nm
# Analysis Mode: MMMC Non-OCV 
# Parasitics Mode: No SPEF/RCDB 
# Signoff Settings: SI Off 
#################################################################################
Calculate delays in BcWc mode...
Start delay calculation (fullDC) (1 T). (MEM=2240.24)
*** Calculating scaling factor for min_timing libraries using the default operating condition of each library.
Total number of fetched objects 480
End delay calculation. (MEM=2268.19 CPU=0:00:00.0 REAL=0:00:00.0)
End delay calculation (fullDC). (MEM=2268.19 CPU=0:00:00.0 REAL=0:00:00.0)
*** Done Building Timing Graph (cpu=0:00:00.1 real=0:00:00.0 totSessionCpu=0:02:31 mem=2268.2M)
Starting delay calculation for Setup views
AAE_INFO: opIsDesignInPostRouteState() is 0
#################################################################################
# Design Stage: PreRoute
# Design Name: alarm_clock_top
# Design Mode: 90nm
# Analysis Mode: MMMC Non-OCV 
# Parasitics Mode: No SPEF/RCDB 
# Signoff Settings: SI Off 
#################################################################################
Calculate delays in BcWc mode...
Start delay calculation (fullDC) (1 T). (MEM=2211.67)
*** Calculating scaling factor for max_timing libraries using the default operating condition of each library.
Total number of fetched objects 480
End delay calculation. (MEM=2270.88 CPU=0:00:00.0 REAL=0:00:00.0)
End delay calculation (fullDC). (MEM=2270.88 CPU=0:00:00.0 REAL=0:00:00.0)
*** Done Building Timing Graph (cpu=0:00:00.1 real=0:00:00.0 totSessionCpu=0:02:31 mem=2270.9M)

------------------------------------------------------------------
     optDesign Final Summary
------------------------------------------------------------------

Setup views included:
 worstcase 
Hold views included:
 bestcase

+--------------------+---------+---------+---------+
|     Setup mode     |   all   | reg2reg | default |
+--------------------+---------+---------+---------+
|           WNS (ns):|  5.469  |  5.469  |  6.912  |
|           TNS (ns):|  0.000  |  0.000  |  0.000  |
|    Violating Paths:|    0    |    0    |    0    |
|          All Paths:|   102   |   67    |   52    |
+--------------------+---------+---------+---------+

+--------------------+---------+---------+---------+
|     Hold mode      |   all   | reg2reg | default |
+--------------------+---------+---------+---------+
|           WNS (ns):|  0.000  |  0.000  |  1.738  |
|           TNS (ns):|  0.000  |  0.000  |  0.000  |
|    Violating Paths:|    0    |    0    |    0    |
|          All Paths:|   102   |   67    |   52    |
+--------------------+---------+---------+---------+

+----------------+-------------------------------+------------------+
|                |              Real             |       Total      |
|    DRVs        +------------------+------------+------------------|
|                |  Nr nets(terms)  | Worst Vio  |  Nr nets(terms)  |
+----------------+------------------+------------+------------------+
|   max_cap      |      0 (0)       |   0.000    |      0 (0)       |
|   max_tran     |      0 (0)       |   0.000    |      0 (0)       |
|   max_fanout   |      0 (0)       |     0      |      0 (0)       |
|   max_length   |      0 (0)       |     0      |      0 (0)       |
+----------------+------------------+------------+------------------+

Density: 93.548%
Routing Overflow: 0.00% H and 0.00% V
------------------------------------------------------------------
**optDesign ... cpu = 0:00:02, real = 0:00:03, mem = 2048.7M, totSessionCpu=0:02:31 **
*** Finished optDesign ***
Info: Destroy the CCOpt slew target map.
*** optDesign #2 [finish] : cpu/real = 0:00:02.5/0:00:03.0 (0.8), totSession cpu/real = 0:02:30.9/0:25:02.0 (0.1), mem = 2240.3M
<CMD> setOptMode -fixCap true -fixTran true -fixFanoutLoad false
<CMD> optDesign -postCTS -hold
**optDesign ... cpu = 0:00:00, real = 0:00:00, mem = 1963.3M, totSessionCpu=0:02:31 **
*** optDesign #3 [begin] : totSession cpu/real = 0:02:31.2/0:25:05.4 (0.1), mem = 2166.3M
GigaOpt running with 1 threads.
*** InitOpt #1 [begin] (optDesign #3) : totSession cpu/real = 0:02:31.2/0:25:05.4 (0.1), mem = 2166.3M
**INFO: User settings:
setExtractRCMode -engine                            preRoute
setUsefulSkewMode -ecoRoute                         false
setUsefulSkewMode -maxAllowedDelay                  1
setUsefulSkewMode -noBoundary                       false
setDelayCalMode -enable_high_fanout                 true
setDelayCalMode -engine                             aae
setDelayCalMode -ignoreNetLoad                      false
setDelayCalMode -socv_accuracy_mode                 low
setOptMode -activeHoldViews                         { bestcase }
setOptMode -activeSetupViews                        { worstcase }
setOptMode -autoHoldViews                           { bestcase}
setOptMode -autoSetupViews                          { worstcase}
setOptMode -autoTDGRSetupViews                      { worstcase}
setOptMode -autoViewHoldTargetSlack                 0
setOptMode -drcMargin                               0
setOptMode -fixCap                                  true
setOptMode -fixFanoutLoad                           false
setOptMode -fixTran                                 true
setOptMode -setupTargetSlack                        0
setPlaceMode -place_design_floorplan_mode           false
setPlaceMode -place_detail_check_route              false
setPlaceMode -place_detail_preserve_routing         true
setPlaceMode -place_detail_remove_affected_routing  false
setPlaceMode -place_detail_swap_eeq_cells           false
setPlaceMode -place_global_clock_gate_aware         true
setPlaceMode -place_global_cong_effort              auto
setPlaceMode -place_global_ignore_scan              true
setPlaceMode -place_global_ignore_spare             false
setPlaceMode -place_global_module_aware_spare       false
setPlaceMode -place_global_place_io_pins            true
setPlaceMode -place_global_reorder_scan             true
setPlaceMode -powerDriven                           false
setPlaceMode -timingDriven                          true
setAnalysisMode -analysisType                       bcwc
setAnalysisMode -checkType                          setup
setAnalysisMode -clkSrcPath                         true
setAnalysisMode -clockPropagation                   sdcControl
setAnalysisMode -skew                               true
setAnalysisMode -virtualIPO                         false
setRouteMode -earlyGlobalHonorMsvRouteConstraint    false
setRouteMode -earlyGlobalRoutePartitionPinGuide     true

**INFO: setDesignMode -flowEffort standard -> setting 'setOptMode -allEndPoints true' for the duration of this command.
Need call spDPlaceInit before registerPrioInstLoc.
**optDesign ... cpu = 0:00:00, real = 0:00:00, mem = 1968.8M, totSessionCpu=0:02:32 **
*** optDesign -postCTS ***
DRC Margin: user margin 0.0
Hold Target Slack: user slack 0
Setup Target Slack: user slack 0;
setUsefulSkewMode -ecoRoute false
Start to check current routing status for nets...
All nets are already routed correctly.
End to check current routing status for nets (mem=2182.3M)
*** InitOpt #1 [finish] (optDesign #3) : cpu/real = 0:00:00.4/0:00:00.4 (1.0), totSession cpu/real = 0:02:31.6/0:25:05.9 (0.1), mem = 2182.3M
GigaOpt Hold Optimizer is used
Starting initialization (fixHold) cpu=0:00:00.0 real=0:00:00.0 totSessionCpu=0:02:32 mem=2190.3M ***
*** BuildHoldData #1 [begin] (optDesign #3) : totSession cpu/real = 0:02:32.0/0:25:06.3 (0.1), mem = 2190.3M
Saving timing graph ...
Done save timing graph
Starting delay calculation for Hold views
AAE_INFO: opIsDesignInPostRouteState() is 0
#################################################################################
# Design Stage: PreRoute
# Design Name: alarm_clock_top
# Design Mode: 90nm
# Analysis Mode: MMMC Non-OCV 
# Parasitics Mode: No SPEF/RCDB 
# Signoff Settings: SI Off 
#################################################################################
Calculate delays in BcWc mode...
Start delay calculation (fullDC) (1 T). (MEM=2209.34)
*** Calculating scaling factor for min_timing libraries using the default operating condition of each library.
Total number of fetched objects 480
End delay calculation. (MEM=2208.67 CPU=0:00:00.0 REAL=0:00:00.0)
End delay calculation (fullDC). (MEM=2208.67 CPU=0:00:00.0 REAL=0:00:00.0)
*** Done Building Timing Graph (cpu=0:00:00.1 real=0:00:00.0 totSessionCpu=0:02:32 mem=2208.7M)
Done building cte hold timing graph (fixHold) cpu=0:00:00.3 real=0:00:01.0 totSessionCpu=0:02:32 mem=2208.7M ***
Done building hold timer [1 node(s), 0 edge(s), 1 view(s)] (fixHold) cpu=0:00:00.3 real=0:00:01.0 totSessionCpu=0:02:32 mem=2223.9M ***
Restoring timing graph ...
**WARN: (IMPCTE-290):	Could not locate cell INVX1 in any library for view bestcase.
Type 'man IMPCTE-290' for more detail.
**WARN: (IMPCTE-290):	Could not locate cell INVX1 in any library for view bestcase.
Type 'man IMPCTE-290' for more detail.
**WARN: (IMPCTE-290):	Could not locate cell INVX1 in any library for view bestcase.
Type 'man IMPCTE-290' for more detail.
**WARN: (IMPCTE-290):	Could not locate cell INVX1 in any library for view bestcase.
Type 'man IMPCTE-290' for more detail.
**WARN: (IMPCTE-290):	Could not locate cell INVX1 in any library for view bestcase.
Type 'man IMPCTE-290' for more detail.
**WARN: (IMPCTE-290):	Could not locate cell INVX1 in any library for view bestcase.
Type 'man IMPCTE-290' for more detail.
**WARN: (IMPCTE-290):	Could not locate cell INVX1 in any library for view bestcase.
Type 'man IMPCTE-290' for more detail.
**WARN: (IMPCTE-290):	Could not locate cell INVX1 in any library for view bestcase.
Type 'man IMPCTE-290' for more detail.
**WARN: (IMPCTE-290):	Could not locate cell INVX1 in any library for view bestcase.
Type 'man IMPCTE-290' for more detail.
**WARN: (IMPCTE-290):	Could not locate cell INVX1 in any library for view bestcase.
Type 'man IMPCTE-290' for more detail.
**WARN: (IMPCTE-290):	Could not locate cell INVX1 in any library for view bestcase.
Type 'man IMPCTE-290' for more detail.
**WARN: (IMPCTE-290):	Could not locate cell INVX1 in any library for view bestcase.
Type 'man IMPCTE-290' for more detail.
**WARN: (IMPCTE-290):	Could not locate cell INVX1 in any library for view bestcase.
Type 'man IMPCTE-290' for more detail.
**WARN: (IMPCTE-290):	Could not locate cell INVX1 in any library for view bestcase.
Type 'man IMPCTE-290' for more detail.
**WARN: (IMPCTE-290):	Could not locate cell INVX1 in any library for view bestcase.
Type 'man IMPCTE-290' for more detail.
**WARN: (IMPCTE-290):	Could not locate cell INVX1 in any library for view bestcase.
Type 'man IMPCTE-290' for more detail.
**WARN: (IMPCTE-290):	Could not locate cell INVX1 in any library for view bestcase.
Type 'man IMPCTE-290' for more detail.
**WARN: (IMPCTE-290):	Could not locate cell INVX1 in any library for view bestcase.
Type 'man IMPCTE-290' for more detail.
**WARN: (IMPCTE-290):	Could not locate cell INVX1 in any library for view bestcase.
Type 'man IMPCTE-290' for more detail.
**WARN: (IMPCTE-290):	Could not locate cell INVX1 in any library for view bestcase.
Type 'man IMPCTE-290' for more detail.
**WARN: (EMS-27):	Message (IMPCTE-290) has exceeded the current message display limit of 20.
To increase the message display limit, refer to the product command reference manual.
AAE_INFO: Resetting and re-constructing cache for AAE clocks ...
Done restore timing graph
Done building cte setup timing graph (fixHold) cpu=0:00:00.5 real=0:00:01.0 totSessionCpu=0:02:32 mem=2223.9M ***

*Info: minBufDelay = 99.6 ps, libStdDelay = 36.0 ps, minBufSize = 18165600 (6.0)
*Info: worst delay setup view: worstcase

------------------------------------------------------------------
     Hold Opt Initial Summary
------------------------------------------------------------------

Setup views included:
 worstcase
Hold views included:
 bestcase

+--------------------+---------+---------+---------+
|     Setup mode     |   all   | reg2reg | default |
+--------------------+---------+---------+---------+
|           WNS (ns):|  5.469  |  5.469  |  6.912  |
|           TNS (ns):|  0.000  |  0.000  |  0.000  |
|    Violating Paths:|    0    |    0    |    0    |
|          All Paths:|   102   |   67    |   52    |
+--------------------+---------+---------+---------+

+--------------------+---------+---------+---------+
|     Hold mode      |   all   | reg2reg | default |
+--------------------+---------+---------+---------+
|           WNS (ns):|  0.000  |  0.000  |  1.738  |
|           TNS (ns):|  0.000  |  0.000  |  0.000  |
|    Violating Paths:|    0    |    0    |    0    |
|          All Paths:|   102   |   67    |   52    |
+--------------------+---------+---------+---------+

+----------------+-------------------------------+------------------+
|                |              Real             |       Total      |
|    DRVs        +------------------+------------+------------------|
|                |  Nr nets(terms)  | Worst Vio  |  Nr nets(terms)  |
+----------------+------------------+------------+------------------+
|   max_cap      |      0 (0)       |   0.000    |      0 (0)       |
|   max_tran     |      0 (0)       |   0.000    |      0 (0)       |
|   max_fanout   |      0 (0)       |     0      |      0 (0)       |
|   max_length   |      0 (0)       |     0      |      0 (0)       |
+----------------+------------------+------------+------------------+

Density: 93.548%
Routing Overflow: 0.00% H and 0.00% V
------------------------------------------------------------------
**optDesign ... cpu = 0:00:02, real = 0:00:01, mem = 1966.9M, totSessionCpu=0:02:33 **
*** BuildHoldData #1 [finish] (optDesign #3) : cpu/real = 0:00:00.9/0:00:00.9 (1.0), totSession cpu/real = 0:02:32.9/0:25:07.2 (0.1), mem = 2179.9M
*** HoldOpt #1 [begin] (optDesign #3) : totSession cpu/real = 0:02:32.9/0:25:07.2 (0.1), mem = 2179.9M
*info: Run optDesign holdfix with 1 thread.
Info: 0 don't touch net , 1 undriven net  excluded from IPO operation.
Info: 1 clock net  excluded from IPO operation.
*** Hold timing is met. Hold fixing is not needed 
**INFO: total 1 insts, 1 nets marked don't touch
**INFO: total 1 insts, 1 nets marked don't touch DB property
**INFO: total 1 insts, 1 nets unmarked don't touch

*** HoldOpt #1 [finish] (optDesign #3) : cpu/real = 0:00:00.0/0:00:00.1 (0.9), totSession cpu/real = 0:02:33.0/0:25:07.3 (0.1), mem = 2342.4M

Active setup views:
 worstcase
  Dominating endpoints: 0
  Dominating TNS: -0.000

[NR-eGR] Started Early Global Route kernel ( Curr Mem: 2302.59 MB )
[NR-eGR] Track table information for default rule: 
[NR-eGR] Metal1 has single uniform track structure
[NR-eGR] Metal2 has single uniform track structure
[NR-eGR] Metal3 has single uniform track structure
[NR-eGR] Metal4 has single uniform track structure
[NR-eGR] Metal5 has single uniform track structure
[NR-eGR] Metal6 has single uniform track structure
[NR-eGR] Metal7 has single uniform track structure
[NR-eGR] Metal8 has single uniform track structure
[NR-eGR] Metal9 has single uniform track structure
[NR-eGR] Read 80 PG shapes
[NR-eGR] Read 0 clock shapes
[NR-eGR] Read 0 other shapes
[NR-eGR] #Routing Blockages  : 0
[NR-eGR] #Instance Blockages : 0
[NR-eGR] #PG Blockages       : 80
[NR-eGR] #Halo Blockages     : 0
[NR-eGR] #Boundary Blockages : 0
[NR-eGR] #Clock Blockages    : 0
[NR-eGR] #Other Blockages    : 0
[NR-eGR] Num Prerouted Nets = 0  Num Prerouted Wires = 0
[NR-eGR] Read 481 nets ( ignored 0 )
[NR-eGR] There are 1 clock nets ( 0 with NDR ).
[NR-eGR] ============ Routing rule table ============
[NR-eGR] Rule id: 0  Nets: 481
[NR-eGR] ========================================
[NR-eGR] 
[NR-eGR] Layer group 1: route 481 net(s) in layer range [2, 9]
[NR-eGR] Early Global Route overflow of layer group 1: 0.00% H + 0.00% V. EstWL: 8.137980e+03um
[NR-eGR] Congestion Analysis By layer: (blocked Gcells are excluded) 
[NR-eGR]                        OverCon            
[NR-eGR]                         #Gcell     %Gcell
[NR-eGR]        Layer             (1-0)    OverCon
[NR-eGR] ----------------------------------------------
[NR-eGR]  Metal1 ( 1)         0( 0.00%)   ( 0.00%) 
[NR-eGR]  Metal2 ( 2)         0( 0.00%)   ( 0.00%) 
[NR-eGR]  Metal3 ( 3)         0( 0.00%)   ( 0.00%) 
[NR-eGR]  Metal4 ( 4)         0( 0.00%)   ( 0.00%) 
[NR-eGR]  Metal5 ( 5)         0( 0.00%)   ( 0.00%) 
[NR-eGR]  Metal6 ( 6)         0( 0.00%)   ( 0.00%) 
[NR-eGR]  Metal7 ( 7)         0( 0.00%)   ( 0.00%) 
[NR-eGR]  Metal8 ( 8)         0( 0.00%)   ( 0.00%) 
[NR-eGR]  Metal9 ( 9)         0( 0.00%)   ( 0.00%) 
[NR-eGR] ----------------------------------------------
[NR-eGR]        Total         0( 0.00%)   ( 0.00%) 
[NR-eGR] 
[NR-eGR] Overflow after Early Global Route 0.00% H + 0.00% V
[NR-eGR] Finished Early Global Route kernel ( CPU: 0.01 sec, Real: 0.01 sec, Curr Mem: 2302.59 MB )
[hotspot] +------------+---------------+---------------+
[hotspot] |            |   max hotspot | total hotspot |
[hotspot] +------------+---------------+---------------+
[hotspot] | normalized |          0.00 |          0.00 |
[hotspot] +------------+---------------+---------------+
Local HotSpot Analysis: normalized max congestion hotspot area = 0.00, normalized total congestion hotspot area = 0.00 (area is in unit of 4 std-cell row bins)
[hotspot] Hotspot report including placement blocked areas
[hotspot] +------------+---------------+---------------+
[hotspot] |            |   max hotspot | total hotspot |
[hotspot] +------------+---------------+---------------+
[hotspot] | normalized |          0.00 |          0.00 |
[hotspot] +------------+---------------+---------------+
Local HotSpot Analysis (blockage included): normalized max congestion hotspot area = 0.00, normalized total congestion hotspot area = 0.00 (area is in unit of 4 std-cell row bins)
Reported timing to dir ./timingReports
**optDesign ... cpu = 0:00:02, real = 0:00:01, mem = 2054.1M, totSessionCpu=0:02:33 **
Saving timing graph ...
Done save timing graph
Starting delay calculation for Hold views
AAE_INFO: opIsDesignInPostRouteState() is 0
#################################################################################
# Design Stage: PreRoute
# Design Name: alarm_clock_top
# Design Mode: 90nm
# Analysis Mode: MMMC Non-OCV 
# Parasitics Mode: No SPEF/RCDB 
# Signoff Settings: SI Off 
#################################################################################
Calculate delays in BcWc mode...
Start delay calculation (fullDC) (1 T). (MEM=2283.6)
*** Calculating scaling factor for min_timing libraries using the default operating condition of each library.
Total number of fetched objects 480
End delay calculation. (MEM=2282.93 CPU=0:00:00.0 REAL=0:00:00.0)
End delay calculation (fullDC). (MEM=2282.93 CPU=0:00:00.1 REAL=0:00:00.0)
*** Done Building Timing Graph (cpu=0:00:00.1 real=0:00:00.0 totSessionCpu=0:02:33 mem=2282.9M)
Restoring timing graph ...
AAE_INFO: Resetting and re-constructing cache for AAE clocks ...
Done restore timing graph

------------------------------------------------------------------
     optDesign Final Summary
------------------------------------------------------------------

Setup views included:
 worstcase 
Hold views included:
 bestcase

+--------------------+---------+---------+---------+
|     Setup mode     |   all   | reg2reg | default |
+--------------------+---------+---------+---------+
|           WNS (ns):|  5.469  |  5.469  |  6.912  |
|           TNS (ns):|  0.000  |  0.000  |  0.000  |
|    Violating Paths:|    0    |    0    |    0    |
|          All Paths:|   102   |   67    |   52    |
+--------------------+---------+---------+---------+

+--------------------+---------+---------+---------+
|     Hold mode      |   all   | reg2reg | default |
+--------------------+---------+---------+---------+
|           WNS (ns):|  0.000  |  0.000  |  1.738  |
|           TNS (ns):|  0.000  |  0.000  |  0.000  |
|    Violating Paths:|    0    |    0    |    0    |
|          All Paths:|   102   |   67    |   52    |
+--------------------+---------+---------+---------+

+----------------+-------------------------------+------------------+
|                |              Real             |       Total      |
|    DRVs        +------------------+------------+------------------|
|                |  Nr nets(terms)  | Worst Vio  |  Nr nets(terms)  |
+----------------+------------------+------------+------------------+
|   max_cap      |      0 (0)       |   0.000    |      0 (0)       |
|   max_tran     |      0 (0)       |   0.000    |      0 (0)       |
|   max_fanout   |      0 (0)       |     0      |      0 (0)       |
|   max_length   |      0 (0)       |     0      |      0 (0)       |
+----------------+------------------+------------+------------------+

Density: 93.548%
Routing Overflow: 0.00% H and 0.00% V
------------------------------------------------------------------
**optDesign ... cpu = 0:00:02, real = 0:00:03, mem = 2089.8M, totSessionCpu=0:02:34 **
*** Finished optDesign ***
Info: Destroy the CCOpt slew target map.
*** optDesign #3 [finish] : cpu/real = 0:00:02.5/0:00:03.0 (0.8), totSession cpu/real = 0:02:33.6/0:25:08.5 (0.1), mem = 2282.9M
<CMD> getFillerMode -quiet
<CMD> addFiller -cell FILL32 FILL4 FILL16 FILL8 FILL64 FILL2 FILL1 -prefix FILLER -doDRC -fitGap
*INFO: Adding fillers to top-module.
*INFO:   Added 0 filler inst  (cell FILL64 / prefix FILLER).
*INFO:   Added 0 filler inst  (cell FILL32 / prefix FILLER).
*INFO:   Added 0 filler inst  (cell FILL16 / prefix FILLER).
*INFO:   Added 0 filler inst  (cell FILL8 / prefix FILLER).
*INFO:   Added 32 filler insts (cell FILL4 / prefix FILLER).
*INFO:   Added 64 filler insts (cell FILL2 / prefix FILLER).
*INFO:   Added 66 filler insts (cell FILL1 / prefix FILLER).
*INFO: Total 162 filler insts added - prefix FILLER (CPU: 0:00:00.0).
For 162 new insts, <CMD> setNanoRouteMode -quiet -routeTopRoutingLayer 9
#WARNING (NRIF-91) Option setNanoRouteMode -routeTopRoutingLayer is obsolete. It will continue to work for the current release. To ensure compatibility with future releases, use option setDesignMode -topRoutingLayer instead.
<CMD> setNanoRouteMode -quiet -routeBottomRoutingLayer 1
#WARNING (NRIF-90) Option setNanoRouteMode -routeBottomRoutingLayer is obsolete. It will continue to work for the current release. To ensure compatibility with future releases, use option setDesignMode -bottomRoutingLayer instead.
<CMD> setNanoRouteMode -quiet -drouteEndIteration 1
<CMD> setNanoRouteMode -quiet -routeWithTimingDriven false
<CMD> setNanoRouteMode -quiet -routeWithSiDriven false
<CMD> routeDesign -globalDetail -viaOpt -wireOpt
#routeDesign: cpu time = 00:00:00, elapsed time = 00:00:00, memory = 2008.62 (MB), peak = 2131.46 (MB)
AAE_INFO: Pre Route call back at the beginning of routeDesign
#**INFO: setDesignMode -flowEffort standard
#**INFO: setDesignMode -powerEffort none
#WARNING (NRIG-96) Selected single pass global detail route "-globalDetail". Clock eco and post optimizations will not be run. See "man NRIG-96" for more details.
#WARNING (NRIG-144) Cannot combine -viaOpt with -globalDetail option. The -viaOpt will be ignored.
**INFO: User settings:
setNanoRouteMode -drouteEndIteration            1
setNanoRouteMode -droutePostRouteSpreadWire     1
setNanoRouteMode -droutePostRouteWidenWireRule  LEFDefaultRouteSpec_gpdk090
setNanoRouteMode -extractThirdPartyCompatible   false
setNanoRouteMode -routeBottomRoutingLayer       1
setNanoRouteMode -routeTopRoutingLayer          9
setNanoRouteMode -routeWithSiDriven             false
setNanoRouteMode -routeWithTimingDriven         false
setNanoRouteMode -timingEngine                  {}
setExtractRCMode -engine                        preRoute
setDelayCalMode -enable_high_fanout             true
setDelayCalMode -engine                         aae
setDelayCalMode -ignoreNetLoad                  false
setDelayCalMode -socv_accuracy_mode             low
setSIMode -separate_delta_delay_on_data         true

#**INFO: multi-cut via swapping will not be performed after routing.
#**INFO: All auto set options tuned by routeDesign will be restored to their original settings on command completion.
Begin checking placement ... (start mem=2222.2M, init mem=2222.2M)
*info: Placed = 622           
*info: Unplaced = 0           
Placement Density:100.00%(3778/3778)
Placement Density (including fixed std cells):100.00%(3778/3778)
Finished checkPlace (total: cpu=0:00:00.0, real=0:00:00.0; vio checks: cpu=0:00:00.0, real=0:00:00.0; mem=2222.2M)

changeUseClockNetStatus Option :  -noFixedNetWires 
*** Changed status on (0) nets in Clock.
*** End changeUseClockNetStatus (cpu=0:00:00.0, real=0:00:00.0, mem=2222.2M) ***

globalDetailRoute

#Start globalDetailRoute on Sat Mar  7 16:56:16 2026
#
#WARNING (NRIG-1303) The congestion map does not match the GCELL grid. Clearing the map.
#Invoke dbWirePreImport deleteTR=1 convert_unrouted=0 selected_only=0 (nr_selected_net=0)
#num needed restored net=0
#need_extraction net=0 (total=484)
#WARNING (NRDB-2005) SPECIAL_NET VDD has special wires but no definitions for instance pins or top level pins. This will cause routability problems later.
#WARNING (NRDB-2005) SPECIAL_NET VSS has special wires but no definitions for instance pins or top level pins. This will cause routability problems later.
#NanoRoute Version 21.15-s110_1 NR220912-2004/21_15-UB
#Total number of trivial nets (e.g. < 2 pins) = 3 (skipped).
#Total number of routable nets = 481.
#Total number of nets in the design = 484.
#481 routable nets do not have any wires.
#481 nets will be global routed.
#Start routing data preparation on Sat Mar  7 16:56:16 2026
#
#Minimum voltage of a net in the design = 0.000.
#Maximum voltage of a net in the design = 1.100.
#Voltage range [0.000 - 1.100] has 482 nets.
#Voltage range [0.900 - 1.100] has 1 net.
#Voltage range [0.000 - 0.000] has 1 net.
#Build and mark too close pins for the same net.
#Rebuild pin access data for design.
#Initial pin access analysis.
#Detail pin access analysis.
# Metal1       H   Track-Pitch = 0.29000    Line-2-Via Pitch = 0.25500
# Metal2       V   Track-Pitch = 0.29000    Line-2-Via Pitch = 0.28500
# Metal3       H   Track-Pitch = 0.29000    Line-2-Via Pitch = 0.28500
# Metal4       V   Track-Pitch = 0.29000    Line-2-Via Pitch = 0.28500
# Metal5       H   Track-Pitch = 0.29000    Line-2-Via Pitch = 0.28500
# Metal6       V   Track-Pitch = 0.29000    Line-2-Via Pitch = 0.28500
# Metal7       H   Track-Pitch = 0.29000    Line-2-Via Pitch = 0.28500
# Metal8       V   Track-Pitch = 0.87000    Line-2-Via Pitch = 0.85000
# Metal9       H   Track-Pitch = 0.87000    Line-2-Via Pitch = 0.85000
#cpu time = 00:00:00, elapsed time = 00:00:00, memory = 2018.13 (MB), peak = 2131.46 (MB)
#Regenerating Ggrids automatically.
#Auto generating G-grids with size=15 tracks, using layer Metal3's pitch = 0.29000.
#Using automatically generated G-grids.
#(check_and_prepare_match_target_file) no match_target_file in constraint. quit
#Done routing data preparation.
#cpu time = 00:00:01, elapsed time = 00:00:01, memory = 2023.71 (MB), peak = 2131.46 (MB)
#
#Finished routing data preparation on Sat Mar  7 16:56:17 2026
#
#Cpu time = 00:00:01
#Elapsed time = 00:00:01
#Increased memory = 13.48 (MB)
#Total memory = 2023.71 (MB)
#Peak memory = 2131.46 (MB)
#
#
#Start global routing on Sat Mar  7 16:56:17 2026
#
#
#Start global routing initialization on Sat Mar  7 16:56:17 2026
#
#Number of eco nets is 0
#
#Start global routing data preparation on Sat Mar  7 16:56:17 2026
#
#Start routing resource analysis on Sat Mar  7 16:56:17 2026
#
#Routing resource analysis is done on Sat Mar  7 16:56:17 2026
#
#  Resource Analysis:
#
#               Routing  #Avail      #Track     #Total     %Gcell
#  Layer      Direction   Track     Blocked      Gcell    Blocked
#  --------------------------------------------------------------
#  Metal1         H         161         150         441    44.22%
#  Metal2         V         319           2         441     0.00%
#  Metal3         H         310           1         441     0.00%
#  Metal4         V         320           1         441     0.00%
#  Metal5         H         310           1         441     0.00%
#  Metal6         V         320           1         441     0.00%
#  Metal7         H         311           0         441     0.00%
#  Metal8         V          53          53         441    34.01%
#  Metal9         H          49          54         441    43.99%
#  --------------------------------------------------------------
#  Total                   2156      16.76%        3969    13.58%
#
#
#
#
#Global routing data preparation is done on Sat Mar  7 16:56:17 2026
#
#cpu time = 00:00:00, elapsed time = 00:00:00, memory = 2023.71 (MB), peak = 2131.46 (MB)
#
#
#Global routing initialization is done on Sat Mar  7 16:56:17 2026
#
#cpu time = 00:00:00, elapsed time = 00:00:00, memory = 2023.71 (MB), peak = 2131.46 (MB)
#
#start global routing iteration 1...
#cpu time = 00:00:00, elapsed time = 00:00:00, memory = 2027.79 (MB), peak = 2131.46 (MB)
#
#start global routing iteration 2...
#cpu time = 00:00:00, elapsed time = 00:00:00, memory = 2027.79 (MB), peak = 2131.46 (MB)
#
#
#Total number of trivial nets (e.g. < 2 pins) = 3 (skipped).
#Total number of routable nets = 481.
#Total number of nets in the design = 484.
#
#481 routable nets have routed wires.
#
#Routed nets constraints summary:
#-----------------------------
#        Rules   Unconstrained  
#-----------------------------
#      Default             481  
#-----------------------------
#        Total             481  
#-----------------------------
#
#Routing constraints summary of the whole design:
#-----------------------------
#        Rules   Unconstrained  
#-----------------------------
#      Default             481  
#-----------------------------
#        Total             481  
#-----------------------------
#
#
#  Congestion Analysis: (blocked Gcells are excluded)
#
#                 OverCon          
#                  #Gcell    %Gcell
#     Layer           (1)   OverCon
#  --------------------------------
#  Metal1        0(0.00%)   (0.00%)
#  Metal2        0(0.00%)   (0.00%)
#  Metal3        0(0.00%)   (0.00%)
#  Metal4        0(0.00%)   (0.00%)
#  Metal5        0(0.00%)   (0.00%)
#  Metal6        0(0.00%)   (0.00%)
#  Metal7        0(0.00%)   (0.00%)
#  Metal8        0(0.00%)   (0.00%)
#  Metal9        0(0.00%)   (0.00%)
#  --------------------------------
#     Total      0(0.00%)   (0.00%)
#
#  The worst congested Gcell overcon (routing demand over resource in number of tracks) = 1
#  Overflow after GR: 0.00% H + 0.00% V
#
#Hotspot report including placement blocked areas
[hotspot] +----------------+-------------------+-------------------+-------------------------------------+
[hotspot] |      layer     |    max hotspot    |   total hotspot   |            hotspot bbox             |
[hotspot] +----------------+-------------------+-------------------+-------------------------------------+
[hotspot] |   Metal1(H)    |              0.00 |              0.00 |   (none)                            |
[hotspot] |   Metal2(V)    |              0.00 |              0.00 |   (none)                            |
[hotspot] |   Metal3(H)    |              0.00 |              0.00 |   (none)                            |
[hotspot] |   Metal4(V)    |              0.00 |              0.00 |   (none)                            |
[hotspot] |   Metal5(H)    |              0.00 |              0.00 |   (none)                            |
[hotspot] |   Metal6(V)    |              0.00 |              0.00 |   (none)                            |
[hotspot] |   Metal7(H)    |              0.00 |              0.00 |   (none)                            |
[hotspot] |   Metal8(V)    |              0.00 |              0.00 |   (none)                            |
[hotspot] |   Metal9(H)    |              0.00 |              0.00 |   (none)                            |
[hotspot] +----------------+-------------------+-------------------+-------------------------------------+
[hotspot] |      worst     |              0.00 |              0.00 |                                     |
[hotspot] +----------------+-------------------+-------------------+-------------------------------------+
[hotspot] |   all layers   |              0.00 |              0.00 |                                     |
[hotspot] +----------------+-------------------+-------------------+-------------------------------------+
Local HotSpot Analysis (blockage included) (3d): normalized congestion max/total hotspot area = 0.00/0.00 (area is in unit of 4 std-cell row bins)
#Complete Global Routing.
#Total wire length = 7991 um.
#Total half perimeter of net bounding box = 8173 um.
#Total wire length on LAYER Metal1 = 13 um.
#Total wire length on LAYER Metal2 = 3670 um.
#Total wire length on LAYER Metal3 = 3650 um.
#Total wire length on LAYER Metal4 = 525 um.
#Total wire length on LAYER Metal5 = 48 um.
#Total wire length on LAYER Metal6 = 64 um.
#Total wire length on LAYER Metal7 = 0 um.
#Total wire length on LAYER Metal8 = 21 um.
#Total wire length on LAYER Metal9 = 0 um.
#Total number of vias = 2185
#Up-Via Summary (total 2185):
#           
#-----------------------
# Metal1           1314
# Metal2            817
# Metal3             41
# Metal4              7
# Metal5              4
# Metal6              1
# Metal7              1
#-----------------------
#                  2185 
#
#Max overcon = 0 track.
#Total overcon = 0.00%.
#Worst layer Gcell overcon rate = 0.00%.
#
#Global routing statistics:
#Cpu time = 00:00:00
#Elapsed time = 00:00:00
#Increased memory = 4.32 (MB)
#Total memory = 2028.03 (MB)
#Peak memory = 2131.46 (MB)
#
#Finished global routing on Sat Mar  7 16:56:17 2026
#
#
#cpu time = 00:00:00, elapsed time = 00:00:00, memory = 2028.34 (MB), peak = 2131.46 (MB)
#Start Track Assignment.
#Done with 540 horizontal wires in 1 hboxes and 576 vertical wires in 1 hboxes.
#Done with 161 horizontal wires in 1 hboxes and 143 vertical wires in 1 hboxes.
#Done with 1 horizontal wires in 1 hboxes and 1 vertical wires in 1 hboxes.
#
#Track assignment summary:
# layer   (wire length)   (overlap)     (long ovlp)	(with obs/pg/clk)  
#------------------------------------------------------------------------
# Metal1         9.64 	  0.00%  	  0.00% 	  0.00%
# Metal2      3666.04 	  0.05%  	  0.00% 	  0.00%
# Metal3      3569.15 	  0.15%  	  0.00% 	  0.00%
# Metal4       525.11 	  0.00%  	  0.00% 	  0.00%
# Metal5        45.96 	  0.00%  	  0.00% 	  0.00%
# Metal6        64.52 	  0.00%  	  0.00% 	  0.00%
# Metal7         0.00 	  0.00%  	  0.00% 	  0.00%
# Metal8        21.61 	  0.00%  	  0.00% 	  0.00%
# Metal9         0.00 	  0.00%  	  0.00% 	  0.00%
#------------------------------------------------------------------------
# All        7902.01  	  0.09% 	  0.00% 	  0.00%
#Complete Track Assignment.
#Total wire length = 7826 um.
#Total half perimeter of net bounding box = 8173 um.
#Total wire length on LAYER Metal1 = 9 um.
#Total wire length on LAYER Metal2 = 3622 um.
#Total wire length on LAYER Metal3 = 3542 um.
#Total wire length on LAYER Metal4 = 522 um.
#Total wire length on LAYER Metal5 = 46 um.
#Total wire length on LAYER Metal6 = 64 um.
#Total wire length on LAYER Metal7 = 0 um.
#Total wire length on LAYER Metal8 = 21 um.
#Total wire length on LAYER Metal9 = 0 um.
#Total number of vias = 2185
#Up-Via Summary (total 2185):
#           
#-----------------------
# Metal1           1314
# Metal2            817
# Metal3             41
# Metal4              7
# Metal5              4
# Metal6              1
# Metal7              1
#-----------------------
#                  2185 
#
#cpu time = 00:00:00, elapsed time = 00:00:00, memory = 2028.49 (MB), peak = 2131.46 (MB)
#
#Routing data preparation, pin analysis, global routing and track assignment statistics:
#Cpu time = 00:00:01
#Elapsed time = 00:00:01
#Increased memory = 18.26 (MB)
#Total memory = 2028.49 (MB)
#Peak memory = 2131.46 (MB)
#
#Start Detail Routing..
#start initial detail routing ...
#   number of violations = 1
#
#    By Layer and Type :
#	          Short   Totals
#	Metal1        0        0
#	Metal2        1        1
#	Totals        1        1
#cpu time = 00:00:01, elapsed time = 00:00:01, memory = 2039.08 (MB), peak = 2131.46 (MB)
#start 1st optimization iteration ...
#   number of violations = 0
#cpu time = 00:00:00, elapsed time = 00:00:00, memory = 2038.96 (MB), peak = 2131.46 (MB)
#Complete Detail Routing.
#Total wire length = 8753 um.
#Total half perimeter of net bounding box = 8173 um.
#Total wire length on LAYER Metal1 = 171 um.
#Total wire length on LAYER Metal2 = 3814 um.
#Total wire length on LAYER Metal3 = 3580 um.
#Total wire length on LAYER Metal4 = 1058 um.
#Total wire length on LAYER Metal5 = 55 um.
#Total wire length on LAYER Metal6 = 52 um.
#Total wire length on LAYER Metal7 = 0 um.
#Total wire length on LAYER Metal8 = 24 um.
#Total wire length on LAYER Metal9 = 0 um.
#Total number of vias = 2515
#Up-Via Summary (total 2515):
#           
#-----------------------
# Metal1           1376
# Metal2           1015
# Metal3            109
# Metal4              9
# Metal5              4
# Metal6              1
# Metal7              1
#-----------------------
#                  2515 
#
#Total number of DRC violations = 0
#Cpu time = 00:00:01
#Elapsed time = 00:00:01
#Increased memory = 10.47 (MB)
#Total memory = 2038.96 (MB)
#Peak memory = 2131.46 (MB)
#
#Start Post Route wire spreading..
#
#Start DRC checking..
#   number of violations = 0
#cpu time = 00:00:00, elapsed time = 00:00:00, memory = 2039.27 (MB), peak = 2131.46 (MB)
#CELL_VIEW alarm_clock_top,init has no DRC violation.
#Total number of DRC violations = 0
#Total number of process antenna violations = 0
#Total number of net violated process antenna rule = 0
#
#Start data preparation for wire spreading...
#
#Data preparation is done on Sat Mar  7 16:56:19 2026
#
#
#Start Post Route Wire Spread.
#Done with 122 horizontal wires in 1 hboxes and 98 vertical wires in 1 hboxes.
#Complete Post Route Wire Spread.
#
#Total wire length = 8867 um.
#Total half perimeter of net bounding box = 8173 um.
#Total wire length on LAYER Metal1 = 171 um.
#Total wire length on LAYER Metal2 = 3854 um.
#Total wire length on LAYER Metal3 = 3645 um.
#Total wire length on LAYER Metal4 = 1067 um.
#Total wire length on LAYER Metal5 = 55 um.
#Total wire length on LAYER Metal6 = 52 um.
#Total wire length on LAYER Metal7 = 0 um.
#Total wire length on LAYER Metal8 = 24 um.
#Total wire length on LAYER Metal9 = 0 um.
#Total number of vias = 2515
#Up-Via Summary (total 2515):
#           
#-----------------------
# Metal1           1376
# Metal2           1015
# Metal3            109
# Metal4              9
# Metal5              4
# Metal6              1
# Metal7              1
#-----------------------
#                  2515 
#
#
#Start DRC checking..
#   number of violations = 0
#cpu time = 00:00:00, elapsed time = 00:00:00, memory = 2038.75 (MB), peak = 2131.46 (MB)
#CELL_VIEW alarm_clock_top,init has no DRC violation.
#Total number of DRC violations = 0
#Total number of process antenna violations = 0
#Total number of net violated process antenna rule = 0
#   number of violations = 0
#cpu time = 00:00:00, elapsed time = 00:00:00, memory = 2038.75 (MB), peak = 2131.46 (MB)
#CELL_VIEW alarm_clock_top,init has no DRC violation.
#Total number of DRC violations = 0
#Total number of process antenna violations = 0
#Total number of net violated process antenna rule = 0
#Post Route wire spread is done.
#Total wire length = 8867 um.
#Total half perimeter of net bounding box = 8173 um.
#Total wire length on LAYER Metal1 = 171 um.
#Total wire length on LAYER Metal2 = 3854 um.
#Total wire length on LAYER Metal3 = 3645 um.
#Total wire length on LAYER Metal4 = 1067 um.
#Total wire length on LAYER Metal5 = 55 um.
#Total wire length on LAYER Metal6 = 52 um.
#Total wire length on LAYER Metal7 = 0 um.
#Total wire length on LAYER Metal8 = 24 um.
#Total wire length on LAYER Metal9 = 0 um.
#Total number of vias = 2515
#Up-Via Summary (total 2515):
#           
#-----------------------
# Metal1           1376
# Metal2           1015
# Metal3            109
# Metal4              9
# Metal5              4
# Metal6              1
# Metal7              1
#-----------------------
#                  2515 
#
#detailRoute Statistics:
#Cpu time = 00:00:01
#Elapsed time = 00:00:01
#Increased memory = 10.27 (MB)
#Total memory = 2038.75 (MB)
#Peak memory = 2131.46 (MB)
#	no debugging net set
#
#globalDetailRoute statistics:
#Cpu time = 00:00:03
#Elapsed time = 00:00:03
#Increased memory = 4.28 (MB)
#Total memory = 2013.05 (MB)
#Peak memory = 2131.46 (MB)
#Number of warnings = 3
#Total number of warnings = 7
#Number of fails = 0
#Total number of fails = 0
#Complete globalDetailRoute on Sat Mar  7 16:56:19 2026
#
#Default setup view is reset to worstcase.

detailRoute

#Start detailRoute on Sat Mar  7 16:56:19 2026
#
#Invoke dbWirePreImport deleteTR=1 convert_unrouted=0 selected_only=0 (nr_selected_net=0)
#num needed restored net=0
#need_extraction net=0 (total=484)
#WARNING (NRDB-2005) SPECIAL_NET VDD has special wires but no definitions for instance pins or top level pins. This will cause routability problems later.
#WARNING (NRDB-2005) SPECIAL_NET VSS has special wires but no definitions for instance pins or top level pins. This will cause routability problems later.
#NanoRoute Version 21.15-s110_1 NR220912-2004/21_15-UB
#Start routing data preparation on Sat Mar  7 16:56:19 2026
#
#Minimum voltage of a net in the design = 0.000.
#Maximum voltage of a net in the design = 1.100.
#Voltage range [0.000 - 1.100] has 482 nets.
#Voltage range [0.900 - 1.100] has 1 net.
#Voltage range [0.000 - 0.000] has 1 net.
#Build and mark too close pins for the same net.
#Initial pin access analysis.
#Detail pin access analysis.
# Metal1       H   Track-Pitch = 0.29000    Line-2-Via Pitch = 0.25500
# Metal2       V   Track-Pitch = 0.29000    Line-2-Via Pitch = 0.28500
# Metal3       H   Track-Pitch = 0.29000    Line-2-Via Pitch = 0.28500
# Metal4       V   Track-Pitch = 0.29000    Line-2-Via Pitch = 0.28500
# Metal5       H   Track-Pitch = 0.29000    Line-2-Via Pitch = 0.28500
# Metal6       V   Track-Pitch = 0.29000    Line-2-Via Pitch = 0.28500
# Metal7       H   Track-Pitch = 0.29000    Line-2-Via Pitch = 0.28500
# Metal8       V   Track-Pitch = 0.87000    Line-2-Via Pitch = 0.85000
# Metal9       H   Track-Pitch = 0.87000    Line-2-Via Pitch = 0.85000
#cpu time = 00:00:00, elapsed time = 00:00:00, memory = 2009.97 (MB), peak = 2131.46 (MB)
#Regenerating Ggrids automatically.
#Auto generating G-grids with size=15 tracks, using layer Metal3's pitch = 0.29000.
#Using automatically generated G-grids.
#(check_and_prepare_match_target_file) no match_target_file in constraint. quit
#Done routing data preparation.
#cpu time = 00:00:00, elapsed time = 00:00:00, memory = 2013.77 (MB), peak = 2131.46 (MB)
#
#Start Post Route wire spreading..
#
#Start data preparation for wire spreading...
#
#Data preparation is done on Sat Mar  7 16:56:19 2026
#
#
#Start Post Route Wire Spread.
#Done with 20 horizontal wires in 1 hboxes and 23 vertical wires in 1 hboxes.
#Complete Post Route Wire Spread.
#
#Total wire length = 8876 um.
#Total half perimeter of net bounding box = 8173 um.
#Total wire length on LAYER Metal1 = 171 um.
#Total wire length on LAYER Metal2 = 3860 um.
#Total wire length on LAYER Metal3 = 3647 um.
#Total wire length on LAYER Metal4 = 1067 um.
#Total wire length on LAYER Metal5 = 55 um.
#Total wire length on LAYER Metal6 = 52 um.
#Total wire length on LAYER Metal7 = 0 um.
#Total wire length on LAYER Metal8 = 24 um.
#Total wire length on LAYER Metal9 = 0 um.
#Total number of vias = 2515
#Up-Via Summary (total 2515):
#           
#-----------------------
# Metal1           1376
# Metal2           1015
# Metal3            109
# Metal4              9
# Metal5              4
# Metal6              1
# Metal7              1
#-----------------------
#                  2515 
#
#   number of violations = 0
#cpu time = 00:00:00, elapsed time = 00:00:00, memory = 2013.78 (MB), peak = 2131.46 (MB)
#CELL_VIEW alarm_clock_top,init has no DRC violation.
#Total number of DRC violations = 0
#Total number of process antenna violations = 0
#Total number of net violated process antenna rule = 0
#Post Route wire spread is done.
#Total wire length = 8876 um.
#Total half perimeter of net bounding box = 8173 um.
#Total wire length on LAYER Metal1 = 171 um.
#Total wire length on LAYER Metal2 = 3860 um.
#Total wire length on LAYER Metal3 = 3647 um.
#Total wire length on LAYER Metal4 = 1067 um.
#Total wire length on LAYER Metal5 = 55 um.
#Total wire length on LAYER Metal6 = 52 um.
#Total wire length on LAYER Metal7 = 0 um.
#Total wire length on LAYER Metal8 = 24 um.
#Total wire length on LAYER Metal9 = 0 um.
#Total number of vias = 2515
#Up-Via Summary (total 2515):
#           
#-----------------------
# Metal1           1376
# Metal2           1015
# Metal3            109
# Metal4              9
# Metal5              4
# Metal6              1
# Metal7              1
#-----------------------
#                  2515 
#
#	no debugging net set
#
#detailRoute statistics:
#Cpu time = 00:00:00
#Elapsed time = 00:00:00
#Increased memory = 3.85 (MB)
#Total memory = 2009.48 (MB)
#Peak memory = 2131.46 (MB)
#Number of warnings = 2
#Total number of warnings = 9
#Number of fails = 0
#Total number of fails = 0
#Complete detailRoute on Sat Mar  7 16:56:19 2026
#
#Default setup view is reset to worstcase.
AAE_INFO: Post Route call back at the end of routeDesign
#routeDesign: cpu time = 00:00:03, elapsed time = 00:00:03, memory = 2007.54 (MB), peak = 2131.46 (MB)
*** Message Summary: 0 warning(s), 0 error(s)

<CMD> saveDesign postroute.enc
#% Begin save design ... (date=03/07 16:57:08, mem=2008.0M)
% Begin Save ccopt configuration ... (date=03/07 16:57:08, mem=2008.0M)
% End Save ccopt configuration ... (date=03/07 16:57:08, total cpu=0:00:00.0, real=0:00:00.0, peak res=2008.5M, current mem=2008.5M)
% Begin Save netlist data ... (date=03/07 16:57:08, mem=2008.5M)
Writing Binary DB to postroute.enc.dat/alarm_clock_top.v.bin in single-threaded mode...
% End Save netlist data ... (date=03/07 16:57:08, total cpu=0:00:00.0, real=0:00:00.0, peak res=2008.5M, current mem=2008.5M)
Saving symbol-table file ...
Saving congestion map file postroute.enc.dat/alarm_clock_top.route.congmap.gz ...
% Begin Save AAE data ... (date=03/07 16:57:08, mem=2008.8M)
Saving AAE Data ...
AAE DB initialization (MEM=2212.79 CPU=0:00:00.0 REAL=0:00:00.0) 
% End Save AAE data ... (date=03/07 16:57:08, total cpu=0:00:00.0, real=0:00:00.0, peak res=2009.4M, current mem=2009.4M)
Saving preference file postroute.enc.dat/gui.pref.tcl ...
Saving mode setting ...
Saving global file ...
% Begin Save floorplan data ... (date=03/07 16:57:09, mem=2010.0M)
Saving floorplan file ...
% End Save floorplan data ... (date=03/07 16:57:09, total cpu=0:00:00.0, real=0:00:00.0, peak res=2010.0M, current mem=2010.0M)
Saving Drc markers ...
... No Drc file written since there is no markers found.
% Begin Save placement data ... (date=03/07 16:57:09, mem=2010.0M)
** Saving stdCellPlacement_binary (version# 2) ...
Save Adaptive View Pruning View Names to Binary file
% End Save placement data ... (date=03/07 16:57:09, total cpu=0:00:00.0, real=0:00:00.0, peak res=2010.0M, current mem=2010.0M)
% Begin Save routing data ... (date=03/07 16:57:09, mem=2010.0M)
Saving route file ...
*** Completed saveRoute (cpu=0:00:00.0 real=0:00:00.0 mem=2213.3M) ***
% End Save routing data ... (date=03/07 16:57:09, total cpu=0:00:00.0, real=0:00:00.0, peak res=2010.1M, current mem=2010.1M)
Saving property file postroute.enc.dat/alarm_clock_top.prop
*** Completed saveProperty (cpu=0:00:00.0 real=0:00:00.0 mem=2216.3M) ***
#Saving pin access data to file postroute.enc.dat/alarm_clock_top.apa ...
#
% Begin Save power constraints data ... (date=03/07 16:57:09, mem=2010.2M)
% End Save power constraints data ... (date=03/07 16:57:09, total cpu=0:00:00.0, real=0:00:00.0, peak res=2010.2M, current mem=2010.2M)
rc_corners
Generated self-contained design postroute.enc.dat
#% End save design ... (date=03/07 16:57:09, total cpu=0:00:00.3, real=0:00:01.0, peak res=2011.1M, current mem=2011.1M)
*** Message Summary: 0 warning(s), 0 error(s)

<CMD> redirect -quiet {set honorDomain [getAnalysisMode -honorClockDomains]} > /dev/null
<CMD> timeDesign -postRoute -pathReports -drvReports -slackReports -numPaths 50 -prefix alarm_clock_top_postRoute -outDir timingReports
Switching SI Aware to true by default in postroute mode   
AAE_INFO: switching -siAware from false to true ...
AAE_INFO: The setting is changed from false to true in setDelayCalMode -SIAware

**ERROR: (IMPOPT-7027):	The analysis mode needs to be set to 'OCV' in post route stage for post route timing & optimization. To avoid this message & allow post route steps to proceed set 'setAnalysisMode -analysisType onChipVariation'. It is also recommended to set '-cppr both' alongside this to remove clock re-convergence pessimism for both setup and hold modes.

<CMD> setAnalysisMode -cppr both -clockGatingCheck true -timeBorrowing true -useOutputPinCap true -sequentialConstProp false -timingSelfLoopsNoSkew false -enableMultipleDriveNet true -clkSrcPath true -warn true -usefulSkew false -analysisType onChipVariation -log true
<CMD> redirect -quiet {set honorDomain [getAnalysisMode -honorClockDomains]} > /dev/null
<CMD> timeDesign -postRoute -pathReports -drvReports -slackReports -numPaths 50 -prefix alarm_clock_top_postRoute -outDir timingReports
*** timeDesign #5 [begin] : totSession cpu/real = 0:02:55.1/0:29:20.6 (0.1), mem = 2235.6M
 Reset EOS DB
Ignoring AAE DB Resetting ...
Extraction called for design 'alarm_clock_top' of instances=622 and nets=484 using extraction engine 'postRoute' at effort level 'low' .
**WARN: (IMPEXT-3530):	The process node is not set. Use the command setDesignMode -process <process node> prior to extraction for maximum accuracy and optimal automatic threshold setting.
Type 'man IMPEXT-3530' for more detail.
PostRoute (effortLevel low) RC Extraction called for design alarm_clock_top.
RC Extraction called in multi-corner(1) mode.
Process corner(s) are loaded.
 Corner: rc_corners
extractDetailRC Option : -outfile /tmp/innovus_temp_29017_ic312.vit.ac.in_vlsi_eABrIK/alarm_clock_top_29017_jatW78.rcdb.d  -extended
RC Mode: PostRoute -effortLevel low [Extended CapTable, RC Table Resistances]
      RC Corner Indexes            0   
Capacitance Scaling Factor   : 1.00000 
Coupling Cap. Scaling Factor : 1.00000 
Resistance Scaling Factor    : 1.00000 
Clock Cap. Scaling Factor    : 1.00000 
Clock Res. Scaling Factor    : 1.00000 
Shrink Factor                : 1.00000
Initializing multi-corner capacitance tables ... 
Initializing multi-corner resistance tables ...
Checking LVS Completed (CPU Time= 0:00:00.0  MEM= 2235.6M)
Extracted 10.0499% (CPU Time= 0:00:00.0  MEM= 2267.6M)
Extracted 20.0472% (CPU Time= 0:00:00.0  MEM= 2267.6M)
Extracted 30.0446% (CPU Time= 0:00:00.0  MEM= 2267.6M)
Extracted 40.042% (CPU Time= 0:00:00.0  MEM= 2267.6M)
Extracted 50.0394% (CPU Time= 0:00:00.0  MEM= 2267.6M)
Extracted 60.0367% (CPU Time= 0:00:00.0  MEM= 2267.6M)
Extracted 70.0341% (CPU Time= 0:00:00.0  MEM= 2267.6M)
Extracted 80.0315% (CPU Time= 0:00:00.0  MEM= 2267.6M)
Extracted 90.0289% (CPU Time= 0:00:00.0  MEM= 2267.6M)
Extracted 100% (CPU Time= 0:00:00.0  MEM= 2267.6M)
Number of Extracted Resistors     : 6650
Number of Extracted Ground Cap.   : 6774
Number of Extracted Coupling Cap. : 11388
Filtering XCap in 'relativeOnly' mode using values relative_c_threshold=0.03 and total_c_threshold=5fF.
 Corner: rc_corners
Checking LVS Completed (CPU Time= 0:00:00.0  MEM= 2228.4M)
PostRoute (effortLevel low) RC Extraction DONE (CPU Time: 0:00:00.2  Real Time: 0:00:00.0  MEM: 2236.352M)
Starting delay calculation for Setup views
AAE_INFO: opIsDesignInPostRouteState() is 1
AAE_INFO: deleting AAE DB due to opIsDesignInPostRouteState() is changed ...
AAE DB initialization (MEM=2243.89 CPU=0:00:00.0 REAL=0:00:00.0) 
AAE_INFO: resetNetProps viewIdx 0 
Starting SI iteration 1 using Infinite Timing Windows
#################################################################################
# Design Stage: PostRoute
# Design Name: alarm_clock_top
# Design Mode: 90nm
# Analysis Mode: MMMC OCV 
# Parasitics Mode: SPEF/RCDB 
# Signoff Settings: SI On 
#################################################################################
AAE_INFO: 1 threads acquired from CTE.
Start delay calculation (fullDC) (1 T). (MEM=2243.89)
*** Calculating scaling factor for max_timing libraries using the default operating condition of each library.
Initializing multi-corner capacitance tables ... 
Initializing multi-corner resistance tables ...
Total number of fetched objects 480
AAE_INFO-618: Total number of nets in the design is 484,  100.0 percent of the nets selected for SI analysis
End delay calculation. (MEM=2298.27 CPU=0:00:00.1 REAL=0:00:00.0)
End delay calculation (fullDC). (MEM=2298.27 CPU=0:00:00.1 REAL=0:00:00.0)
Loading CTE timing window with TwFlowType 0...(CPU = 0:00:00.0, REAL = 0:00:00.0, MEM = 2298.3M)
Add other clocks and setupCteToAAEClockMapping during iter 1
Loading CTE timing window is completed (CPU = 0:00:00.0, REAL = 0:00:01.0, MEM = 2298.3M)
Starting SI iteration 2
Start delay calculation (fullDC) (1 T). (MEM=2214.39)
Glitch Analysis: View worstcase -- Total Number of Nets Skipped = 0. 
Glitch Analysis: View worstcase -- Total Number of Nets Analyzed = 480. 
Total number of fetched objects 480
AAE_INFO-618: Total number of nets in the design is 484,  0.2 percent of the nets selected for SI analysis
End delay calculation. (MEM=2260.09 CPU=0:00:00.0 REAL=0:00:00.0)
End delay calculation (fullDC). (MEM=2260.09 CPU=0:00:00.0 REAL=0:00:00.0)
*** Done Building Timing Graph (cpu=0:00:00.3 real=0:00:01.0 totSessionCpu=0:02:56 mem=2268.1M)

------------------------------------------------------------------
          timeDesign Summary
------------------------------------------------------------------

Setup views included:
 worstcase 

+--------------------+---------+---------+---------+
|     Setup mode     |   all   | reg2reg | default |
+--------------------+---------+---------+---------+
|           WNS (ns):|  5.402  |  5.402  |  6.920  |
|           TNS (ns):|  0.000  |  0.000  |  0.000  |
|    Violating Paths:|    0    |    0    |    0    |
|          All Paths:|   102   |   67    |   52    |
+--------------------+---------+---------+---------+

+----------------+-------------------------------+------------------+
|                |              Real             |       Total      |
|    DRVs        +------------------+------------+------------------|
|                |  Nr nets(terms)  | Worst Vio  |  Nr nets(terms)  |
+----------------+------------------+------------+------------------+
|   max_cap      |      0 (0)       |   0.000    |      0 (0)       |
|   max_tran     |      0 (0)       |   0.000    |      0 (0)       |
|   max_fanout   |      0 (0)       |     0      |      0 (0)       |
|   max_length   |      0 (0)       |     0      |      0 (0)       |
+----------------+------------------+------------+------------------+

Density: 93.548%
       (100.000% with Fillers)
------------------------------------------------------------------
Reported timing to dir timingReports
Total CPU time: 0.67 sec
Total Real time: 1.0 sec
Total Memory Usage: 2231.675781 Mbytes
Reset AAE Options
*** timeDesign #5 [finish] : cpu/real = 0:00:00.7/0:00:01.5 (0.4), totSession cpu/real = 0:02:55.8/0:29:22.2 (0.1), mem = 2231.7M
<CMD> setAnalysisMode -checkType hold
<CMD> redirect -quiet {set honorDomain [getAnalysisMode -honorClockDomains]} > /dev/null
<CMD> timeDesign -postRoute -hold -pathReports -slackReports -numPaths 50 -prefix alarm_clock_top_postRoute -outDir timingReports
*** timeDesign #6 [begin] : totSession cpu/real = 0:02:57.0/0:29:37.8 (0.1), mem = 2224.3M
 Reset EOS DB
Ignoring AAE DB Resetting ...
Extraction called for design 'alarm_clock_top' of instances=622 and nets=484 using extraction engine 'postRoute' at effort level 'low' .
**WARN: (IMPEXT-3530):	The process node is not set. Use the command setDesignMode -process <process node> prior to extraction for maximum accuracy and optimal automatic threshold setting.
Type 'man IMPEXT-3530' for more detail.
PostRoute (effortLevel low) RC Extraction called for design alarm_clock_top.
RC Extraction called in multi-corner(1) mode.
Process corner(s) are loaded.
 Corner: rc_corners
extractDetailRC Option : -outfile /tmp/innovus_temp_29017_ic312.vit.ac.in_vlsi_eABrIK/alarm_clock_top_29017_jatW78.rcdb.d -maxResLength 200  -extended
RC Mode: PostRoute -effortLevel low [Extended CapTable, RC Table Resistances]
      RC Corner Indexes            0   
Capacitance Scaling Factor   : 1.00000 
Coupling Cap. Scaling Factor : 1.00000 
Resistance Scaling Factor    : 1.00000 
Clock Cap. Scaling Factor    : 1.00000 
Clock Res. Scaling Factor    : 1.00000 
Shrink Factor                : 1.00000
Initializing multi-corner capacitance tables ... 
Initializing multi-corner resistance tables ...
Checking LVS Completed (CPU Time= 0:00:00.0  MEM= 2189.3M)
Extracted 10.0499% (CPU Time= 0:00:00.0  MEM= 2249.3M)
Extracted 20.0472% (CPU Time= 0:00:00.0  MEM= 2249.3M)
Extracted 30.0446% (CPU Time= 0:00:00.0  MEM= 2249.3M)
Extracted 40.042% (CPU Time= 0:00:00.0  MEM= 2249.3M)
Extracted 50.0394% (CPU Time= 0:00:00.0  MEM= 2249.3M)
Extracted 60.0367% (CPU Time= 0:00:00.0  MEM= 2249.3M)
Extracted 70.0341% (CPU Time= 0:00:00.0  MEM= 2249.3M)
Extracted 80.0315% (CPU Time= 0:00:00.0  MEM= 2249.3M)
Extracted 90.0289% (CPU Time= 0:00:00.0  MEM= 2249.3M)
Extracted 100% (CPU Time= 0:00:00.0  MEM= 2249.3M)
Number of Extracted Resistors     : 6650
Number of Extracted Ground Cap.   : 6774
Number of Extracted Coupling Cap. : 11388
Filtering XCap in 'relativeOnly' mode using values relative_c_threshold=0.03 and total_c_threshold=5fF.
 Corner: rc_corners
Checking LVS Completed (CPU Time= 0:00:00.0  MEM= 2226.0M)
PostRoute (effortLevel low) RC Extraction DONE (CPU Time: 0:00:00.2  Real Time: 0:00:00.0  MEM: 2233.992M)
Starting delay calculation for Hold views
AAE_INFO: opIsDesignInPostRouteState() is 1
AAE_INFO: resetNetProps viewIdx 1 
Starting SI iteration 1 using Infinite Timing Windows
#################################################################################
# Design Stage: PostRoute
# Design Name: alarm_clock_top
# Design Mode: 90nm
# Analysis Mode: MMMC OCV 
# Parasitics Mode: SPEF/RCDB 
# Signoff Settings: SI On 
#################################################################################
AAE_INFO: 1 threads acquired from CTE.
Start delay calculation (fullDC) (1 T). (MEM=2221.05)
*** Calculating scaling factor for min_timing libraries using the default operating condition of each library.
Initializing multi-corner capacitance tables ... 
Initializing multi-corner resistance tables ...
Total number of fetched objects 480
AAE_INFO-618: Total number of nets in the design is 484,  100.0 percent of the nets selected for SI analysis
End delay calculation. (MEM=2252.88 CPU=0:00:00.0 REAL=0:00:00.0)
End delay calculation (fullDC). (MEM=2252.88 CPU=0:00:00.1 REAL=0:00:00.0)
Loading CTE timing window with TwFlowType 0...(CPU = 0:00:00.0, REAL = 0:00:00.0, MEM = 2260.9M)
Add other clocks and setupCteToAAEClockMapping during iter 1
Loading CTE timing window is completed (CPU = 0:00:00.0, REAL = 0:00:00.0, MEM = 2260.9M)
Starting SI iteration 2
Start delay calculation (fullDC) (1 T). (MEM=2217)
Glitch Analysis: View bestcase -- Total Number of Nets Skipped = 0. 
Glitch Analysis: View bestcase -- Total Number of Nets Analyzed = 480. 
Total number of fetched objects 480
AAE_INFO-618: Total number of nets in the design is 484,  21.1 percent of the nets selected for SI analysis
End delay calculation. (MEM=2261.69 CPU=0:00:00.0 REAL=0:00:00.0)
End delay calculation (fullDC). (MEM=2261.69 CPU=0:00:00.0 REAL=0:00:00.0)
*** Done Building Timing Graph (cpu=0:00:00.3 real=0:00:01.0 totSessionCpu=0:02:58 mem=2269.7M)

------------------------------------------------------------------
          timeDesign Summary
------------------------------------------------------------------

Hold views included:
 bestcase 

+--------------------+---------+---------+---------+
|     Hold mode      |   all   | reg2reg | default |
+--------------------+---------+---------+---------+
|           WNS (ns):|  0.002  |  0.002  |  1.746  |
|           TNS (ns):|  0.000  |  0.000  |  0.000  |
|    Violating Paths:|    0    |    0    |    0    |
|          All Paths:|   102   |   67    |   52    |
+--------------------+---------+---------+---------+

Density: 93.548%
       (100.000% with Fillers)
------------------------------------------------------------------
Reported timing to dir timingReports
Total CPU time: 0.61 sec
Total Real time: 1.0 sec
Total Memory Usage: 2219.6875 Mbytes
Reset AAE Options
*** timeDesign #6 [finish] : cpu/real = 0:00:00.6/0:00:00.9 (0.7), totSession cpu/real = 0:02:57.6/0:29:38.7 (0.1), mem = 2219.7M
<CMD> redirect -quiet {set honorDomain [getAnalysisMode -honorClockDomains]} > /dev/null
<CMD> timeDesign -postRoute -hold -pathReports -slackReports -numPaths 50 -prefix alarm_clock_top_postRoute -outDir timingReports
*** timeDesign #7 [begin] : totSession cpu/real = 0:02:59.8/0:30:09.3 (0.1), mem = 2219.7M
 Reset EOS DB
Ignoring AAE DB Resetting ...
Extraction called for design 'alarm_clock_top' of instances=622 and nets=484 using extraction engine 'postRoute' at effort level 'low' .
**WARN: (IMPEXT-3530):	The process node is not set. Use the command setDesignMode -process <process node> prior to extraction for maximum accuracy and optimal automatic threshold setting.
Type 'man IMPEXT-3530' for more detail.
PostRoute (effortLevel low) RC Extraction called for design alarm_clock_top.
RC Extraction called in multi-corner(1) mode.
Process corner(s) are loaded.
 Corner: rc_corners
extractDetailRC Option : -outfile /tmp/innovus_temp_29017_ic312.vit.ac.in_vlsi_eABrIK/alarm_clock_top_29017_jatW78.rcdb.d -maxResLength 200  -extended
RC Mode: PostRoute -effortLevel low [Extended CapTable, RC Table Resistances]
      RC Corner Indexes            0   
Capacitance Scaling Factor   : 1.00000 
Coupling Cap. Scaling Factor : 1.00000 
Resistance Scaling Factor    : 1.00000 
Clock Cap. Scaling Factor    : 1.00000 
Clock Res. Scaling Factor    : 1.00000 
Shrink Factor                : 1.00000
Initializing multi-corner capacitance tables ... 
Initializing multi-corner resistance tables ...
Checking LVS Completed (CPU Time= 0:00:00.0  MEM= 2225.7M)
Extracted 10.0499% (CPU Time= 0:00:00.0  MEM= 2285.7M)
Extracted 20.0472% (CPU Time= 0:00:00.0  MEM= 2285.7M)
Extracted 30.0446% (CPU Time= 0:00:00.0  MEM= 2285.7M)
Extracted 40.042% (CPU Time= 0:00:00.0  MEM= 2285.7M)
Extracted 50.0394% (CPU Time= 0:00:00.0  MEM= 2285.7M)
Extracted 60.0367% (CPU Time= 0:00:00.0  MEM= 2285.7M)
Extracted 70.0341% (CPU Time= 0:00:00.0  MEM= 2285.7M)
Extracted 80.0315% (CPU Time= 0:00:00.0  MEM= 2285.7M)
Extracted 90.0289% (CPU Time= 0:00:00.0  MEM= 2285.7M)
Extracted 100% (CPU Time= 0:00:00.0  MEM= 2285.7M)
Number of Extracted Resistors     : 6650
Number of Extracted Ground Cap.   : 6774
Number of Extracted Coupling Cap. : 11388
Filtering XCap in 'relativeOnly' mode using values relative_c_threshold=0.03 and total_c_threshold=5fF.
 Corner: rc_corners
Checking LVS Completed (CPU Time= 0:00:00.0  MEM= 2269.7M)
PostRoute (effortLevel low) RC Extraction DONE (CPU Time: 0:00:00.2  Real Time: 0:00:01.0  MEM: 2277.688M)
Starting delay calculation for Hold views
AAE_INFO: opIsDesignInPostRouteState() is 1
AAE_INFO: resetNetProps viewIdx 1 
Starting SI iteration 1 using Infinite Timing Windows
#################################################################################
# Design Stage: PostRoute
# Design Name: alarm_clock_top
# Design Mode: 90nm
# Analysis Mode: MMMC OCV 
# Parasitics Mode: SPEF/RCDB 
# Signoff Settings: SI On 
#################################################################################
AAE_INFO: 1 threads acquired from CTE.
Start delay calculation (fullDC) (1 T). (MEM=2226.02)
Initializing multi-corner capacitance tables ... 
Initializing multi-corner resistance tables ...
Total number of fetched objects 480
AAE_INFO-618: Total number of nets in the design is 484,  100.0 percent of the nets selected for SI analysis
End delay calculation. (MEM=2257.85 CPU=0:00:00.0 REAL=0:00:00.0)
End delay calculation (fullDC). (MEM=2257.85 CPU=0:00:00.1 REAL=0:00:00.0)
Loading CTE timing window with TwFlowType 0...(CPU = 0:00:00.0, REAL = 0:00:00.0, MEM = 2265.9M)
Add other clocks and setupCteToAAEClockMapping during iter 1
Loading CTE timing window is completed (CPU = 0:00:00.0, REAL = 0:00:00.0, MEM = 2265.9M)
Starting SI iteration 2
Start delay calculation (fullDC) (1 T). (MEM=2220.97)
Glitch Analysis: View bestcase -- Total Number of Nets Skipped = 0. 
Glitch Analysis: View bestcase -- Total Number of Nets Analyzed = 480. 
Total number of fetched objects 480
AAE_INFO-618: Total number of nets in the design is 484,  21.1 percent of the nets selected for SI analysis
End delay calculation. (MEM=2266.66 CPU=0:00:00.0 REAL=0:00:00.0)
End delay calculation (fullDC). (MEM=2266.66 CPU=0:00:00.0 REAL=0:00:00.0)
*** Done Building Timing Graph (cpu=0:00:00.3 real=0:00:00.0 totSessionCpu=0:03:00 mem=2274.7M)

------------------------------------------------------------------
          timeDesign Summary
------------------------------------------------------------------

Hold views included:
 bestcase 

+--------------------+---------+---------+---------+
|     Hold mode      |   all   | reg2reg | default |
+--------------------+---------+---------+---------+
|           WNS (ns):|  0.002  |  0.002  |  1.746  |
|           TNS (ns):|  0.000  |  0.000  |  0.000  |
|    Violating Paths:|    0    |    0    |    0    |
|          All Paths:|   102   |   67    |   52    |
+--------------------+---------+---------+---------+

Density: 93.548%
       (100.000% with Fillers)
------------------------------------------------------------------
Reported timing to dir timingReports
Total CPU time: 0.62 sec
Total Real time: 2.0 sec
Total Memory Usage: 2224.664062 Mbytes
Reset AAE Options
*** timeDesign #7 [finish] : cpu/real = 0:00:00.6/0:00:01.1 (0.6), totSession cpu/real = 0:03:00.4/0:30:10.4 (0.1), mem = 2224.7M
<CMD> zoomBox -22.91050 19.96750 84.20800 71.75550
<CMD> zoomBox -5.60800 32.74500 50.30950 59.77900
<CMD> zoomBox -10.47950 30.05700 55.30550 61.86150
<CMD> zoomBox -16.21100 26.89450 61.18350 64.31200
<CMD> zoomBox -30.88700 18.79700 76.23400 70.58600
<CMD> zoomBox -51.19950 7.58950 97.06500 79.27000
<CMD> zoomBox -64.11650 0.46250 110.31250 84.79250
<CMD> fit
rc_corners
<CMD> reset_parasitics
Performing RC Extraction ...
<CMD> extractRC
Extraction called for design 'alarm_clock_top' of instances=622 and nets=484 using extraction engine 'postRoute' at effort level 'low' .
**WARN: (IMPEXT-3530):	The process node is not set. Use the command setDesignMode -process <process node> prior to extraction for maximum accuracy and optimal automatic threshold setting.
Type 'man IMPEXT-3530' for more detail.
PostRoute (effortLevel low) RC Extraction called for design alarm_clock_top.
RC Extraction called in multi-corner(1) mode.
Process corner(s) are loaded.
 Corner: rc_corners
extractDetailRC Option : -outfile /tmp/innovus_temp_29017_ic312.vit.ac.in_vlsi_eABrIK/alarm_clock_top_29017_dz9sIL.rcdb.d -maxResLength 200  -extended
RC Mode: PostRoute -effortLevel low [Extended CapTable, RC Table Resistances]
      RC Corner Indexes            0   
Capacitance Scaling Factor   : 1.00000 
Coupling Cap. Scaling Factor : 1.00000 
Resistance Scaling Factor    : 1.00000 
Clock Cap. Scaling Factor    : 1.00000 
Clock Res. Scaling Factor    : 1.00000 
Shrink Factor                : 1.00000
Initializing multi-corner capacitance tables ... 
Initializing multi-corner resistance tables ...
Checking LVS Completed (CPU Time= 0:00:00.0  MEM= 2230.9M)
Extracted 10.0499% (CPU Time= 0:00:00.0  MEM= 2290.9M)
Extracted 20.0472% (CPU Time= 0:00:00.0  MEM= 2290.9M)
Extracted 30.0446% (CPU Time= 0:00:00.0  MEM= 2290.9M)
Extracted 40.042% (CPU Time= 0:00:00.0  MEM= 2290.9M)
Extracted 50.0394% (CPU Time= 0:00:00.0  MEM= 2290.9M)
Extracted 60.0367% (CPU Time= 0:00:00.0  MEM= 2290.9M)
Extracted 70.0341% (CPU Time= 0:00:00.0  MEM= 2290.9M)
Extracted 80.0315% (CPU Time= 0:00:00.0  MEM= 2290.9M)
Extracted 90.0289% (CPU Time= 0:00:00.0  MEM= 2290.9M)
Extracted 100% (CPU Time= 0:00:00.0  MEM= 2290.9M)
Number of Extracted Resistors     : 6650
Number of Extracted Ground Cap.   : 6774
Number of Extracted Coupling Cap. : 11388
Filtering XCap in 'relativeOnly' mode using values relative_c_threshold=0.03 and total_c_threshold=5fF.
 Corner: rc_corners
Checking LVS Completed (CPU Time= 0:00:00.0  MEM= 2274.9M)
PostRoute (effortLevel low) RC Extraction DONE (CPU Time: 0:00:00.2  Real Time: 0:00:01.0  MEM: 2282.867M)
<CMD> rcOut -spef alarm_clock_top.spef -rc_corner rc_corners
RC Out has the following PVT Info:
   RC:rc_corners, Operating temperature 25 C
Dumping Spef file.....
Printing D_NET...
RC Out from RCDB Completed (CPU Time= 0:00:00.0  MEM= 2265.1M)
<CMD> saveNetlist alarm_clock_top_nl.v
Writing Netlist "alarm_clock_top_nl.v" ...
<CMD> streamOut alarm_clock.gds -libName DesignLib -units 2000 -mode ALL
Parse flat map file...
Writing GDSII file ...
	****** db unit per micron = 2000 ******
	****** output gds2 file unit per micron = 2000 ******
	****** unit scaling factor = 1 ******
Output for instance
Output for bump
Output for physical terminals
Output for logical terminals
Output for regular nets
Output for special nets and metal fills
Output for via structure generation total number 12
Statistics for GDS generated (version 3)
----------------------------------------
Stream Out Layer Mapping Information:
GDS Layer Number          GDS Layer Name
----------------------------------------
    191                             COMP
    192                          DIEAREA
    181                           Metal9
    179                           Metal9
    178                           Metal9
    177                           Metal9
    176                           Metal9
    175                             Via8
    174                             Via8
    170                             Via8
    160                           Metal8
    158                           Metal8
    157                           Metal8
    156                           Metal8
    155                           Metal8
    154                             Via7
    153                             Via7
    149                             Via7
    139                           Metal7
    137                           Metal7
    136                           Metal7
    135                           Metal7
    134                           Metal7
    133                             Via6
    132                             Via6
    131                             Via6
    130                             Via6
    129                             Via6
    128                             Via6
    127                             Via6
    122                           Metal6
    121                           Metal6
    120                           Metal6
    119                           Metal6
    118                           Metal6
    53                            Metal3
    52                            Metal3
    185                           Metal9
    48                              Via2
    29                            Metal2
    180                           Metal9
    47                              Via2
    182                           Metal9
    44                              Via2
    43                              Via2
    172                             Via8
    38                            Metal2
    95                            Metal5
    36                            Metal2
    93                            Metal5
    112                             Via5
    55                            Metal3
    113                           Metal6
    32                            Metal2
    54                            Metal3
    31                            Metal2
    107                             Via5
    30                            Metal2
    49                              Via2
    106                             Via5
    33                            Metal2
    109                             Via5
    10                            Metal1
    86                              Via4
    50                            Metal3
    69                              Via3
    143                           Metal7
    6                               Cont
    169                             Via8
    35                            Metal2
    8                             Metal1
    164                           Metal8
    27                              Via1
    141                           Metal7
    3                               Cont
    51                            Metal3
    70                              Via3
    7                               Cont
    64                              Via3
    173                             Via8
    34                            Metal2
    92                            Metal5
    111                             Via5
    11                            Metal1
    142                           Metal7
    4                               Cont
    9                             Metal1
    28                              Via1
    85                              Via4
    138                           Metal7
    5                               Cont
    12                            Metal1
    88                              Via4
    183                           Metal9
    45                              Via2
    22                              Via1
    152                             Via7
    13                            Metal1
    71                            Metal4
    90                              Via4
    184                           Metal9
    46                              Via2
    161                           Metal8
    23                              Via1
    171                             Via8
    37                            Metal2
    94                            Metal5
    148                             Via7
    14                            Metal1
    15                            Metal1
    72                            Metal4
    91                              Via4
    150                             Via7
    16                            Metal1
    73                            Metal4
    159                           Metal8
    26                              Via1
    151                             Via7
    17                            Metal1
    74                            Metal4
    1                               Cont
    162                           Metal8
    24                              Via1
    140                           Metal7
    2                               Cont
    163                           Metal8
    25                              Via1
    56                            Metal3
    57                            Metal3
    114                           Metal6
    58                            Metal3
    115                           Metal6
    59                            Metal3
    116                           Metal6
    65                              Via3
    66                              Via3
    67                              Via3
    68                              Via3
    75                            Metal4
    76                            Metal4
    77                            Metal4
    78                            Metal4
    79                            Metal4
    80                            Metal4
    87                              Via4
    89                              Via4
    96                            Metal5
    97                            Metal5
    98                            Metal5
    99                            Metal5
    100                           Metal5
    101                           Metal5
    108                             Via5
    110                             Via5
    117                           Metal6
    189                           Metal9
    188                           Metal9
    187                           Metal9
    186                           Metal9
    168                           Metal8
    167                           Metal8
    166                           Metal8
    165                           Metal8
    147                           Metal7
    146                           Metal7
    145                           Metal7
    144                           Metal7
    63                            Metal3
    62                            Metal3
    39                            Metal2
    105                           Metal5
    103                           Metal5
    123                           Metal6
    42                            Metal2
    41                            Metal2
    40                            Metal2
    20                            Metal1
    60                            Metal3
    18                            Metal1
    61                            Metal3
    102                           Metal5
    21                            Metal1
    19                            Metal1
    81                            Metal4
    104                           Metal5
    82                            Metal4
    83                            Metal4
    84                            Metal4
    124                           Metal6
    125                           Metal6
    126                           Metal6


Stream Out Information Processed for GDS version 3:
Units: 2000 DBU

Object                             Count
----------------------------------------
Instances                            622

Ports/Pins                            55
    metal layer Metal2                25
    metal layer Metal3                18
    metal layer Metal4                 7
    metal layer Metal5                 1
    metal layer Metal6                 3
    metal layer Metal8                 1

Nets                                4135
    metal layer Metal1               183
    metal layer Metal2              2498
    metal layer Metal3              1291
    metal layer Metal4               146
    metal layer Metal5                10
    metal layer Metal6                 6
    metal layer Metal8                 1

    Via Instances                   2515

Special Nets                          16
    metal layer Metal8                 8
    metal layer Metal9                 8

    Via Instances                     32

Metal Fills                            0

    Via Instances                      0

Metal FillOPCs                         0

    Via Instances                      0

Metal FillDRCs                         0

    Via Instances                      0

Text                                 538
    metal layer Metal1                30
    metal layer Metal2               333
    metal layer Metal3               150
    metal layer Metal4                17
    metal layer Metal5                 2
    metal layer Metal6                 3
    metal layer Metal8                 3


Blockages                              0


Custom Text                            0


Custom Box                             0

Trim Metal                             0

######Streamout is finished!
<CMD> streamOut alarm_clock.gds -mapFile ../../../../../install/FOUNDRY/digital/90nm/dig/qx/gds.layermap -libName DesignLib -units 2000 -mode ALL
Parse flat map file...
**ERROR: (IMPOGDS-1557):	Invalid non-numeric character 'g' encountered in numeric field of map file at line 3, Skipping this line.
**ERROR: (IMPOGDS-1557):	Invalid non-numeric character 'g' encountered in numeric field of map file at line 4, Skipping this line.
**ERROR: (IMPOGDS-1557):	Invalid non-numeric character 'g' encountered in numeric field of map file at line 5, Skipping this line.
**ERROR: (IMPOGDS-1557):	Invalid non-numeric character 'g' encountered in numeric field of map file at line 6, Skipping this line.
**ERROR: (IMPOGDS-1557):	Invalid non-numeric character 'g' encountered in numeric field of map file at line 7, Skipping this line.
**ERROR: (IMPOGDS-1557):	Invalid non-numeric character 'g' encountered in numeric field of map file at line 8, Skipping this line.
**ERROR: (IMPOGDS-1557):	Invalid non-numeric character 'g' encountered in numeric field of map file at line 9, Skipping this line.
**ERROR: (IMPOGDS-1557):	Invalid non-numeric character 'g' encountered in numeric field of map file at line 10, Skipping this line.
**ERROR: (IMPOGDS-1557):	Invalid non-numeric character 'g' encountered in numeric field of map file at line 11, Skipping this line.
**ERROR: (IMPOGDS-1557):	Invalid non-numeric character 'g' encountered in numeric field of map file at line 12, Skipping this line.
**ERROR: (IMPOGDS-1557):	Invalid non-numeric character 'g' encountered in numeric field of map file at line 13, Skipping this line.
**ERROR: (IMPOGDS-1557):	Invalid non-numeric character 'g' encountered in numeric field of map file at line 14, Skipping this line.
**ERROR: (IMPOGDS-1557):	Invalid non-numeric character 'g' encountered in numeric field of map file at line 15, Skipping this line.
**ERROR: (IMPOGDS-1557):	Invalid non-numeric character 'g' encountered in numeric field of map file at line 16, Skipping this line.
**ERROR: (IMPOGDS-1557):	Invalid non-numeric character 'g' encountered in numeric field of map file at line 17, Skipping this line.
**ERROR: (IMPOGDS-1557):	Invalid non-numeric character 'g' encountered in numeric field of map file at line 18, Skipping this line.
**ERROR: (IMPOGDS-1557):	Invalid non-numeric character 'g' encountered in numeric field of map file at line 19, Skipping this line.
**ERROR: (IMPOGDS-1557):	Invalid non-numeric character 'g' encountered in numeric field of map file at line 20, Skipping this line.
**ERROR: (IMPOGDS-1557):	Invalid non-numeric character 'g' encountered in numeric field of map file at line 21, Skipping this line.
Writing GDSII file ...
	****** db unit per micron = 2000 ******
	****** output gds2 file unit per micron = 2000 ******
	****** unit scaling factor = 1 ******
Output for instance
Output for bump
Output for via structure generation total number 0
Statistics for GDS generated (version 3)
----------------------------------------
Stream Out Layer Mapping Information:
GDS Layer Number          GDS Layer Name
----------------------------------------


Stream Out Information Processed for GDS version 3:
Units: 2000 DBU

Object                             Count
----------------------------------------
Instances                            622

Ports/Pins                             0

Nets                                   0

    Via Instances                      0

Special Nets                           0

    Via Instances                      0

Metal Fills                            0

    Via Instances                      0

Metal FillOPCs                         0

    Via Instances                      0

Metal FillDRCs                         0

    Via Instances                      0

Text                                   0


Blockages                              0


Custom Text                            0


Custom Box                             0

Trim Metal                             0

######Streamout is finished!
<CMD> saveDesign alarm_gds_final.enc
The in-memory database contained RC information but was not saved. To save 
the RC information, use saveDesign's -rc option. Note: Saving RC information can be quite large, 
so it should only be saved when it is really desired.
#% Begin save design ... (date=03/07 17:07:37, mem=1992.2M)
% Begin Save ccopt configuration ... (date=03/07 17:07:37, mem=1992.2M)
% End Save ccopt configuration ... (date=03/07 17:07:37, total cpu=0:00:00.0, real=0:00:00.0, peak res=1992.5M, current mem=1992.5M)
% Begin Save netlist data ... (date=03/07 17:07:37, mem=1992.5M)
Writing Binary DB to alarm_gds_final.enc.dat/alarm_clock_top.v.bin in single-threaded mode...
% End Save netlist data ... (date=03/07 17:07:37, total cpu=0:00:00.0, real=0:00:00.0, peak res=1992.6M, current mem=1992.6M)
Saving symbol-table file ...
Saving congestion map file alarm_gds_final.enc.dat/alarm_clock_top.route.congmap.gz ...
% Begin Save AAE data ... (date=03/07 17:07:37, mem=1992.9M)
Saving AAE Data ...
% End Save AAE data ... (date=03/07 17:07:37, total cpu=0:00:00.0, real=0:00:00.0, peak res=1992.9M, current mem=1992.9M)
Saving preference file alarm_gds_final.enc.dat/gui.pref.tcl ...
Saving mode setting ...
Saving global file ...
% Begin Save floorplan data ... (date=03/07 17:07:37, mem=1993.4M)
Saving floorplan file ...
% End Save floorplan data ... (date=03/07 17:07:37, total cpu=0:00:00.0, real=0:00:00.0, peak res=1993.4M, current mem=1993.4M)
Saving Drc markers ...
... No Drc file written since there is no markers found.
% Begin Save placement data ... (date=03/07 17:07:37, mem=1993.4M)
** Saving stdCellPlacement_binary (version# 2) ...
Save Adaptive View Pruning View Names to Binary file
% End Save placement data ... (date=03/07 17:07:37, total cpu=0:00:00.0, real=0:00:00.0, peak res=1993.4M, current mem=1993.4M)
% Begin Save routing data ... (date=03/07 17:07:37, mem=1993.4M)
Saving route file ...
*** Completed saveRoute (cpu=0:00:00.0 real=0:00:00.0 mem=2220.8M) ***
% End Save routing data ... (date=03/07 17:07:37, total cpu=0:00:00.0, real=0:00:00.0, peak res=1993.5M, current mem=1993.5M)
Saving property file alarm_gds_final.enc.dat/alarm_clock_top.prop
*** Completed saveProperty (cpu=0:00:00.0 real=0:00:00.0 mem=2223.8M) ***
#Saving pin access data to file alarm_gds_final.enc.dat/alarm_clock_top.apa ...
#
% Begin Save power constraints data ... (date=03/07 17:07:37, mem=1993.5M)
% End Save power constraints data ... (date=03/07 17:07:37, total cpu=0:00:00.0, real=0:00:00.0, peak res=1993.5M, current mem=1993.5M)
rc_corners
Generated self-contained design alarm_gds_final.enc.dat
#% End save design ... (date=03/07 17:07:38, total cpu=0:00:00.3, real=0:00:01.0, peak res=1994.0M, current mem=1994.0M)
*** Message Summary: 0 warning(s), 0 error(s)


--------------------------------------------------------------------------------
Exiting Innovus on Sat Mar  7 17:17:50 2026
  Total CPU time:     0:04:32
  Total real time:    0:49:21
  Peak memory (main): 2090.88MB


*** Memory Usage v#1 (Current mem = 2230.969M, initial mem = 483.863M) ***
*** Message Summary: 2340 warning(s), 230 error(s)

--- Ending "Innovus" (totcpu=0:04:26, real=0:49:19, mem=2231.0M) ---
