
Cadence Innovus(TM) Implementation System.
Copyright 2021 Cadence Design Systems, Inc. All rights reserved worldwide.

Version:	v21.15-s110_1, built Fri Sep 23 13:08:12 PDT 2022
Options:	
Date:		Sun Mar  1 16:39:54 2026
Host:		ic312.vit.ac.in (x86_64 w/Linux 4.18.0-425.19.2.el8_7.x86_64) (12cores*20cpus*12th Gen Intel(R) Core(TM) i7-12700 25600KB)
OS:		Red Hat Enterprise Linux release 8.7 (Ootpa)

License:
		[16:39:54.328674] Configured Lic search path (21.01-s002): 5281@14.139.1.126:1717@14.139.1.126

		invs	Innovus Implementation System	21.1	checkout succeeded
		8 CPU jobs allowed with the current license(s). Use setMultiCpuUsage to set your required CPU count.
Change the soft stacksize limit to 0.2%RAM (63 mbytes). Set global soft_stack_size_limit to change the value.

**INFO:  MMMC transition support version v31-84 

<CMD> set_global _enable_mmmc_by_default_flow      $CTE::mmmc_default
<CMD> suppressMessage ENCEXT-2799
<CMD> getVersion
<CMD> getVersion
<CMD> getVersion
[INFO] Loading PVS 22.20 fill procedures
<CMD> win
<CMD> save_global Default.globals
<CMD> set init_gnd_net VSS
<CMD> set init_lef_file {../../../../../install/FOUNDRY/digital/90nm/dig/lef/gsclib090_translated_ref.lef ../../../../../install/FOUNDRY/digital/90nm/dig/lef/gsclib090_translated.lef ../../../../../install/FOUNDRY/digital/90nm/dig/lef/gsclib090_tech.lef ../../../../../install/FOUNDRY/digital/90nm/dig/lef/gsclib090_macro.lef}
<CMD> set init_verilog alarm_netlist.v
<CMD> set init_mmmc_file Default.view
<CMD> set init_pwr_net VDD
<CMD> init_design
#% Begin Load MMMC data ... (date=03/01 16:43:19, mem=1021.8M)
#% End Load MMMC data ... (date=03/01 16:43:19, total cpu=0:00:00.0, real=0:00:00.0, peak res=1022.5M, current mem=1022.5M)
rc_corners

Loading LEF file ../../../../../install/FOUNDRY/digital/90nm/dig/lef/gsclib090_translated_ref.lef ...
**WARN: (IMPLF-105):	The layer 'Oxide' specified in SAMENET spacing
rule is neither a routing layer nor a cut layer. The rule is ignored.
**WARN: (IMPLF-105):	The layer 'Poly' specified in SAMENET spacing
rule is neither a routing layer nor a cut layer. The rule is ignored.
Set DBUPerIGU to M2 pitch 580.

Loading LEF file ../../../../../install/FOUNDRY/digital/90nm/dig/lef/gsclib090_translated.lef ...
**WARN: (IMPLF-119):	LAYER 'Oxide' has been found in the database. Its content except ANTENNA* data will be ignored.
Review the LEF files specified in the init_lef_file variable and remove redundant definitions.
Type 'man IMPLF-119' for more detail.
**WARN: (IMPLF-119):	LAYER 'Poly' has been found in the database. Its content except ANTENNA* data will be ignored.
Review the LEF files specified in the init_lef_file variable and remove redundant definitions.
Type 'man IMPLF-119' for more detail.
**WARN: (IMPLF-119):	LAYER 'Nhvt' has been found in the database. Its content except ANTENNA* data will be ignored.
Review the LEF files specified in the init_lef_file variable and remove redundant definitions.
Type 'man IMPLF-119' for more detail.
**WARN: (IMPLF-119):	LAYER 'Nimp' has been found in the database. Its content except ANTENNA* data will be ignored.
Review the LEF files specified in the init_lef_file variable and remove redundant definitions.
Type 'man IMPLF-119' for more detail.
**WARN: (IMPLF-119):	LAYER 'Phvt' has been found in the database. Its content except ANTENNA* data will be ignored.
Review the LEF files specified in the init_lef_file variable and remove redundant definitions.
Type 'man IMPLF-119' for more detail.
**WARN: (IMPLF-119):	LAYER 'Pimp' has been found in the database. Its content except ANTENNA* data will be ignored.
Review the LEF files specified in the init_lef_file variable and remove redundant definitions.
Type 'man IMPLF-119' for more detail.
**WARN: (IMPLF-119):	LAYER 'Nzvt' has been found in the database. Its content except ANTENNA* data will be ignored.
Review the LEF files specified in the init_lef_file variable and remove redundant definitions.
Type 'man IMPLF-119' for more detail.
**WARN: (IMPLF-119):	LAYER 'SiProt' has been found in the database. Its content except ANTENNA* data will be ignored.
Review the LEF files specified in the init_lef_file variable and remove redundant definitions.
Type 'man IMPLF-119' for more detail.
**WARN: (IMPLF-119):	LAYER 'Cont' has been found in the database. Its content except ANTENNA* data will be ignored.
Review the LEF files specified in the init_lef_file variable and remove redundant definitions.
Type 'man IMPLF-119' for more detail.
**WARN: (IMPLF-119):	LAYER 'Metal1' has been found in the database. Its content except ANTENNA* data will be ignored.
Review the LEF files specified in the init_lef_file variable and remove redundant definitions.
Type 'man IMPLF-119' for more detail.
**WARN: (IMPLF-119):	LAYER 'Via1' has been found in the database. Its content except ANTENNA* data will be ignored.
Review the LEF files specified in the init_lef_file variable and remove redundant definitions.
Type 'man IMPLF-119' for more detail.
**WARN: (IMPLF-119):	LAYER 'Metal2' has been found in the database. Its content except ANTENNA* data will be ignored.
Review the LEF files specified in the init_lef_file variable and remove redundant definitions.
Type 'man IMPLF-119' for more detail.
**WARN: (IMPLF-119):	LAYER 'Via2' has been found in the database. Its content except ANTENNA* data will be ignored.
Review the LEF files specified in the init_lef_file variable and remove redundant definitions.
Type 'man IMPLF-119' for more detail.
**WARN: (IMPLF-119):	LAYER 'Metal3' has been found in the database. Its content except ANTENNA* data will be ignored.
Review the LEF files specified in the init_lef_file variable and remove redundant definitions.
Type 'man IMPLF-119' for more detail.
**WARN: (IMPLF-119):	LAYER 'Via3' has been found in the database. Its content except ANTENNA* data will be ignored.
Review the LEF files specified in the init_lef_file variable and remove redundant definitions.
Type 'man IMPLF-119' for more detail.
**WARN: (IMPLF-119):	LAYER 'Metal4' has been found in the database. Its content except ANTENNA* data will be ignored.
Review the LEF files specified in the init_lef_file variable and remove redundant definitions.
Type 'man IMPLF-119' for more detail.
**WARN: (IMPLF-119):	LAYER 'Via4' has been found in the database. Its content except ANTENNA* data will be ignored.
Review the LEF files specified in the init_lef_file variable and remove redundant definitions.
Type 'man IMPLF-119' for more detail.
**WARN: (IMPLF-119):	LAYER 'Metal5' has been found in the database. Its content except ANTENNA* data will be ignored.
Review the LEF files specified in the init_lef_file variable and remove redundant definitions.
Type 'man IMPLF-119' for more detail.
**WARN: (IMPLF-119):	LAYER 'Via5' has been found in the database. Its content except ANTENNA* data will be ignored.
Review the LEF files specified in the init_lef_file variable and remove redundant definitions.
Type 'man IMPLF-119' for more detail.
**WARN: (IMPLF-119):	LAYER 'Metal6' has been found in the database. Its content except ANTENNA* data will be ignored.
Review the LEF files specified in the init_lef_file variable and remove redundant definitions.
Type 'man IMPLF-119' for more detail.
**WARN: (EMS-27):	Message (IMPLF-119) has exceeded the current message display limit of 20.
To increase the message display limit, refer to the product command reference manual.
**ERROR: (IMPLF-223):	The LEF via 'VIA1X' definition already exists in the database. The current definition will be ignored. Ensure that you have not specified duplicate LEF files or LEF files with duplicate via definition.
Type 'man IMPLF-223' for more detail.
**ERROR: (IMPLF-223):	The LEF via 'VIA1V' definition already exists in the database. The current definition will be ignored. Ensure that you have not specified duplicate LEF files or LEF files with duplicate via definition.
Type 'man IMPLF-223' for more detail.
**ERROR: (IMPLF-223):	The LEF via 'VIA1H' definition already exists in the database. The current definition will be ignored. Ensure that you have not specified duplicate LEF files or LEF files with duplicate via definition.
Type 'man IMPLF-223' for more detail.
**ERROR: (IMPLF-223):	The LEF via 'VIA1XR90' definition already exists in the database. The current definition will be ignored. Ensure that you have not specified duplicate LEF files or LEF files with duplicate via definition.
Type 'man IMPLF-223' for more detail.
**ERROR: (IMPLF-223):	The LEF via 'VIA1_2CUT_E' definition already exists in the database. The current definition will be ignored. Ensure that you have not specified duplicate LEF files or LEF files with duplicate via definition.
Type 'man IMPLF-223' for more detail.
**ERROR: (IMPLF-223):	The LEF via 'VIA1_2CUT_W' definition already exists in the database. The current definition will be ignored. Ensure that you have not specified duplicate LEF files or LEF files with duplicate via definition.
Type 'man IMPLF-223' for more detail.
**ERROR: (IMPLF-223):	The LEF via 'VIA1_2CUT_N' definition already exists in the database. The current definition will be ignored. Ensure that you have not specified duplicate LEF files or LEF files with duplicate via definition.
Type 'man IMPLF-223' for more detail.
**ERROR: (IMPLF-223):	The LEF via 'VIA1_2CUT_S' definition already exists in the database. The current definition will be ignored. Ensure that you have not specified duplicate LEF files or LEF files with duplicate via definition.
Type 'man IMPLF-223' for more detail.
**ERROR: (IMPLF-223):	The LEF via 'VIA1_2X2CUT' definition already exists in the database. The current definition will be ignored. Ensure that you have not specified duplicate LEF files or LEF files with duplicate via definition.
Type 'man IMPLF-223' for more detail.
**ERROR: (IMPLF-223):	The LEF via 'VIA2X' definition already exists in the database. The current definition will be ignored. Ensure that you have not specified duplicate LEF files or LEF files with duplicate via definition.
Type 'man IMPLF-223' for more detail.
**ERROR: (IMPLF-223):	The LEF via 'VIA2H' definition already exists in the database. The current definition will be ignored. Ensure that you have not specified duplicate LEF files or LEF files with duplicate via definition.
Type 'man IMPLF-223' for more detail.
**ERROR: (IMPLF-223):	The LEF via 'VIA2V' definition already exists in the database. The current definition will be ignored. Ensure that you have not specified duplicate LEF files or LEF files with duplicate via definition.
Type 'man IMPLF-223' for more detail.
**ERROR: (IMPLF-223):	The LEF via 'VIA2XR90' definition already exists in the database. The current definition will be ignored. Ensure that you have not specified duplicate LEF files or LEF files with duplicate via definition.
Type 'man IMPLF-223' for more detail.
**ERROR: (IMPLF-223):	The LEF via 'VIA2TOS' definition already exists in the database. The current definition will be ignored. Ensure that you have not specified duplicate LEF files or LEF files with duplicate via definition.
Type 'man IMPLF-223' for more detail.
**ERROR: (IMPLF-223):	The LEF via 'VIA2TOS_S' definition already exists in the database. The current definition will be ignored. Ensure that you have not specified duplicate LEF files or LEF files with duplicate via definition.
Type 'man IMPLF-223' for more detail.
**ERROR: (IMPLF-223):	The LEF via 'VIA2TOS_N' definition already exists in the database. The current definition will be ignored. Ensure that you have not specified duplicate LEF files or LEF files with duplicate via definition.
Type 'man IMPLF-223' for more detail.
**ERROR: (IMPLF-223):	The LEF via 'VIA2_2CUT_N' definition already exists in the database. The current definition will be ignored. Ensure that you have not specified duplicate LEF files or LEF files with duplicate via definition.
Type 'man IMPLF-223' for more detail.
**ERROR: (IMPLF-223):	The LEF via 'VIA2_2CUT_S' definition already exists in the database. The current definition will be ignored. Ensure that you have not specified duplicate LEF files or LEF files with duplicate via definition.
Type 'man IMPLF-223' for more detail.
**ERROR: (IMPLF-223):	The LEF via 'VIA2_2CUT_E' definition already exists in the database. The current definition will be ignored. Ensure that you have not specified duplicate LEF files or LEF files with duplicate via definition.
Type 'man IMPLF-223' for more detail.
**ERROR: (IMPLF-223):	The LEF via 'VIA2_2CUT_W' definition already exists in the database. The current definition will be ignored. Ensure that you have not specified duplicate LEF files or LEF files with duplicate via definition.
Type 'man IMPLF-223' for more detail.
**WARN: (EMS-27):	Message (IMPLF-223) has exceeded the current message display limit of 20.
To increase the message display limit, refer to the product command reference manual.
**WARN: (IMPLF-151):	The viaRule 'VIA1ARRAY' has been defined, the content will be skipped.
**WARN: (IMPLF-151):	The viaRule 'VIA2ARRAY' has been defined, the content will be skipped.
**WARN: (IMPLF-151):	The viaRule 'VIA3ARRAY' has been defined, the content will be skipped.
**WARN: (IMPLF-151):	The viaRule 'VIA4ARRAY' has been defined, the content will be skipped.
**WARN: (IMPLF-151):	The viaRule 'VIA5ARRAY' has been defined, the content will be skipped.
**WARN: (IMPLF-151):	The viaRule 'VIA6ARRAY' has been defined, the content will be skipped.
**WARN: (IMPLF-151):	The viaRule 'VIA7ARRAY' has been defined, the content will be skipped.
**WARN: (IMPLF-151):	The viaRule 'VIA8ARRAY' has been defined, the content will be skipped.
**WARN: (IMPLF-151):	The viaRule 'M9_M8v' has been defined, the content will be skipped.
**WARN: (IMPLF-151):	The viaRule 'M8_M7v' has been defined, the content will be skipped.
**WARN: (IMPLF-151):	The viaRule 'M7_M6v' has been defined, the content will be skipped.
**WARN: (IMPLF-151):	The viaRule 'M6_M5v' has been defined, the content will be skipped.
**WARN: (IMPLF-151):	The viaRule 'M5_M4v' has been defined, the content will be skipped.
**WARN: (IMPLF-151):	The viaRule 'M4_M3v' has been defined, the content will be skipped.
**WARN: (IMPLF-151):	The viaRule 'M3_M2v' has been defined, the content will be skipped.
**WARN: (IMPLF-151):	The viaRule 'M2_M1v' has been defined, the content will be skipped.
**WARN: (IMPLF-151):	The viaRule 'M1_POv' has been defined, the content will be skipped.
**WARN: (IMPLF-151):	The viaRule 'M1_DIFF' has been defined, the content will be skipped.
**WARN: (IMPLF-151):	The viaRule 'M1_PSUB' has been defined, the content will be skipped.
**WARN: (IMPLF-151):	The viaRule 'M1_PIMP' has been defined, the content will be skipped.
**WARN: (EMS-27):	Message (IMPLF-151) has exceeded the current message display limit of 20.
To increase the message display limit, refer to the product command reference manual.
**WARN: (IMPLF-105):	The layer 'Oxide' specified in SAMENET spacing
rule is neither a routing layer nor a cut layer. The rule is ignored.
**WARN: (IMPLF-105):	The layer 'Poly' specified in SAMENET spacing
rule is neither a routing layer nor a cut layer. The rule is ignored.
**WARN: (IMPLF-58):	MACRO 'OAI2BB1X4' has been found in the database. Its content except DENSITY and PIN ANTENNA* data, and certain properties, will be ignored.
Review the LEF files specified in the init_lef_file variable and remove redundant definitions.
Type 'man IMPLF-58' for more detail.
**WARN: (IMPLF-58):	MACRO 'OA22X2' has been found in the database. Its content except DENSITY and PIN ANTENNA* data, and certain properties, will be ignored.
Review the LEF files specified in the init_lef_file variable and remove redundant definitions.
Type 'man IMPLF-58' for more detail.
**WARN: (IMPLF-58):	MACRO 'NAND3X8' has been found in the database. Its content except DENSITY and PIN ANTENNA* data, and certain properties, will be ignored.
Review the LEF files specified in the init_lef_file variable and remove redundant definitions.
Type 'man IMPLF-58' for more detail.
**WARN: (IMPLF-58):	MACRO 'SDFFRX4' has been found in the database. Its content except DENSITY and PIN ANTENNA* data, and certain properties, will be ignored.
Review the LEF files specified in the init_lef_file variable and remove redundant definitions.
Type 'man IMPLF-58' for more detail.
**WARN: (IMPLF-58):	MACRO 'TLATSRX1' has been found in the database. Its content except DENSITY and PIN ANTENNA* data, and certain properties, will be ignored.
Review the LEF files specified in the init_lef_file variable and remove redundant definitions.
Type 'man IMPLF-58' for more detail.
**WARN: (IMPLF-58):	MACRO 'OAI2BB1X1' has been found in the database. Its content except DENSITY and PIN ANTENNA* data, and certain properties, will be ignored.
Review the LEF files specified in the init_lef_file variable and remove redundant definitions.
Type 'man IMPLF-58' for more detail.
**WARN: (IMPLF-58):	MACRO 'DLY4X1' has been found in the database. Its content except DENSITY and PIN ANTENNA* data, and certain properties, will be ignored.
Review the LEF files specified in the init_lef_file variable and remove redundant definitions.
Type 'man IMPLF-58' for more detail.
**WARN: (IMPLF-58):	MACRO 'ADDFX4' has been found in the database. Its content except DENSITY and PIN ANTENNA* data, and certain properties, will be ignored.
Review the LEF files specified in the init_lef_file variable and remove redundant definitions.
Type 'man IMPLF-58' for more detail.
**WARN: (IMPLF-58):	MACRO 'CLKAND2X12' has been found in the database. Its content except DENSITY and PIN ANTENNA* data, and certain properties, will be ignored.
Review the LEF files specified in the init_lef_file variable and remove redundant definitions.
Type 'man IMPLF-58' for more detail.
**WARN: (IMPLF-58):	MACRO 'MXI3XL' has been found in the database. Its content except DENSITY and PIN ANTENNA* data, and certain properties, will be ignored.
Review the LEF files specified in the init_lef_file variable and remove redundant definitions.
Type 'man IMPLF-58' for more detail.
**WARN: (IMPLF-58):	MACRO 'NAND3X6' has been found in the database. Its content except DENSITY and PIN ANTENNA* data, and certain properties, will be ignored.
Review the LEF files specified in the init_lef_file variable and remove redundant definitions.
Type 'man IMPLF-58' for more detail.
**WARN: (IMPLF-58):	MACRO 'SDFFRX2' has been found in the database. Its content except DENSITY and PIN ANTENNA* data, and certain properties, will be ignored.
Review the LEF files specified in the init_lef_file variable and remove redundant definitions.
Type 'man IMPLF-58' for more detail.
**WARN: (IMPLF-58):	MACRO 'MX3X1' has been found in the database. Its content except DENSITY and PIN ANTENNA* data, and certain properties, will be ignored.
Review the LEF files specified in the init_lef_file variable and remove redundant definitions.
Type 'man IMPLF-58' for more detail.
**WARN: (IMPLF-58):	MACRO 'SDFFSRHQX1' has been found in the database. Its content except DENSITY and PIN ANTENNA* data, and certain properties, will be ignored.
Review the LEF files specified in the init_lef_file variable and remove redundant definitions.
Type 'man IMPLF-58' for more detail.
**WARN: (IMPLF-58):	MACRO 'OAI33XL' has been found in the database. Its content except DENSITY and PIN ANTENNA* data, and certain properties, will be ignored.
Review the LEF files specified in the init_lef_file variable and remove redundant definitions.
Type 'man IMPLF-58' for more detail.
**WARN: (IMPLF-58):	MACRO 'TLATSRX4' has been found in the database. Its content except DENSITY and PIN ANTENNA* data, and certain properties, will be ignored.
Review the LEF files specified in the init_lef_file variable and remove redundant definitions.
Type 'man IMPLF-58' for more detail.
**WARN: (IMPLF-58):	MACRO 'DFFHQX4' has been found in the database. Its content except DENSITY and PIN ANTENNA* data, and certain properties, will be ignored.
Review the LEF files specified in the init_lef_file variable and remove redundant definitions.
Type 'man IMPLF-58' for more detail.
**WARN: (IMPLF-58):	MACRO 'AOI221X2' has been found in the database. Its content except DENSITY and PIN ANTENNA* data, and certain properties, will be ignored.
Review the LEF files specified in the init_lef_file variable and remove redundant definitions.
Type 'man IMPLF-58' for more detail.
**WARN: (IMPLF-58):	MACRO 'ADDFX2' has been found in the database. Its content except DENSITY and PIN ANTENNA* data, and certain properties, will be ignored.
Review the LEF files specified in the init_lef_file variable and remove redundant definitions.
Type 'man IMPLF-58' for more detail.
**WARN: (IMPLF-58):	MACRO 'AOI22XL' has been found in the database. Its content except DENSITY and PIN ANTENNA* data, and certain properties, will be ignored.
Review the LEF files specified in the init_lef_file variable and remove redundant definitions.
Type 'man IMPLF-58' for more detail.
**WARN: (EMS-27):	Message (IMPLF-58) has exceeded the current message display limit of 20.
To increase the message display limit, refer to the product command reference manual.

Loading LEF file ../../../../../install/FOUNDRY/digital/90nm/dig/lef/gsclib090_tech.lef ...

Loading LEF file ../../../../../install/FOUNDRY/digital/90nm/dig/lef/gsclib090_macro.lef ...
**WARN: (IMPLF-61):	974 duplicated MACRO definitions have been found in the LEF file(s). Their content except DENSITY and PIN ANTENNA* data, and certain properties, have been ignored.
Review the LEF files specified in the init_lef_file variable and remove redundant definitions.
Type 'man IMPLF-61' for more detail.
**WARN: (IMPLF-200):	Pin 'A' in macro 'ANTENNA' has no ANTENNAGATEAREA value defined. The library data is incomplete and some process antenna rules will not be checked correctly.
Type 'man IMPLF-200' for more detail.

##  Check design process and node:  
##  Both design process and tech node are not set.

Loading view definition file from Default.view
Reading max_timing timing library '/home/install/FOUNDRY/digital/90nm/dig/lib/slow.lib' ...
Read 479 cells in library 'slow' 
Reading min_timing timing library '/home/install/FOUNDRY/digital/90nm/dig/lib/fast.lib' ...
Read 479 cells in library 'fast' 
*** End library_loading (cpu=0.01min, real=0.02min, mem=30.0M, fe_cpu=0.49min, fe_real=3.43min, fe_mem=1058.5M) ***
#% Begin Load netlist data ... (date=03/01 16:43:20, mem=1044.7M)
*** Begin netlist parsing (mem=1058.5M) ***
**WARN: (IMPVL-159):	Pin 'VDD' of cell 'XOR3XL' is defined in LEF but not in the timing library.
Type 'man IMPVL-159' for more detail.
**WARN: (IMPVL-159):	Pin 'VSS' of cell 'XOR3XL' is defined in LEF but not in the timing library.
Type 'man IMPVL-159' for more detail.
**WARN: (IMPVL-159):	Pin 'VDD' of cell 'XOR3X1' is defined in LEF but not in the timing library.
Type 'man IMPVL-159' for more detail.
**WARN: (IMPVL-159):	Pin 'VSS' of cell 'XOR3X1' is defined in LEF but not in the timing library.
Type 'man IMPVL-159' for more detail.
**WARN: (IMPVL-159):	Pin 'VSS' of cell 'XOR2XL' is defined in LEF but not in the timing library.
Type 'man IMPVL-159' for more detail.
**WARN: (IMPVL-159):	Pin 'VDD' of cell 'XOR2XL' is defined in LEF but not in the timing library.
Type 'man IMPVL-159' for more detail.
**WARN: (IMPVL-159):	Pin 'VSS' of cell 'XOR2X4' is defined in LEF but not in the timing library.
Type 'man IMPVL-159' for more detail.
**WARN: (IMPVL-159):	Pin 'VDD' of cell 'XOR2X4' is defined in LEF but not in the timing library.
Type 'man IMPVL-159' for more detail.
**WARN: (IMPVL-159):	Pin 'VSS' of cell 'XOR2X2' is defined in LEF but not in the timing library.
Type 'man IMPVL-159' for more detail.
**WARN: (IMPVL-159):	Pin 'VDD' of cell 'XOR2X2' is defined in LEF but not in the timing library.
Type 'man IMPVL-159' for more detail.
**WARN: (IMPVL-159):	Pin 'VSS' of cell 'XOR2X1' is defined in LEF but not in the timing library.
Type 'man IMPVL-159' for more detail.
**WARN: (IMPVL-159):	Pin 'VDD' of cell 'XOR2X1' is defined in LEF but not in the timing library.
Type 'man IMPVL-159' for more detail.
**WARN: (IMPVL-159):	Pin 'VSS' of cell 'XNOR3XL' is defined in LEF but not in the timing library.
Type 'man IMPVL-159' for more detail.
**WARN: (IMPVL-159):	Pin 'VDD' of cell 'XNOR3XL' is defined in LEF but not in the timing library.
Type 'man IMPVL-159' for more detail.
**WARN: (IMPVL-159):	Pin 'VDD' of cell 'XNOR3X1' is defined in LEF but not in the timing library.
Type 'man IMPVL-159' for more detail.
**WARN: (IMPVL-159):	Pin 'VSS' of cell 'XNOR3X1' is defined in LEF but not in the timing library.
Type 'man IMPVL-159' for more detail.
**WARN: (IMPVL-159):	Pin 'VSS' of cell 'XNOR2XL' is defined in LEF but not in the timing library.
Type 'man IMPVL-159' for more detail.
**WARN: (IMPVL-159):	Pin 'VDD' of cell 'XNOR2XL' is defined in LEF but not in the timing library.
Type 'man IMPVL-159' for more detail.
**WARN: (IMPVL-159):	Pin 'VSS' of cell 'XNOR2X4' is defined in LEF but not in the timing library.
Type 'man IMPVL-159' for more detail.
**WARN: (IMPVL-159):	Pin 'VDD' of cell 'XNOR2X4' is defined in LEF but not in the timing library.
Type 'man IMPVL-159' for more detail.
**WARN: (EMS-27):	Message (IMPVL-159) has exceeded the current message display limit of 20.
To increase the message display limit, refer to the product command reference manual.
Created 479 new cells from 2 timing libraries.
Reading netlist ...
Backslashed names will retain backslash and a trailing blank character.
Reading verilog netlist 'alarm_netlist.v'
**WARN: (IMPVL-346):	Module 'key_register' is instantiated in the netlist, but is not defined in the LEF files.  Since there is no real cell definition for such a cell, it will be treated as an empty module.
Type 'man IMPVL-346' for more detail.

*** Memory Usage v#1 (Current mem = 1058.539M, initial mem = 483.863M) ***
*** End netlist parsing (cpu=0:00:00.0, real=0:00:00.0, mem=1058.5M) ***
#% End Load netlist data ... (date=03/01 16:43:20, total cpu=0:00:00.0, real=0:00:00.0, peak res=1059.2M, current mem=1059.2M)
Top level cell is alarm_clock_top.
Hooked 958 DB cells to tlib cells.
**WARN: (IMPDB-2504):	Unable to find netlist cell in the design data of the library or LEF. The 'key_register' cell is instantiated in the Verilog netlist, but not defined in the library or design data.  Its pin directions might be derived incorrectly. Include the cell definition or its pin information in the library or design data and reload the design to avoid potential issues.
Type 'man IMPDB-2504' for more detail.
1 empty module found.
Starting recursive module instantiation check.
No recursion found.
Term dir updated for 0 vinsts of 1 cells.
Building hierarchical netlist for Cell alarm_clock_top ...
*** Netlist is unique.
** info: there are 972 modules.
** info: there are 336 stdCell insts.

*** Memory Usage v#1 (Current mem = 1116.953M, initial mem = 483.863M) ***
**WARN: (IMPFP-3961):	The techSite 'pad' has no related standard cells in the LEF/OA library. The calculations for this site type cannot be made unless standard cell models of this type exist in the LEF/OA library. Ignore this warning if the SITE is not used by the library. Alternatively, remove the SITE definition for the LEF/OA library to avoid this message.
Type 'man IMPFP-3961' for more detail.
**WARN: (IMPFP-3961):	The techSite 'corner' has no related standard cells in the LEF/OA library. The calculations for this site type cannot be made unless standard cell models of this type exist in the LEF/OA library. Ignore this warning if the SITE is not used by the library. Alternatively, remove the SITE definition for the LEF/OA library to avoid this message.
Type 'man IMPFP-3961' for more detail.
Horizontal Layer M1 offset = 290 (derived)
Vertical Layer M2 offset = 290 (derived)
Start create_tracks
Generated pitch 0.29 in Metal8 is different from 0.87 defined in technology file in unpreferred direction.
Extraction setup Started 
Initializing multi-corner RC extraction with 1 active RC Corners ...
Reading Capacitance Table File ../../../../../install/FOUNDRY/digital/90nm/dig/captable/gpdk090.lef.extended.CapTbl ...
Cap table was created using Encounter 05.20-s112_1.
Process name: gpdk090_9l.
Importing multi-corner RC tables ... 
Summary of Active RC-Corners : 
 
 Analysis View: worst_case
    RC-Corner Name        : rc_corners
    RC-Corner Index       : 0
    RC-Corner Temperature : 25 Celsius
    RC-Corner Cap Table   : '../../../../../install/FOUNDRY/digital/90nm/dig/captable/gpdk090.lef.extended.CapTbl'
    RC-Corner PreRoute Res Factor         : 1
    RC-Corner PreRoute Cap Factor         : 1
    RC-Corner PostRoute Res Factor        : 1 {1 1 1}
    RC-Corner PostRoute Cap Factor        : 1 {1 1 1}
    RC-Corner PostRoute XCap Factor       : 1 {1 1 1}
    RC-Corner PreRoute Clock Res Factor   : 1	[Derived from postRoute_res (effortLevel low)]
    RC-Corner PreRoute Clock Cap Factor   : 1	[Derived from postRoute_cap (effortLevel low)]
    RC-Corner PostRoute Clock Cap Factor  : 1 {1 1 1} 	[Derived from postRoute_cap (effortLevel low)]
    RC-Corner PostRoute Clock Res Factor  : 1 {1 1 1} 	[Derived from postRoute_res (effortLevel low)]
    RC-Corner PostRoute Clock coupling capacitance Factor : 1 {1 1 1} 
 
 Analysis View: best_case
    RC-Corner Name        : rc_corners
    RC-Corner Index       : 0
    RC-Corner Temperature : 25 Celsius
    RC-Corner Cap Table   : '../../../../../install/FOUNDRY/digital/90nm/dig/captable/gpdk090.lef.extended.CapTbl'
    RC-Corner PreRoute Res Factor         : 1
    RC-Corner PreRoute Cap Factor         : 1
    RC-Corner PostRoute Res Factor        : 1 {1 1 1}
    RC-Corner PostRoute Cap Factor        : 1 {1 1 1}
    RC-Corner PostRoute XCap Factor       : 1 {1 1 1}
    RC-Corner PreRoute Clock Res Factor   : 1	[Derived from postRoute_res (effortLevel low)]
    RC-Corner PreRoute Clock Cap Factor   : 1	[Derived from postRoute_cap (effortLevel low)]
    RC-Corner PostRoute Clock Cap Factor  : 1 {1 1 1} 	[Derived from postRoute_cap (effortLevel low)]
    RC-Corner PostRoute Clock Res Factor  : 1 {1 1 1} 	[Derived from postRoute_res (effortLevel low)]
    RC-Corner PostRoute Clock coupling capacitance Factor : 1 {1 1 1} 
Updating RC grid for preRoute extraction ...
Initializing multi-corner capacitance tables ... 
Initializing multi-corner resistance tables ...
*Info: initialize multi-corner CTS.
Reading timing constraints file 'alarm_constraints_1.sdc' ...
Current (total cpu=0:00:29.8, real=0:03:26, peak res=1357.8M, current mem=1357.8M)
**WARN: (TCLCMD-1461):	Skipped unsupported command: set_units (File alarm_constraints_1.sdc, Line 9).

**WARN: (TCLCMD-1461):	Skipped unsupported command: set_units (File alarm_constraints_1.sdc, Line 10).

alarm_clock_top
**WARN: (IMPCTE-290):	Could not locate cell INVX1 in any library for view best_case.
Type 'man IMPCTE-290' for more detail.
**WARN: (IMPCTE-290):	Could not locate cell INVX1 in any library for view best_case.
Type 'man IMPCTE-290' for more detail.
**WARN: (IMPCTE-290):	Could not locate cell INVX1 in any library for view best_case.
Type 'man IMPCTE-290' for more detail.
**WARN: (IMPCTE-290):	Could not locate cell INVX1 in any library for view best_case.
Type 'man IMPCTE-290' for more detail.
**WARN: (IMPCTE-290):	Could not locate cell INVX1 in any library for view best_case.
Type 'man IMPCTE-290' for more detail.
**WARN: (IMPCTE-290):	Could not locate cell INVX1 in any library for view best_case.
Type 'man IMPCTE-290' for more detail.
**WARN: (IMPCTE-290):	Could not locate cell INVX1 in any library for view best_case.
Type 'man IMPCTE-290' for more detail.
**WARN: (IMPCTE-290):	Could not locate cell INVX1 in any library for view best_case.
Type 'man IMPCTE-290' for more detail.
**WARN: (IMPCTE-290):	Could not locate cell INVX1 in any library for view best_case.
Type 'man IMPCTE-290' for more detail.
**WARN: (IMPCTE-290):	Could not locate cell INVX1 in any library for view best_case.
Type 'man IMPCTE-290' for more detail.
**WARN: (IMPCTE-290):	Could not locate cell INVX1 in any library for view best_case.
Type 'man IMPCTE-290' for more detail.
**WARN: (IMPCTE-290):	Could not locate cell INVX1 in any library for view best_case.
Type 'man IMPCTE-290' for more detail.
**WARN: (IMPCTE-290):	Could not locate cell INVX1 in any library for view best_case.
Type 'man IMPCTE-290' for more detail.
**WARN: (IMPCTE-290):	Could not locate cell INVX1 in any library for view best_case.
Type 'man IMPCTE-290' for more detail.
**WARN: (IMPCTE-290):	Could not locate cell INVX1 in any library for view best_case.
Type 'man IMPCTE-290' for more detail.
**WARN: (IMPCTE-290):	Could not locate cell INVX1 in any library for view best_case.
Type 'man IMPCTE-290' for more detail.
**WARN: (IMPCTE-290):	Could not locate cell INVX1 in any library for view best_case.
Type 'man IMPCTE-290' for more detail.
**WARN: (IMPCTE-290):	Could not locate cell INVX1 in any library for view best_case.
Type 'man IMPCTE-290' for more detail.
**WARN: (IMPCTE-290):	Could not locate cell INVX1 in any library for view best_case.
Type 'man IMPCTE-290' for more detail.
**WARN: (IMPCTE-290):	Could not locate cell INVX1 in any library for view best_case.
Type 'man IMPCTE-290' for more detail.
**WARN: (EMS-27):	Message (IMPCTE-290) has exceeded the current message display limit of 20.
To increase the message display limit, refer to the product command reference manual.
INFO (CTE): Reading of timing constraints file alarm_constraints_1.sdc completed, with 2 WARNING
Ending "Constraint file reading stats" (total cpu=0:00:00.0, real=0:00:00.0, peak res=1401.0M, current mem=1401.0M)
Current (total cpu=0:00:29.8, real=0:03:26, peak res=1401.0M, current mem=1401.0M)
Total number of combinational cells: 317
Total number of sequential cells: 152
Total number of tristate cells: 10
Total number of level shifter cells: 0
Total number of power gating cells: 0
Total number of isolation cells: 0
Total number of power switch cells: 0
Total number of pulse generator cells: 0
Total number of always on buffers: 0
Total number of retention cells: 0
List of usable buffers: BUFX2 BUFX12 BUFX16 BUFX20 CLKBUFX2 BUFX3 BUFX4 BUFX6 BUFX8 CLKBUFX12 CLKBUFX16 CLKBUFX20 CLKBUFX3 CLKBUFX4 CLKBUFX6 CLKBUFX8
Total number of usable buffers: 16
List of unusable buffers:
Total number of unusable buffers: 0
List of usable inverters: CLKINVX1 CLKINVX2 CLKINVX12 CLKINVX16 CLKINVX20 CLKINVX3 CLKINVX4 CLKINVX6 CLKINVX8 INVX1 INVX2 INVX12 INVX16 INVX20 INVXL INVX3 INVX4 INVX6 INVX8
Total number of usable inverters: 19
List of unusable inverters:
Total number of unusable inverters: 0
List of identified usable delay cells: DLY1X1 DLY1X4 DLY2X1 DLY2X4 DLY3X1 DLY3X4 DLY4X1 DLY4X4
Total number of identified usable delay cells: 8
List of identified unusable delay cells:
Total number of identified unusable delay cells: 0

*** Summary of all messages that are not suppressed in this session:
Severity  ID               Count  Summary                                  
WARNING   IMPLF-151           49  The viaRule '%s' has been defined, the c...
WARNING   IMPLF-58           974  MACRO '%s' has been found in the databas...
WARNING   IMPLF-61             1  %d duplicated MACRO definitions have bee...
WARNING   IMPLF-200            1  Pin '%s' in macro '%s' has no ANTENNAGAT...
ERROR     IMPLF-223          206  The LEF via '%s' definition already exis...
WARNING   IMPLF-105            4  The layer '%s' specified in SAMENET spac...
WARNING   IMPLF-119           27  LAYER '%s' has been found in the databas...
WARNING   IMPFP-3961           2  The techSite '%s' has no related standar...
WARNING   IMPVL-346            1  Module '%s' is instantiated in the netli...
WARNING   IMPVL-159          958  Pin '%s' of cell '%s' is defined in LEF ...
WARNING   IMPDB-2504           1  Unable to find netlist cell in the desig...
WARNING   IMPCTE-290          76  Could not locate cell %s in any library ...
WARNING   TCLCMD-1461          2  Skipped unsupported command: %s          
*** Message Summary: 2096 warning(s), 206 error(s)

<CMD> fit
<CMD> getIoFlowFlag
<CMD> setIoFlowFlag 0
<CMD> floorPlan -site gsclib090site -r 1 0.7 2.5 2.5 2.5 2.5
**WARN: (IMPFP-3961):	The techSite 'pad' has no related standard cells in the LEF/OA library. The calculations for this site type cannot be made unless standard cell models of this type exist in the LEF/OA library. Ignore this warning if the SITE is not used by the library. Alternatively, remove the SITE definition for the LEF/OA library to avoid this message.
Type 'man IMPFP-3961' for more detail.
**WARN: (IMPFP-3961):	The techSite 'corner' has no related standard cells in the LEF/OA library. The calculations for this site type cannot be made unless standard cell models of this type exist in the LEF/OA library. Ignore this warning if the SITE is not used by the library. Alternatively, remove the SITE definition for the LEF/OA library to avoid this message.
Type 'man IMPFP-3961' for more detail.
Horizontal Layer M1 offset = 290 (derived)
Vertical Layer M2 offset = 290 (derived)
Start create_tracks
Generated pitch 0.29 in Metal8 is different from 0.87 defined in technology file in unpreferred direction.
<CMD> uiSetTool select
<CMD> getIoFlowFlag
<CMD> fit
<CMD> set sprCreateIeRingOffset 1.0
<CMD> set sprCreateIeRingThreshold 1.0
<CMD> set sprCreateIeRingJogDistance 1.0
<CMD> set sprCreateIeRingLayers {}
<CMD> set sprCreateIeRingOffset 1.0
<CMD> set sprCreateIeRingThreshold 1.0
<CMD> set sprCreateIeRingJogDistance 1.0
<CMD> set sprCreateIeRingLayers {}
<CMD> set sprCreateIeStripeWidth 10.0
<CMD> set sprCreateIeStripeThreshold 1.0
<CMD> set sprCreateIeStripeWidth 10.0
<CMD> set sprCreateIeStripeThreshold 1.0
<CMD> set sprCreateIeRingOffset 1.0
<CMD> set sprCreateIeRingThreshold 1.0
<CMD> set sprCreateIeRingJogDistance 1.0
<CMD> set sprCreateIeRingLayers {}
<CMD> set sprCreateIeStripeWidth 10.0
<CMD> set sprCreateIeStripeThreshold 1.0

viaInitial starts at Sun Mar  1 16:44:24 2026
viaInitial ends at Sun Mar  1 16:44:24 2026
<CMD> setAddRingMode -ring_target default -extend_over_row 0 -ignore_rows 0 -avoid_short 0 -skip_crossing_trunks none -stacked_via_top_layer Metal9 -stacked_via_bottom_layer Metal1 -via_using_exact_crossover_size 1 -orthogonal_only true -skip_via_on_pin {  standardcell } -skip_via_on_wire_shape {  noshape }
The ring targets are set to core/block ring wires.
addRing command will consider rows while creating rings.
addRing command will disallow rings to go over rows.
addRing command will ignore shorts while creating rings.
<CMD> addRing -nets {VDD VSS} -type core_rings -follow core -layer {top Metal9 bottom Metal9 left Metal8 right Metal8} -width {top 0.7 bottom 0.7 left 0.7 right 0.7} -spacing {top 0.4 bottom 0.4 left 0.4 right 0.4} -offset {top 0.5 bottom 0.5 left 0.5 right 0.5} -center 0 -threshold 0 -jog_distance 0 -snap_wire_center_to_grid None

Loading cell geometries (cpu: 0:00:00.0, real: 0:00:00.0, peak mem: 1726.5M)
Ring generation is complete.
vias are now being generated.
addRing created 8 wires.
ViaGen created 8 vias, deleted 0 via to avoid violation.
+--------+----------------+----------------+
|  Layer |     Created    |     Deleted    |
+--------+----------------+----------------+
| Metal8 |        4       |       NA       |
|  Via8  |        8       |        0       |
| Metal9 |        4       |       NA       |
+--------+----------------+----------------+
<CMD> set sprCreateIeRingOffset 1.0
<CMD> set sprCreateIeRingThreshold 1.0
<CMD> set sprCreateIeRingJogDistance 1.0
<CMD> set sprCreateIeRingLayers {}
<CMD> set sprCreateIeRingOffset 1.0
<CMD> set sprCreateIeRingThreshold 1.0
<CMD> set sprCreateIeRingJogDistance 1.0
<CMD> set sprCreateIeRingLayers {}
<CMD> set sprCreateIeStripeWidth 10.0
<CMD> set sprCreateIeStripeThreshold 1.0
<CMD> set sprCreateIeStripeWidth 10.0
<CMD> set sprCreateIeStripeThreshold 1.0
<CMD> set sprCreateIeRingOffset 1.0
<CMD> set sprCreateIeRingThreshold 1.0
<CMD> set sprCreateIeRingJogDistance 1.0
<CMD> set sprCreateIeRingLayers {}
<CMD> set sprCreateIeStripeWidth 10.0
<CMD> set sprCreateIeStripeThreshold 1.0
<CMD> setAddStripeMode -ignore_block_check false -break_at none -route_over_rows_only false -rows_without_stripes_only false -extend_to_closest_target none -stop_at_last_wire_for_area false -partial_set_thru_domain false -ignore_nondefault_domains false -trim_antenna_back_to_shape none -spacing_type edge_to_edge -spacing_from_block 0 -stripe_min_length stripe_width -stacked_via_top_layer Metal9 -stacked_via_bottom_layer Metal1 -via_using_exact_crossover_size false -split_vias false -orthogonal_only true -allow_jog { padcore_ring  block_ring } -skip_via_on_pin {  standardcell } -skip_via_on_wire_shape {  noshape   }
addStripe will allow jog to connect padcore ring and block ring.

Stripes will stop at the boundary of the specified area.
When breaking rings, the power planner will consider the existence of blocks.
Stripes will not extend to closest target.
The power planner will set stripe antenna targets to none (no trimming allowed).
Stripes will not be created over regions without power planning wires.
The entire stripe set will break at the domain if one of the nets is not in the domain.
addStripe will break automatically at non-default domains when generating global stripes over the core area or default domain.
Offset for stripe breaking is set to 0.
<CMD> addStripe -nets {VDD VSS} -layer Metal9 -direction horizontal -width 0.7 -spacing 0.4 -number_of_sets 5 -start_from bottom -switch_layer_over_obs false -max_same_layer_jog_length 2 -padcore_ring_top_layer_limit Metal9 -padcore_ring_bottom_layer_limit Metal1 -block_ring_top_layer_limit Metal9 -block_ring_bottom_layer_limit Metal1 -use_wire_group 0 -snap_wire_center_to_grid None

Initialize fgc environment(mem: 1726.5M) ...  fail and won't use fgc to check drc(cpu: 0:00:00.0, real: 0:00:00.0, peak mem: 1726.5M)
Loading cell geometries (cpu: 0:00:00.0, real: 0:00:00.0, peak mem: 1726.5M)
Loading wires (cpu: 0:00:00.0, real: 0:00:00.0, peak mem: 1726.5M)
Loading via instances (cpu: 0:00:00.0, real: 0:00:00.0, peak mem: 1726.5M)
Starting stripe generation ...
Non-Default Mode Option Settings :
  NONE
Stripe generation is complete.
vias are now being generated.
addStripe created 10 wires.
ViaGen created 20 vias, deleted 0 via to avoid violation.
+--------+----------------+----------------+
|  Layer |     Created    |     Deleted    |
+--------+----------------+----------------+
|  Via8  |       20       |        0       |
| Metal9 |       10       |       NA       |
+--------+----------------+----------------+
<CMD> setAddStripeMode -ignore_block_check false -break_at none -route_over_rows_only false -rows_without_stripes_only false -extend_to_closest_target none -stop_at_last_wire_for_area false -partial_set_thru_domain false -ignore_nondefault_domains false -trim_antenna_back_to_shape none -spacing_type edge_to_edge -spacing_from_block 0 -stripe_min_length stripe_width -stacked_via_top_layer Metal9 -stacked_via_bottom_layer Metal1 -via_using_exact_crossover_size false -split_vias false -orthogonal_only true -allow_jog { padcore_ring  block_ring } -skip_via_on_pin {  standardcell } -skip_via_on_wire_shape {  noshape   }
addStripe will allow jog to connect padcore ring and block ring.

Stripes will stop at the boundary of the specified area.
When breaking rings, the power planner will consider the existence of blocks.
Stripes will not extend to closest target.
The power planner will set stripe antenna targets to none (no trimming allowed).
Stripes will not be created over regions without power planning wires.
The entire stripe set will break at the domain if one of the nets is not in the domain.
addStripe will break automatically at non-default domains when generating global stripes over the core area or default domain.
Offset for stripe breaking is set to 0.
<CMD> addStripe -nets {VDD VSS} -layer Metal8 -direction vertical -width 0.7 -spacing 0.4 -number_of_sets 5 -start_from left -switch_layer_over_obs false -max_same_layer_jog_length 2 -padcore_ring_top_layer_limit Metal9 -padcore_ring_bottom_layer_limit Metal1 -block_ring_top_layer_limit Metal9 -block_ring_bottom_layer_limit Metal1 -use_wire_group 0 -snap_wire_center_to_grid None

Initialize fgc environment(mem: 1726.5M) ...  fail and won't use fgc to check drc(cpu: 0:00:00.0, real: 0:00:00.0, peak mem: 1726.5M)
Loading cell geometries (cpu: 0:00:00.0, real: 0:00:00.0, peak mem: 1726.5M)
Loading wires (cpu: 0:00:00.0, real: 0:00:00.0, peak mem: 1726.5M)
Loading via instances (cpu: 0:00:00.0, real: 0:00:00.0, peak mem: 1726.5M)
Starting stripe generation ...
Non-Default Mode Option Settings :
  NONE
Stripe generation is complete.
vias are now being generated.
addStripe created 10 wires.
ViaGen created 70 vias, deleted 0 via to avoid violation.
+--------+----------------+----------------+
|  Layer |     Created    |     Deleted    |
+--------+----------------+----------------+
| Metal8 |       10       |       NA       |
|  Via8  |       70       |        0       |
+--------+----------------+----------------+
<CMD> setAddStripeMode -ignore_block_check false -break_at none -route_over_rows_only false -rows_without_stripes_only false -extend_to_closest_target none -stop_at_last_wire_for_area false -partial_set_thru_domain false -ignore_nondefault_domains false -trim_antenna_back_to_shape none -spacing_type edge_to_edge -spacing_from_block 0 -stripe_min_length stripe_width -stacked_via_top_layer Metal9 -stacked_via_bottom_layer Metal1 -via_using_exact_crossover_size false -split_vias false -orthogonal_only true -allow_jog { padcore_ring  block_ring } -skip_via_on_pin {  standardcell } -skip_via_on_wire_shape {  noshape   }
addStripe will allow jog to connect padcore ring and block ring.

Stripes will stop at the boundary of the specified area.
When breaking rings, the power planner will consider the existence of blocks.
Stripes will not extend to closest target.
The power planner will set stripe antenna targets to none (no trimming allowed).
Stripes will not be created over regions without power planning wires.
The entire stripe set will break at the domain if one of the nets is not in the domain.
addStripe will break automatically at non-default domains when generating global stripes over the core area or default domain.
Offset for stripe breaking is set to 0.
<CMD> addStripe -nets {VDD VSS} -layer Metal8 -direction vertical -width 0.7 -spacing 0.4 -number_of_sets 5 -start_from left -switch_layer_over_obs false -max_same_layer_jog_length 2 -padcore_ring_top_layer_limit Metal9 -padcore_ring_bottom_layer_limit Metal1 -block_ring_top_layer_limit Metal9 -block_ring_bottom_layer_limit Metal1 -use_wire_group 0 -snap_wire_center_to_grid None

Initialize fgc environment(mem: 1726.5M) ...  fail and won't use fgc to check drc(cpu: 0:00:00.0, real: 0:00:00.0, peak mem: 1726.5M)
Loading cell geometries (cpu: 0:00:00.0, real: 0:00:00.0, peak mem: 1726.5M)
Loading wires (cpu: 0:00:00.0, real: 0:00:00.0, peak mem: 1726.5M)
Loading via instances (cpu: 0:00:00.0, real: 0:00:00.0, peak mem: 1726.5M)
Starting stripe generation ...
Non-Default Mode Option Settings :
  NONE
**WARN: (IMPPP-170):	The power planner failed to create a wire at (2.960000, 1.410000) (2.960000, 58.619999) because same wire already exists.
**WARN: (IMPPP-170):	The power planner failed to create a wire at (17.225000, 1.410000) (17.225000, 58.619999) because same wire already exists.
**WARN: (IMPPP-170):	The power planner failed to create a wire at (31.490000, 1.410000) (31.490000, 58.619999) because same wire already exists.
**WARN: (IMPPP-170):	The power planner failed to create a wire at (45.755001, 1.410000) (45.755001, 58.619999) because same wire already exists.
**WARN: (IMPPP-170):	The power planner failed to create a wire at (60.020000, 1.410000) (60.020000, 58.619999) because same wire already exists.
**WARN: (IMPPP-170):	The power planner failed to create a wire at (4.060000, 0.310000) (4.060000, 59.720001) because same wire already exists.
**WARN: (IMPPP-170):	The power planner failed to create a wire at (18.325001, 0.310000) (18.325001, 59.720001) because same wire already exists.
**WARN: (IMPPP-170):	The power planner failed to create a wire at (32.590000, 0.310000) (32.590000, 59.720001) because same wire already exists.
**WARN: (IMPPP-170):	The power planner failed to create a wire at (46.855000, 0.310000) (46.855000, 59.720001) because same wire already exists.
**WARN: (IMPPP-170):	The power planner failed to create a wire at (61.119999, 0.310000) (61.119999, 59.720001) because same wire already exists.
Stripe generation is complete.
<CMD> saveDesign power.enc
#% Begin save design ... (date=03/01 16:45:12, mem=1581.7M)
% Begin Save ccopt configuration ... (date=03/01 16:45:12, mem=1581.7M)
% End Save ccopt configuration ... (date=03/01 16:45:12, total cpu=0:00:00.0, real=0:00:00.0, peak res=1583.2M, current mem=1583.2M)
% Begin Save netlist data ... (date=03/01 16:45:12, mem=1583.2M)
Writing Binary DB to power.enc.dat/alarm_clock_top.v.bin in single-threaded mode...
% End Save netlist data ... (date=03/01 16:45:12, total cpu=0:00:00.0, real=0:00:00.0, peak res=1583.5M, current mem=1583.5M)
Saving symbol-table file ...
Saving congestion map file power.enc.dat/alarm_clock_top.route.congmap.gz ...
% Begin Save AAE data ... (date=03/01 16:45:12, mem=1584.2M)
Saving AAE Data ...
% End Save AAE data ... (date=03/01 16:45:12, total cpu=0:00:00.0, real=0:00:00.0, peak res=1584.2M, current mem=1584.2M)
Saving preference file power.enc.dat/gui.pref.tcl ...
Saving mode setting ...
Saving global file ...
% Begin Save floorplan data ... (date=03/01 16:45:12, mem=1588.0M)
Saving floorplan file ...
% End Save floorplan data ... (date=03/01 16:45:12, total cpu=0:00:00.0, real=0:00:00.0, peak res=1588.0M, current mem=1588.0M)
Saving Drc markers ...
... No Drc file written since there is no markers found.
% Begin Save placement data ... (date=03/01 16:45:12, mem=1588.0M)
** Saving stdCellPlacement_binary (version# 2) ...
Save Adaptive View Pruning View Names to Binary file
% End Save placement data ... (date=03/01 16:45:12, total cpu=0:00:00.0, real=0:00:00.0, peak res=1588.8M, current mem=1588.8M)
% Begin Save routing data ... (date=03/01 16:45:12, mem=1588.8M)
Saving route file ...
*** Completed saveRoute (cpu=0:00:00.0 real=0:00:00.0 mem=1713.0M) ***
% End Save routing data ... (date=03/01 16:45:12, total cpu=0:00:00.0, real=0:00:00.0, peak res=1589.0M, current mem=1589.0M)
Saving property file power.enc.dat/alarm_clock_top.prop
*** Completed saveProperty (cpu=0:00:00.0 real=0:00:00.0 mem=1716.0M) ***
% Begin Save power constraints data ... (date=03/01 16:45:12, mem=1590.4M)
% End Save power constraints data ... (date=03/01 16:45:12, total cpu=0:00:00.0, real=0:00:00.0, peak res=1590.4M, current mem=1590.4M)
rc_corners
Generated self-contained design power.enc.dat
#% End save design ... (date=03/01 16:45:13, total cpu=0:00:00.2, real=0:00:01.0, peak res=1618.7M, current mem=1594.5M)
*** Message Summary: 0 warning(s), 0 error(s)

<CMD> setRouteMode -earlyGlobalHonorMsvRouteConstraint false -earlyGlobalRoutePartitionPinGuide true
<CMD> setEndCapMode -reset
<CMD> setEndCapMode -boundary_tap false
<CMD> setNanoRouteMode -quiet -droutePostRouteSpreadWire 1
<CMD> setNanoRouteMode -quiet -droutePostRouteWidenWireRule LEFDefaultRouteSpec_gpdk090
<CMD> setNanoRouteMode -quiet -timingEngine {}
<CMD> setUsefulSkewMode -noBoundary false -maxAllowedDelay 1
<CMD> setPlaceMode -reset
<CMD> setPlaceMode -congEffort auto -timingDriven 1 -clkGateAware 1 -powerDriven 0 -ignoreScan 1 -reorderScan 1 -ignoreSpare 0 -placeIOPins 1 -moduleAwareSpare 0 -preserveRouting 1 -rmAffectedRouting 0 -checkRoute 0 -swapEEQ 0
<CMD> setRouteMode -earlyGlobalHonorMsvRouteConstraint false -earlyGlobalRoutePartitionPinGuide true
<CMD> setEndCapMode -reset
<CMD> setEndCapMode -boundary_tap false
<CMD> setUsefulSkewMode -noBoundary false -maxAllowedDelay 1
<CMD> setPlaceMode -fp false
<CMD> place_design
*** placeDesign #1 [begin] : totSession cpu/real = 0:00:39.6/0:05:27.8 (0.1), mem = 1753.6M
*** Starting placeDesign default flow ***
*** Start deleteBufferTree ***
Info: Detect buffers to remove automatically.
Analyzing netlist ...
Updating netlist

*summary: 0 instances (buffers/inverters) removed
*** Finish deleteBufferTree (0:00:00.1) ***
**INFO: Enable pre-place timing setting for timing analysis
Set Using Default Delay Limit as 101.
**WARN: (IMPDC-1629):	The default delay limit was set to 101. This is less than the default of 1000 and may result in inaccurate delay calculation for nets with a fanout higher than the setting.  If needed, the default delay limit may be adjusted by running the command 'set delaycal_use_default_delay_limit'.
Set Default Net Delay as 0 ps.
Set Default Net Load as 0 pF. 
Set Default Input Pin Transition as 1 ps.
**INFO: Analyzing IO path groups for slack adjustment
Effort level <high> specified for reg2reg_tmp.138570 path_group
AAE_INFO: opIsDesignInPostRouteState() is 0
AAE DB initialization (MEM=1883.2 CPU=0:00:00.0 REAL=0:00:00.0) 
#################################################################################
# Design Stage: PreRoute
# Design Name: alarm_clock_top
# Design Mode: 90nm
# Analysis Mode: MMMC Non-OCV 
# Parasitics Mode: No SPEF/RCDB 
# Signoff Settings: SI Off 
#################################################################################
Calculate delays in BcWc mode...
Start delay calculation (fullDC) (1 T). (MEM=1886.2)
Total number of fetched objects 356
End delay calculation. (MEM=2043.81 CPU=0:00:00.0 REAL=0:00:00.0)
End delay calculation (fullDC). (MEM=2043.81 CPU=0:00:00.0 REAL=0:00:00.0)
**INFO: Disable pre-place timing setting for timing analysis
Set Using Default Delay Limit as 1000.
Set Default Net Delay as 1000 ps.
Set Default Input Pin Transition as 0.1 ps.
Set Default Net Load as 0.5 pF. 
**INFO: Pre-place timing setting for timing analysis already disabled
Deleted 0 physical inst  (cell - / prefix -).
INFO: #ExclusiveGroups=0
INFO: There are no Exclusive Groups.
Extracting standard cell pins and blockage ...... 
Pin and blockage extraction finished
Extracting macro/IO cell pins and blockage ...... 
Pin and blockage extraction finished
*** Starting "NanoPlace(TM) placement v#6 (mem=2026.3M)" ...
*** Build Buffered Sizing Timing Model
(cpu=0:00:00.8 mem=2034.3M) ***
*** Build Virtual Sizing Timing Model
(cpu=0:00:00.9 mem=2034.3M) ***
No user-set net weight.
Net fanout histogram:
2		: 220 (61.6%) nets
3		: 38 (10.6%) nets
4     -	14	: 95 (26.6%) nets
15    -	39	: 2 (0.6%) nets
40    -	79	: 2 (0.6%) nets
80    -	159	: 0 (0.0%) nets
160   -	319	: 0 (0.0%) nets
320   -	639	: 0 (0.0%) nets
640   -	1279	: 0 (0.0%) nets
1280  -	2559	: 0 (0.0%) nets
2560  -	5119	: 0 (0.0%) nets
5120+		: 0 (0.0%) nets
Options: timingDriven clkGateAware ignoreScan pinGuide congEffort=auto gpeffort=medium 
**WARN: (IMPSP-9042):	Scan chains were not defined, -place_global_ignore_scan option will be ignored.
Define the scan chains before using this option.
Type 'man IMPSP-9042' for more detail.
#std cell=336 (0 fixed + 336 movable) #buf cell=0 #inv cell=32 #block=0 (0 floating + 0 preplaced)
#ioInst=0 #net=357 #term=1190 #term/net=3.33, #fixedIo=0, #floatIo=0, #fixedPin=0, #floatPin=54
stdCell: 336 single + 0 double + 0 multi
Total standard cell length = 0.8654 (mm), area = 0.0023 (mm^2)
Estimated cell power/ground rail width = 0.326 um
Average module density = 0.700.
Density for the design = 0.700.
       = stdcell_area 2984 sites (2259 um^2) / alloc_area 4263 sites (3227 um^2).
Pin Density = 0.2791.
            = total # of pins 1190 / total area 4263.
=== lastAutoLevel = 6 
Clock gating cells determined by native netlist tracing.
Iteration  1: Total net bbox = 9.481e-12 (4.15e-12 5.33e-12)
              Est.  stn bbox = 1.015e-11 (4.43e-12 5.72e-12)
              cpu = 0:00:00.0 real = 0:00:00.0 mem = 2061.4M
Iteration  2: Total net bbox = 9.481e-12 (4.15e-12 5.33e-12)
              Est.  stn bbox = 1.015e-11 (4.43e-12 5.72e-12)
              cpu = 0:00:00.0 real = 0:00:00.0 mem = 2061.4M
Iteration  3: Total net bbox = 1.301e+01 (6.67e+00 6.34e+00)
              Est.  stn bbox = 1.588e+01 (8.18e+00 7.70e+00)
              cpu = 0:00:00.0 real = 0:00:00.0 mem = 2062.8M
Active setup views:
    worst_case
Iteration  4: Total net bbox = 1.183e+03 (4.71e+02 7.12e+02)
              Est.  stn bbox = 1.509e+03 (6.20e+02 8.90e+02)
              cpu = 0:00:00.1 real = 0:00:00.0 mem = 2062.8M
Iteration  5: Total net bbox = 1.763e+03 (8.05e+02 9.59e+02)
              Est.  stn bbox = 2.202e+03 (9.95e+02 1.21e+03)
              cpu = 0:00:00.1 real = 0:00:00.0 mem = 2062.8M
Iteration  6: Total net bbox = 2.093e+03 (9.17e+02 1.18e+03)
              Est.  stn bbox = 2.570e+03 (1.13e+03 1.44e+03)
              cpu = 0:00:00.0 real = 0:00:00.0 mem = 2063.8M
Iteration  7: Total net bbox = 2.647e+03 (1.27e+03 1.38e+03)
              Est.  stn bbox = 3.136e+03 (1.49e+03 1.65e+03)
              cpu = 0:00:00.1 real = 0:00:00.0 mem = 2064.8M
Iteration  8: Total net bbox = 2.394e+03 (1.19e+03 1.20e+03)
              Est.  stn bbox = 2.854e+03 (1.40e+03 1.46e+03)
              cpu = 0:00:00.1 real = 0:00:00.0 mem = 2065.8M
Iteration  9: Total net bbox = 3.172e+03 (1.53e+03 1.64e+03)
              Est.  stn bbox = 3.717e+03 (1.78e+03 1.93e+03)
              cpu = 0:00:00.0 real = 0:00:00.0 mem = 2065.8M
Iteration 10: Total net bbox = 3.172e+03 (1.53e+03 1.64e+03)
              Est.  stn bbox = 3.717e+03 (1.78e+03 1.93e+03)
              cpu = 0:00:00.0 real = 0:00:00.0 mem = 2065.8M
*** cost = 3.172e+03 (1.53e+03 1.64e+03) (cpu for global=0:00:00.5) real=0:00:01.0***
Info: 0 clock gating cells identified, 0 (on average) moved 0/2
Solver runtime cpu: 0:00:00.4 real: 0:00:00.4
Core Placement runtime cpu: 0:00:00.4 real: 0:00:01.0
**WARN: (IMPSP-9025):	No scan chain specified/traced.
Type 'man IMPSP-9025' for more detail.
*** Starting refinePlace (0:00:41.9 mem=2065.8M) ***
Total net bbox length = 3.199e+03 (1.547e+03 1.653e+03) (ext = 6.499e+02)
Move report: Detail placement moves 336 insts, mean move: 0.48 um, max move: 6.29 um 
	Max move on inst (tg/inc_add_20_32_g435__6161): (42.27, 26.12) --> (38.57, 28.71)
	Runtime: CPU: 0:00:00.0 REAL: 0:00:00.0 MEM: 2089.8MB
Summary Report:
Instances move: 336 (out of 336 movable)
Instances flipped: 0
Mean displacement: 0.48 um
Max displacement: 6.29 um (Instance: tg/inc_add_20_32_g435__6161) (42.266, 26.116) -> (38.57, 28.71)
	Length: 4 sites, height: 1 rows, site name: gsclib090site, cell type: NAND2XL
Total net bbox length = 3.073e+03 (1.409e+03 1.663e+03) (ext = 6.461e+02)
Runtime: CPU: 0:00:00.0 REAL: 0:00:00.0 MEM: 2089.8MB
*** Finished refinePlace (0:00:41.9 mem=2089.8M) ***
*** End of Placement (cpu=0:00:01.6, real=0:00:02.0, mem=2089.8M) ***
default core: bins with density > 0.750 =  0.00 % ( 0 / 9 )
Density distribution unevenness ratio = 1.073%
*** Free Virtual Timing Model ...(mem=2089.8M)
Starting IO pin assignment...
The design is not routed. Using placement based method for pin assignment.
Completed IO pin assignment.
**INFO: Enable pre-place timing setting for timing analysis
Set Using Default Delay Limit as 101.
**WARN: (IMPDC-1629):	The default delay limit was set to 101. This is less than the default of 1000 and may result in inaccurate delay calculation for nets with a fanout higher than the setting.  If needed, the default delay limit may be adjusted by running the command 'set delaycal_use_default_delay_limit'.
Set Default Net Delay as 0 ps.
Set Default Net Load as 0 pF. 
**INFO: Analyzing IO path groups for slack adjustment
Effort level <high> specified for reg2reg_tmp.138570 path_group
AAE_INFO: opIsDesignInPostRouteState() is 0
#################################################################################
# Design Stage: PreRoute
# Design Name: alarm_clock_top
# Design Mode: 90nm
# Analysis Mode: MMMC Non-OCV 
# Parasitics Mode: No SPEF/RCDB 
# Signoff Settings: SI Off 
#################################################################################
Calculate delays in BcWc mode...
Start delay calculation (fullDC) (1 T). (MEM=2078.32)
Total number of fetched objects 356
End delay calculation. (MEM=2121.54 CPU=0:00:00.0 REAL=0:00:00.0)
End delay calculation (fullDC). (MEM=2121.54 CPU=0:00:00.0 REAL=0:00:00.0)
**INFO: Disable pre-place timing setting for timing analysis
Set Using Default Delay Limit as 1000.
Set Default Net Delay as 1000 ps.
Set Default Net Load as 0.5 pF. 
Info: Disable timing driven in postCTS congRepair.

Starting congRepair ...
[NR-eGR] Track table information for default rule: 
[NR-eGR] Metal1 has single uniform track structure
[NR-eGR] Metal2 has single uniform track structure
[NR-eGR] Metal3 has single uniform track structure
[NR-eGR] Metal4 has single uniform track structure
[NR-eGR] Metal5 has single uniform track structure
[NR-eGR] Metal6 has single uniform track structure
[NR-eGR] Metal7 has single uniform track structure
[NR-eGR] Metal8 has single uniform track structure
[NR-eGR] Metal9 has single uniform track structure
[NR-eGR] Read 224 PG shapes
[NR-eGR] Read 0 clock shapes
[NR-eGR] Read 0 other shapes
[NR-eGR] #Routing Blockages  : 0
[NR-eGR] #Instance Blockages : 0
[NR-eGR] #PG Blockages       : 224
[NR-eGR] #Halo Blockages     : 0
[NR-eGR] #Boundary Blockages : 0
[NR-eGR] #Clock Blockages    : 0
[NR-eGR] #Other Blockages    : 0
[NR-eGR] Num Prerouted Nets = 0  Num Prerouted Wires = 0
[NR-eGR] Read 357 nets ( ignored 0 )
[NR-eGR] There are 1 clock nets ( 0 with NDR ).
[NR-eGR] ============ Routing rule table ============
[NR-eGR] Rule id: 0  Nets: 357
[NR-eGR] ========================================
[NR-eGR] 
[NR-eGR] Layer group 1: route 357 net(s) in layer range [2, 9]
[NR-eGR] Early Global Route overflow of layer group 1: 0.00% H + 0.00% V. EstWL: 3.588750e+03um
[NR-eGR] Congestion Analysis By layer: (blocked Gcells are excluded) 
[NR-eGR]                        OverCon            
[NR-eGR]                         #Gcell     %Gcell
[NR-eGR]        Layer             (1-0)    OverCon
[NR-eGR] ----------------------------------------------
[NR-eGR]  Metal1 ( 1)         0( 0.00%)   ( 0.00%) 
[NR-eGR]  Metal2 ( 2)         0( 0.00%)   ( 0.00%) 
[NR-eGR]  Metal3 ( 3)         0( 0.00%)   ( 0.00%) 
[NR-eGR]  Metal4 ( 4)         0( 0.00%)   ( 0.00%) 
[NR-eGR]  Metal5 ( 5)         0( 0.00%)   ( 0.00%) 
[NR-eGR]  Metal6 ( 6)         0( 0.00%)   ( 0.00%) 
[NR-eGR]  Metal7 ( 7)         0( 0.00%)   ( 0.00%) 
[NR-eGR]  Metal8 ( 8)         0( 0.00%)   ( 0.00%) 
[NR-eGR]  Metal9 ( 9)         0( 0.00%)   ( 0.00%) 
[NR-eGR] ----------------------------------------------
[NR-eGR]        Total         0( 0.00%)   ( 0.00%) 
[NR-eGR] 
[NR-eGR] Overflow after Early Global Route 0.00% H + 0.00% V
Early Global Route congestion estimation runtime: 0.01 seconds, mem = 2120.0M
Local HotSpot Analysis: normalized max congestion hotspot area = 0.00, normalized total congestion hotspot area = 0.00 (area is in unit of 4 std-cell row bins)
Skipped repairing congestion.
[NR-eGR]                 Length (um)  Vias 
[NR-eGR] ----------------------------------
[NR-eGR]  Metal1  (1H)             0  1136 
[NR-eGR]  Metal2  (2V)          1996  1559 
[NR-eGR]  Metal3  (3H)          1711    29 
[NR-eGR]  Metal4  (4V)           137     2 
[NR-eGR]  Metal5  (5H)            22     1 
[NR-eGR]  Metal6  (6V)            25     0 
[NR-eGR]  Metal7  (7H)             0     0 
[NR-eGR]  Metal8  (8V)             0     0 
[NR-eGR]  Metal9  (9H)             0     0 
[NR-eGR] ----------------------------------
[NR-eGR]          Total         3892  2727 
[NR-eGR] --------------------------------------------------------------------------
[NR-eGR] Total half perimeter of net bounding box: 3047um
[NR-eGR] Total length: 3892um, number of vias: 2727
[NR-eGR] --------------------------------------------------------------------------
[NR-eGR] Total eGR-routed clock nets wire length: 401um, number of vias: 193
[NR-eGR] --------------------------------------------------------------------------
Early Global Route wiring runtime: 0.00 seconds, mem = 2057.0M
Tdgp not successfully inited but do clear! skip clearing
End of congRepair (cpu=0:00:00.0, real=0:00:00.0)
*** Finishing placeDesign default flow ***
**placeDesign ... cpu = 0: 0: 3, real = 0: 0: 3, mem = 2057.0M **
Tdgp not successfully inited but do clear! skip clearing

*** Summary of all messages that are not suppressed in this session:
Severity  ID               Count  Summary                                  
WARNING   IMPDC-1629           2  The default delay limit was set to %d. T...
WARNING   IMPSP-9025           1  No scan chain specified/traced.          
WARNING   IMPSP-9042           1  Scan chains were not defined, -place_glo...
*** Message Summary: 4 warning(s), 0 error(s)

*** placeDesign #1 [finish] : cpu/real = 0:00:02.5/0:00:03.5 (0.7), totSession cpu/real = 0:00:42.1/0:05:31.3 (0.1), mem = 2057.0M
<CMD> saveDesign placement_before.enc
#% Begin save design ... (date=03/01 16:45:53, mem=1782.5M)
% Begin Save ccopt configuration ... (date=03/01 16:45:53, mem=1782.5M)
% End Save ccopt configuration ... (date=03/01 16:45:53, total cpu=0:00:00.0, real=0:00:00.0, peak res=1782.5M, current mem=1782.5M)
% Begin Save netlist data ... (date=03/01 16:45:53, mem=1782.5M)
Writing Binary DB to placement_before.enc.dat/alarm_clock_top.v.bin in single-threaded mode...
% End Save netlist data ... (date=03/01 16:45:53, total cpu=0:00:00.0, real=0:00:00.0, peak res=1782.7M, current mem=1782.7M)
Saving symbol-table file ...
Saving congestion map file placement_before.enc.dat/alarm_clock_top.route.congmap.gz ...
% Begin Save AAE data ... (date=03/01 16:45:53, mem=1783.2M)
Saving AAE Data ...
% End Save AAE data ... (date=03/01 16:45:53, total cpu=0:00:00.0, real=0:00:00.0, peak res=1783.2M, current mem=1783.2M)
Saving preference file placement_before.enc.dat/gui.pref.tcl ...
Saving mode setting ...
Saving global file ...
% Begin Save floorplan data ... (date=03/01 16:45:53, mem=1783.8M)
Saving floorplan file ...
% End Save floorplan data ... (date=03/01 16:45:53, total cpu=0:00:00.0, real=0:00:00.0, peak res=1783.8M, current mem=1783.8M)
Saving Drc markers ...
... No Drc file written since there is no markers found.
% Begin Save placement data ... (date=03/01 16:45:53, mem=1783.8M)
** Saving stdCellPlacement_binary (version# 2) ...
Save Adaptive View Pruning View Names to Binary file
% End Save placement data ... (date=03/01 16:45:53, total cpu=0:00:00.0, real=0:00:00.0, peak res=1783.8M, current mem=1783.8M)
% Begin Save routing data ... (date=03/01 16:45:53, mem=1783.8M)
Saving route file ...
*** Completed saveRoute (cpu=0:00:00.0 real=0:00:01.0 mem=2059.8M) ***
% End Save routing data ... (date=03/01 16:45:54, total cpu=0:00:00.0, real=0:00:01.0, peak res=1783.9M, current mem=1783.9M)
Saving property file placement_before.enc.dat/alarm_clock_top.prop
*** Completed saveProperty (cpu=0:00:00.0 real=0:00:00.0 mem=2062.8M) ***
% Begin Save power constraints data ... (date=03/01 16:45:54, mem=1783.9M)
% End Save power constraints data ... (date=03/01 16:45:54, total cpu=0:00:00.0, real=0:00:00.0, peak res=1783.9M, current mem=1783.9M)
rc_corners
Generated self-contained design placement_before.enc.dat
#% End save design ... (date=03/01 16:45:54, total cpu=0:00:00.2, real=0:00:01.0, peak res=1783.9M, current mem=1781.8M)
*** Message Summary: 0 warning(s), 0 error(s)

<CMD> setPlaceMode -fp false
<CMD> place_design
*** placeDesign #2 [begin] : totSession cpu/real = 0:00:44.9/0:06:05.2 (0.1), mem = 2081.1M
*** Starting placeDesign default flow ***
*** Start deleteBufferTree ***
Info: Detect buffers to remove automatically.
Analyzing netlist ...
Updating netlist

*summary: 0 instances (buffers/inverters) removed
*** Finish deleteBufferTree (0:00:00.0) ***
**INFO: Enable pre-place timing setting for timing analysis
Set Using Default Delay Limit as 101.
**WARN: (IMPDC-1629):	The default delay limit was set to 101. This is less than the default of 1000 and may result in inaccurate delay calculation for nets with a fanout higher than the setting.  If needed, the default delay limit may be adjusted by running the command 'set delaycal_use_default_delay_limit'.
Set Default Net Delay as 0 ps.
Set Default Net Load as 0 pF. 
**INFO: Analyzing IO path groups for slack adjustment
Effort level <high> specified for reg2reg_tmp.138570 path_group
AAE_INFO: opIsDesignInPostRouteState() is 0
#################################################################################
# Design Stage: PreRoute
# Design Name: alarm_clock_top
# Design Mode: 90nm
# Analysis Mode: MMMC Non-OCV 
# Parasitics Mode: No SPEF/RCDB 
# Signoff Settings: SI Off 
#################################################################################
Calculate delays in BcWc mode...
Start delay calculation (fullDC) (1 T). (MEM=2087.16)
Updating RC grid for preRoute extraction ...
Initializing multi-corner capacitance tables ... 
Initializing multi-corner resistance tables ...
Total number of fetched objects 356
End delay calculation. (MEM=2130.37 CPU=0:00:00.0 REAL=0:00:00.0)
End delay calculation (fullDC). (MEM=2130.37 CPU=0:00:00.0 REAL=0:00:00.0)
**INFO: Disable pre-place timing setting for timing analysis
Set Using Default Delay Limit as 1000.
Set Default Net Delay as 1000 ps.
Set Default Net Load as 0.5 pF. 
**INFO: Pre-place timing setting for timing analysis already disabled
Deleted 0 physical inst  (cell - / prefix -).
INFO: #ExclusiveGroups=0
INFO: There are no Exclusive Groups.
*** Starting "NanoPlace(TM) placement v#6 (mem=2120.9M)" ...
*** Build Buffered Sizing Timing Model
(cpu=0:00:00.8 mem=2120.9M) ***
*** Build Virtual Sizing Timing Model
(cpu=0:00:00.9 mem=2120.9M) ***
No user-set net weight.
Net fanout histogram:
2		: 220 (61.6%) nets
3		: 38 (10.6%) nets
4     -	14	: 95 (26.6%) nets
15    -	39	: 2 (0.6%) nets
40    -	79	: 2 (0.6%) nets
80    -	159	: 0 (0.0%) nets
160   -	319	: 0 (0.0%) nets
320   -	639	: 0 (0.0%) nets
640   -	1279	: 0 (0.0%) nets
1280  -	2559	: 0 (0.0%) nets
2560  -	5119	: 0 (0.0%) nets
5120+		: 0 (0.0%) nets
Options: timingDriven clkGateAware ignoreScan pinGuide congEffort=auto gpeffort=medium 
**WARN: (IMPSP-9042):	Scan chains were not defined, -place_global_ignore_scan option will be ignored.
Define the scan chains before using this option.
Type 'man IMPSP-9042' for more detail.
#std cell=336 (0 fixed + 336 movable) #buf cell=0 #inv cell=32 #block=0 (0 floating + 0 preplaced)
#ioInst=0 #net=357 #term=1190 #term/net=3.33, #fixedIo=0, #floatIo=0, #fixedPin=0, #floatPin=54
stdCell: 336 single + 0 double + 0 multi
Total standard cell length = 0.8654 (mm), area = 0.0023 (mm^2)
Average module density = 0.700.
Density for the design = 0.700.
       = stdcell_area 2984 sites (2259 um^2) / alloc_area 4263 sites (3227 um^2).
Pin Density = 0.2791.
            = total # of pins 1190 / total area 4263.
=== lastAutoLevel = 6 
Clock gating cells determined by native netlist tracing.
Iteration  1: Total net bbox = 2.936e+03 (1.43e+03 1.51e+03)
              Est.  stn bbox = 3.277e+03 (1.60e+03 1.67e+03)
              cpu = 0:00:00.0 real = 0:00:00.0 mem = 2089.9M
Iteration  2: Total net bbox = 2.936e+03 (1.43e+03 1.51e+03)
              Est.  stn bbox = 3.277e+03 (1.60e+03 1.67e+03)
              cpu = 0:00:00.0 real = 0:00:00.0 mem = 2089.9M
Iteration  3: Total net bbox = 1.653e+03 (7.42e+02 9.11e+02)
              Est.  stn bbox = 2.098e+03 (9.50e+02 1.15e+03)
              cpu = 0:00:00.0 real = 0:00:00.0 mem = 2091.3M
Active setup views:
    worst_case
Iteration  4: Total net bbox = 2.013e+03 (8.11e+02 1.20e+03)
              Est.  stn bbox = 2.509e+03 (1.03e+03 1.48e+03)
              cpu = 0:00:00.0 real = 0:00:00.0 mem = 2091.3M
Iteration  5: Total net bbox = 2.399e+03 (1.08e+03 1.32e+03)
              Est.  stn bbox = 2.947e+03 (1.32e+03 1.62e+03)
              cpu = 0:00:00.0 real = 0:00:00.0 mem = 2092.3M
Iteration  6: Total net bbox = 2.717e+03 (1.21e+03 1.51e+03)
              Est.  stn bbox = 3.284e+03 (1.46e+03 1.82e+03)
              cpu = 0:00:00.0 real = 0:00:00.0 mem = 2092.3M
Iteration  7: Total net bbox = 3.148e+03 (1.45e+03 1.70e+03)
              Est.  stn bbox = 3.730e+03 (1.71e+03 2.02e+03)
              cpu = 0:00:00.1 real = 0:00:00.0 mem = 2093.3M
Iteration  8: Total net bbox = 2.902e+03 (1.33e+03 1.57e+03)
              Est.  stn bbox = 3.469e+03 (1.58e+03 1.89e+03)
              cpu = 0:00:00.1 real = 0:00:00.0 mem = 2094.3M
Iteration  9: Total net bbox = 3.095e+03 (1.47e+03 1.62e+03)
              Est.  stn bbox = 3.666e+03 (1.73e+03 1.94e+03)
              cpu = 0:00:00.0 real = 0:00:00.0 mem = 2094.3M
Iteration 10: Total net bbox = 3.095e+03 (1.47e+03 1.62e+03)
              Est.  stn bbox = 3.666e+03 (1.73e+03 1.94e+03)
              cpu = 0:00:00.0 real = 0:00:00.0 mem = 2094.3M
*** cost = 3.095e+03 (1.47e+03 1.62e+03) (cpu for global=0:00:00.3) real=0:00:00.0***
Info: 0 clock gating cells identified, 0 (on average) moved 0/2
Solver runtime cpu: 0:00:00.3 real: 0:00:00.3
Core Placement runtime cpu: 0:00:00.3 real: 0:00:00.0
**WARN: (IMPSP-9025):	No scan chain specified/traced.
Type 'man IMPSP-9025' for more detail.
*** Starting refinePlace (0:00:46.5 mem=2094.3M) ***
Total net bbox length = 3.119e+03 (1.490e+03 1.629e+03) (ext = 3.457e+02)
Move report: Detail placement moves 336 insts, mean move: 0.70 um, max move: 7.09 um 
	Max move on inst (ac/g1749): (29.99, 10.42) --> (22.91, 10.44)
	Runtime: CPU: 0:00:00.0 REAL: 0:00:00.0 MEM: 2118.3MB
Summary Report:
Instances move: 336 (out of 336 movable)
Instances flipped: 0
Mean displacement: 0.70 um
Max displacement: 7.09 um (Instance: ac/g1749) (29.9855, 10.4205) -> (22.91, 10.44)
	Length: 3 sites, height: 1 rows, site name: gsclib090site, cell type: INVX1
Total net bbox length = 2.950e+03 (1.312e+03 1.638e+03) (ext = 3.464e+02)
Runtime: CPU: 0:00:00.0 REAL: 0:00:00.0 MEM: 2118.3MB
*** Finished refinePlace (0:00:46.5 mem=2118.3M) ***
*** End of Placement (cpu=0:00:01.3, real=0:00:01.0, mem=2118.3M) ***
default core: bins with density > 0.750 =  0.00 % ( 0 / 9 )
Density distribution unevenness ratio = 1.073%
*** Free Virtual Timing Model ...(mem=2118.3M)
Starting IO pin assignment...
The design is not routed. Using placement based method for pin assignment.
Completed IO pin assignment.
**INFO: Enable pre-place timing setting for timing analysis
Set Using Default Delay Limit as 101.
**WARN: (IMPDC-1629):	The default delay limit was set to 101. This is less than the default of 1000 and may result in inaccurate delay calculation for nets with a fanout higher than the setting.  If needed, the default delay limit may be adjusted by running the command 'set delaycal_use_default_delay_limit'.
Set Default Net Delay as 0 ps.
Set Default Net Load as 0 pF. 
**INFO: Analyzing IO path groups for slack adjustment
Effort level <high> specified for reg2reg_tmp.138570 path_group
AAE_INFO: opIsDesignInPostRouteState() is 0
#################################################################################
# Design Stage: PreRoute
# Design Name: alarm_clock_top
# Design Mode: 90nm
# Analysis Mode: MMMC Non-OCV 
# Parasitics Mode: No SPEF/RCDB 
# Signoff Settings: SI Off 
#################################################################################
Calculate delays in BcWc mode...
Start delay calculation (fullDC) (1 T). (MEM=2106.83)
Total number of fetched objects 356
End delay calculation. (MEM=2150.04 CPU=0:00:00.0 REAL=0:00:00.0)
End delay calculation (fullDC). (MEM=2150.04 CPU=0:00:00.0 REAL=0:00:00.0)
**INFO: Disable pre-place timing setting for timing analysis
Set Using Default Delay Limit as 1000.
Set Default Net Delay as 1000 ps.
Set Default Net Load as 0.5 pF. 
Info: Disable timing driven in postCTS congRepair.

Starting congRepair ...
[NR-eGR] Track table information for default rule: 
[NR-eGR] Metal1 has single uniform track structure
[NR-eGR] Metal2 has single uniform track structure
[NR-eGR] Metal3 has single uniform track structure
[NR-eGR] Metal4 has single uniform track structure
[NR-eGR] Metal5 has single uniform track structure
[NR-eGR] Metal6 has single uniform track structure
[NR-eGR] Metal7 has single uniform track structure
[NR-eGR] Metal8 has single uniform track structure
[NR-eGR] Metal9 has single uniform track structure
[NR-eGR] Read 224 PG shapes
[NR-eGR] Read 0 clock shapes
[NR-eGR] Read 0 other shapes
[NR-eGR] #Routing Blockages  : 0
[NR-eGR] #Instance Blockages : 0
[NR-eGR] #PG Blockages       : 224
[NR-eGR] #Halo Blockages     : 0
[NR-eGR] #Boundary Blockages : 0
[NR-eGR] #Clock Blockages    : 0
[NR-eGR] #Other Blockages    : 0
[NR-eGR] Num Prerouted Nets = 0  Num Prerouted Wires = 0
[NR-eGR] Read 357 nets ( ignored 0 )
[NR-eGR] There are 1 clock nets ( 0 with NDR ).
[NR-eGR] ============ Routing rule table ============
[NR-eGR] Rule id: 0  Nets: 357
[NR-eGR] ========================================
[NR-eGR] 
[NR-eGR] Layer group 1: route 357 net(s) in layer range [2, 9]
[NR-eGR] Early Global Route overflow of layer group 1: 0.00% H + 0.00% V. EstWL: 3.526110e+03um
[NR-eGR] Congestion Analysis By layer: (blocked Gcells are excluded) 
[NR-eGR]                        OverCon            
[NR-eGR]                         #Gcell     %Gcell
[NR-eGR]        Layer             (1-0)    OverCon
[NR-eGR] ----------------------------------------------
[NR-eGR]  Metal1 ( 1)         0( 0.00%)   ( 0.00%) 
[NR-eGR]  Metal2 ( 2)         0( 0.00%)   ( 0.00%) 
[NR-eGR]  Metal3 ( 3)         0( 0.00%)   ( 0.00%) 
[NR-eGR]  Metal4 ( 4)         0( 0.00%)   ( 0.00%) 
[NR-eGR]  Metal5 ( 5)         0( 0.00%)   ( 0.00%) 
[NR-eGR]  Metal6 ( 6)         0( 0.00%)   ( 0.00%) 
[NR-eGR]  Metal7 ( 7)         0( 0.00%)   ( 0.00%) 
[NR-eGR]  Metal8 ( 8)         0( 0.00%)   ( 0.00%) 
[NR-eGR]  Metal9 ( 9)         0( 0.00%)   ( 0.00%) 
[NR-eGR] ----------------------------------------------
[NR-eGR]        Total         0( 0.00%)   ( 0.00%) 
[NR-eGR] 
[NR-eGR] Overflow after Early Global Route 0.00% H + 0.00% V
Early Global Route congestion estimation runtime: 0.01 seconds, mem = 2148.5M
Local HotSpot Analysis: normalized max congestion hotspot area = 0.00, normalized total congestion hotspot area = 0.00 (area is in unit of 4 std-cell row bins)
Skipped repairing congestion.
[NR-eGR]                 Length (um)  Vias 
[NR-eGR] ----------------------------------
[NR-eGR]  Metal1  (1H)             0  1136 
[NR-eGR]  Metal2  (2V)          1981  1538 
[NR-eGR]  Metal3  (3H)          1731    37 
[NR-eGR]  Metal4  (4V)            86     3 
[NR-eGR]  Metal5  (5H)            34     0 
[NR-eGR]  Metal6  (6V)             0     0 
[NR-eGR]  Metal7  (7H)             0     0 
[NR-eGR]  Metal8  (8V)             0     0 
[NR-eGR]  Metal9  (9H)             0     0 
[NR-eGR] ----------------------------------
[NR-eGR]          Total         3832  2714 
[NR-eGR] --------------------------------------------------------------------------
[NR-eGR] Total half perimeter of net bounding box: 2934um
[NR-eGR] Total length: 3832um, number of vias: 2714
[NR-eGR] --------------------------------------------------------------------------
[NR-eGR] Total eGR-routed clock nets wire length: 380um, number of vias: 177
[NR-eGR] --------------------------------------------------------------------------
Early Global Route wiring runtime: 0.00 seconds, mem = 2091.5M
Tdgp not successfully inited but do clear! skip clearing
End of congRepair (cpu=0:00:00.0, real=0:00:00.0)
*** Finishing placeDesign default flow ***
**placeDesign ... cpu = 0: 0: 2, real = 0: 0: 2, mem = 2091.5M **
Tdgp not successfully inited but do clear! skip clearing

*** Summary of all messages that are not suppressed in this session:
Severity  ID               Count  Summary                                  
WARNING   IMPDC-1629           2  The default delay limit was set to %d. T...
WARNING   IMPSP-9025           1  No scan chain specified/traced.          
WARNING   IMPSP-9042           1  Scan chains were not defined, -place_glo...
*** Message Summary: 4 warning(s), 0 error(s)

*** placeDesign #2 [finish] : cpu/real = 0:00:01.8/0:00:01.8 (1.0), totSession cpu/real = 0:00:46.7/0:06:07.0 (0.1), mem = 2091.5M
<CMD> saveDesign placement.enc
#% Begin save design ... (date=03/01 16:48:59, mem=1796.4M)
% Begin Save ccopt configuration ... (date=03/01 16:48:59, mem=1796.4M)
% End Save ccopt configuration ... (date=03/01 16:48:59, total cpu=0:00:00.0, real=0:00:00.0, peak res=1796.4M, current mem=1796.4M)
% Begin Save netlist data ... (date=03/01 16:48:59, mem=1796.4M)
Writing Binary DB to placement.enc.dat/alarm_clock_top.v.bin in single-threaded mode...
% End Save netlist data ... (date=03/01 16:48:59, total cpu=0:00:00.0, real=0:00:00.0, peak res=1796.6M, current mem=1796.6M)
Saving symbol-table file ...
Saving congestion map file placement.enc.dat/alarm_clock_top.route.congmap.gz ...
% Begin Save AAE data ... (date=03/01 16:48:59, mem=1797.1M)
Saving AAE Data ...
% End Save AAE data ... (date=03/01 16:48:59, total cpu=0:00:00.0, real=0:00:00.0, peak res=1797.1M, current mem=1797.1M)
Saving preference file placement.enc.dat/gui.pref.tcl ...
Saving mode setting ...
Saving global file ...
% Begin Save floorplan data ... (date=03/01 16:48:59, mem=1797.5M)
Saving floorplan file ...
% End Save floorplan data ... (date=03/01 16:48:59, total cpu=0:00:00.0, real=0:00:00.0, peak res=1797.5M, current mem=1797.5M)
Saving Drc markers ...
... No Drc file written since there is no markers found.
% Begin Save placement data ... (date=03/01 16:48:59, mem=1797.5M)
** Saving stdCellPlacement_binary (version# 2) ...
Save Adaptive View Pruning View Names to Binary file
% End Save placement data ... (date=03/01 16:48:59, total cpu=0:00:00.0, real=0:00:00.0, peak res=1797.5M, current mem=1797.5M)
% Begin Save routing data ... (date=03/01 16:48:59, mem=1797.5M)
Saving route file ...
*** Completed saveRoute (cpu=0:00:00.0 real=0:00:00.0 mem=2092.3M) ***
% End Save routing data ... (date=03/01 16:48:59, total cpu=0:00:00.0, real=0:00:00.0, peak res=1797.7M, current mem=1797.7M)
Saving property file placement.enc.dat/alarm_clock_top.prop
*** Completed saveProperty (cpu=0:00:00.0 real=0:00:00.0 mem=2095.3M) ***
% Begin Save power constraints data ... (date=03/01 16:49:00, mem=1797.7M)
% End Save power constraints data ... (date=03/01 16:49:00, total cpu=0:00:00.0, real=0:00:00.0, peak res=1797.7M, current mem=1797.7M)
rc_corners
Generated self-contained design placement.enc.dat
#% End save design ... (date=03/01 16:49:00, total cpu=0:00:00.2, real=0:00:01.0, peak res=1798.0M, current mem=1798.0M)
*** Message Summary: 0 warning(s), 0 error(s)

<CMD> redirect -quiet {set honorDomain [getAnalysisMode -honorClockDomains]} > /dev/null
<CMD> timeDesign -preCTS -pathReports -drvReports -slackReports -numPaths 50 -prefix alarm_clock_top_preCTS -outDir timingReports
AAE DB initialization (MEM=2071.84 CPU=0:00:00.0 REAL=0:00:00.0) 
*** timeDesign #1 [begin] : totSession cpu/real = 0:01:08.3/0:11:05.4 (0.1), mem = 2071.8M
Setting timing_disable_library_data_to_data_checks to 'true'.
Setting timing_disable_user_data_to_data_checks to 'true'.
Start to check current routing status for nets...
All nets are already routed correctly.
End to check current routing status for nets (mem=2061.8M)
Extraction called for design 'alarm_clock_top' of instances=336 and nets=360 using extraction engine 'preRoute' .
**WARN: (IMPEXT-3530):	The process node is not set. Use the command setDesignMode -process <process node> prior to extraction for maximum accuracy and optimal automatic threshold setting.
Type 'man IMPEXT-3530' for more detail.
PreRoute RC Extraction called for design alarm_clock_top.
RC Extraction called in multi-corner(1) mode.
RCMode: PreRoute
      RC Corner Indexes            0   
Capacitance Scaling Factor   : 1.00000 
Resistance Scaling Factor    : 1.00000 
Clock Cap. Scaling Factor    : 1.00000 
Clock Res. Scaling Factor    : 1.00000 
Shrink Factor                : 1.00000
PreRoute extraction is honoring NDR/Shielding/ExtraSpace for clock nets.
Using capacitance table file ...
Updating RC grid for preRoute extraction ...
Initializing multi-corner capacitance tables ... 
Initializing multi-corner resistance tables ...
PreRoute RC Extraction DONE (CPU Time: 0:00:00.0  Real Time: 0:00:00.0  MEM: 2061.840M)
Starting delay calculation for Setup views
AAE_INFO: opIsDesignInPostRouteState() is 0
#################################################################################
# Design Stage: PreRoute
# Design Name: alarm_clock_top
# Design Mode: 90nm
# Analysis Mode: MMMC Non-OCV 
# Parasitics Mode: No SPEF/RCDB 
# Signoff Settings: SI Off 
#################################################################################
Calculate delays in BcWc mode...
Start delay calculation (fullDC) (1 T). (MEM=2073.89)
Total number of fetched objects 356
End delay calculation. (MEM=2161.72 CPU=0:00:00.0 REAL=0:00:00.0)
End delay calculation (fullDC). (MEM=2161.72 CPU=0:00:00.1 REAL=0:00:00.0)
*** Done Building Timing Graph (cpu=0:00:00.1 real=0:00:00.0 totSessionCpu=0:01:08 mem=2153.7M)

------------------------------------------------------------------
          timeDesign Summary
------------------------------------------------------------------

Setup views included:
 worst_case 

+--------------------+---------+---------+---------+
|     Setup mode     |   all   | reg2reg | default |
+--------------------+---------+---------+---------+
|           WNS (ns):|  6.461  |  6.461  |  7.145  |
|           TNS (ns):|  0.000  |  0.000  |  0.000  |
|    Violating Paths:|    0    |    0    |    0    |
|          All Paths:|   102   |   67    |   52    |
+--------------------+---------+---------+---------+

+----------------+-------------------------------+------------------+
|                |              Real             |       Total      |
|    DRVs        +------------------+------------+------------------|
|                |  Nr nets(terms)  | Worst Vio  |  Nr nets(terms)  |
+----------------+------------------+------------+------------------+
|   max_cap      |      0 (0)       |   0.000    |      0 (0)       |
|   max_tran     |      0 (0)       |   0.000    |      0 (0)       |
|   max_fanout   |      0 (0)       |     0      |      0 (0)       |
|   max_length   |      0 (0)       |     0      |      0 (0)       |
+----------------+------------------+------------+------------------+

Density: 69.998%
Routing Overflow: 0.00% H and 0.00% V
------------------------------------------------------------------
Reported timing to dir timingReports
Total CPU time: 0.29 sec
Total Real time: 0.0 sec
Total Memory Usage: 2127.140625 Mbytes
*** timeDesign #1 [finish] : cpu/real = 0:00:00.3/0:00:00.9 (0.3), totSession cpu/real = 0:01:08.6/0:11:06.2 (0.1), mem = 2127.1M
<CMD> redirect -quiet {set honorDomain [getAnalysisMode -honorClockDomains]} > /dev/null
<CMD> timeDesign -preCTS -hold -pathReports -slackReports -numPaths 50 -prefix alarm_clock_top_preCTS -outDir timingReports
*** timeDesign #2 [begin] : totSession cpu/real = 0:01:09.7/0:11:20.5 (0.1), mem = 2137.3M
Start to check current routing status for nets...
All nets are already routed correctly.
End to check current routing status for nets (mem=2105.8M)
Starting delay calculation for Hold views
AAE_INFO: opIsDesignInPostRouteState() is 0
#################################################################################
# Design Stage: PreRoute
# Design Name: alarm_clock_top
# Design Mode: 90nm
# Analysis Mode: MMMC Non-OCV 
# Parasitics Mode: No SPEF/RCDB 
# Signoff Settings: SI Off 
#################################################################################
Calculate delays in BcWc mode...
Start delay calculation (fullDC) (1 T). (MEM=2116.12)
*** Calculating scaling factor for min_timing libraries using the default operating condition of each library.
Total number of fetched objects 356
End delay calculation. (MEM=2160.07 CPU=0:00:00.0 REAL=0:00:00.0)
End delay calculation (fullDC). (MEM=2160.07 CPU=0:00:00.0 REAL=0:00:00.0)
Turning on fast DC mode.
*** Done Building Timing Graph (cpu=0:00:00.1 real=0:00:00.0 totSessionCpu=0:01:10 mem=2160.1M)

------------------------------------------------------------------
          timeDesign Summary
------------------------------------------------------------------

Hold views included:
 best_case 

+--------------------+---------+---------+---------+
|     Hold mode      |   all   | reg2reg | default |
+--------------------+---------+---------+---------+
|           WNS (ns):| -0.212  | -0.212  |  1.729  |
|           TNS (ns):| -8.907  | -8.907  |  0.000  |
|    Violating Paths:|   66    |   66    |    0    |
|          All Paths:|   102   |   67    |   52    |
+--------------------+---------+---------+---------+

Density: 69.998%
Routing Overflow: 0.00% H and 0.00% V
------------------------------------------------------------------
Reported timing to dir timingReports
Total CPU time: 0.2 sec
Total Real time: 0.0 sec
Total Memory Usage: 2093.558594 Mbytes
*** timeDesign #2 [finish] : cpu/real = 0:00:00.2/0:00:00.2 (1.0), totSession cpu/real = 0:01:09.9/0:11:20.7 (0.1), mem = 2093.6M
<CMD> setOptMode -fixCap true -fixTran true -fixFanoutLoad false
<CMD> optDesign -preCTS
Executing: place_opt_design -opt
**INFO: User settings:
setExtractRCMode -engine                            preRoute
setUsefulSkewMode -maxAllowedDelay                  1
setUsefulSkewMode -noBoundary                       false
setDelayCalMode -enable_high_fanout                 true
setDelayCalMode -engine                             aae
setDelayCalMode -ignoreNetLoad                      false
setDelayCalMode -socv_accuracy_mode                 low
setOptMode -fixCap                                  true
setOptMode -fixFanoutLoad                           false
setOptMode -fixTran                                 true
setPlaceMode -place_design_floorplan_mode           false
setPlaceMode -place_detail_check_route              false
setPlaceMode -place_detail_preserve_routing         true
setPlaceMode -place_detail_remove_affected_routing  false
setPlaceMode -place_detail_swap_eeq_cells           false
setPlaceMode -place_global_clock_gate_aware         true
setPlaceMode -place_global_cong_effort              auto
setPlaceMode -place_global_ignore_scan              true
setPlaceMode -place_global_ignore_spare             false
setPlaceMode -place_global_module_aware_spare       false
setPlaceMode -place_global_place_io_pins            true
setPlaceMode -place_global_reorder_scan             true
setPlaceMode -powerDriven                           false
setPlaceMode -timingDriven                          true
setAnalysisMode -analysisType                       bcwc
setAnalysisMode -checkType                          setup
setAnalysisMode -clkSrcPath                         true
setAnalysisMode -clockPropagation                   forcedIdeal
setAnalysisMode -virtualIPO                         false
setRouteMode -earlyGlobalHonorMsvRouteConstraint    false
setRouteMode -earlyGlobalRoutePartitionPinGuide     true

*** place_opt_design #1 [begin] : totSession cpu/real = 0:01:11.5/0:11:43.1 (0.1), mem = 2103.8M
No user sequential activity specified, applying default sequential activity of "0.2" for Dynamic Power reporting.
'set_default_switching_activity' finished successfully.
*** Starting GigaPlace ***
*** GlobalPlace #1 [begin] (place_opt_design #1) : totSession cpu/real = 0:01:11.5/0:11:43.1 (0.1), mem = 2093.8M
*** GlobalPlace #1 [finish] (place_opt_design #1) : cpu/real = 0:00:00.0/0:00:00.0 (0.0), totSession cpu/real = 0:01:11.5/0:11:43.1 (0.1), mem = 2093.8M
Enable CTE adjustment.
**optDesign ... cpu = 0:00:00, real = 0:00:00, mem = 1813.8M, totSessionCpu=0:01:12 **
GigaOpt running with 1 threads.
*** InitOpt #1 [begin] (place_opt_design #1) : totSession cpu/real = 0:01:11.5/0:11:43.1 (0.1), mem = 2093.8M
**INFO: setDesignMode -flowEffort standard -> setting 'setOptMode -allEndPoints true' for the duration of this command.
**optDesign ... cpu = 0:00:00, real = 0:00:01, mem = 1822.0M, totSessionCpu=0:01:12 **
*** optDesign -preCTS ***
DRC Margin: user margin 0.0; extra margin 0.2
Setup Target Slack: user slack 0; extra slack 0.0
Hold Target Slack: user slack 0
Multi-VT timing optimization disabled based on library information.
[NR-eGR] Started Early Global Route kernel ( Curr Mem: 2115.78 MB )
[NR-eGR] Track table information for default rule: 
[NR-eGR] Metal1 has single uniform track structure
[NR-eGR] Metal2 has single uniform track structure
[NR-eGR] Metal3 has single uniform track structure
[NR-eGR] Metal4 has single uniform track structure
[NR-eGR] Metal5 has single uniform track structure
[NR-eGR] Metal6 has single uniform track structure
[NR-eGR] Metal7 has single uniform track structure
[NR-eGR] Metal8 has single uniform track structure
[NR-eGR] Metal9 has single uniform track structure
[NR-eGR] Read 224 PG shapes
[NR-eGR] Read 0 clock shapes
[NR-eGR] Read 0 other shapes
[NR-eGR] #Routing Blockages  : 0
[NR-eGR] #Instance Blockages : 0
[NR-eGR] #PG Blockages       : 224
[NR-eGR] #Halo Blockages     : 0
[NR-eGR] #Boundary Blockages : 0
[NR-eGR] #Clock Blockages    : 0
[NR-eGR] #Other Blockages    : 0
[NR-eGR] Num Prerouted Nets = 0  Num Prerouted Wires = 0
[NR-eGR] Read 357 nets ( ignored 0 )
[NR-eGR] There are 1 clock nets ( 0 with NDR ).
[NR-eGR] ============ Routing rule table ============
[NR-eGR] Rule id: 0  Nets: 357
[NR-eGR] ========================================
[NR-eGR] 
[NR-eGR] Layer group 1: route 357 net(s) in layer range [2, 9]
[NR-eGR] Early Global Route overflow of layer group 1: 0.00% H + 0.00% V. EstWL: 3.549600e+03um
[NR-eGR] Congestion Analysis By layer: (blocked Gcells are excluded) 
[NR-eGR]                        OverCon            
[NR-eGR]                         #Gcell     %Gcell
[NR-eGR]        Layer             (1-0)    OverCon
[NR-eGR] ----------------------------------------------
[NR-eGR]  Metal1 ( 1)         0( 0.00%)   ( 0.00%) 
[NR-eGR]  Metal2 ( 2)         0( 0.00%)   ( 0.00%) 
[NR-eGR]  Metal3 ( 3)         0( 0.00%)   ( 0.00%) 
[NR-eGR]  Metal4 ( 4)         0( 0.00%)   ( 0.00%) 
[NR-eGR]  Metal5 ( 5)         0( 0.00%)   ( 0.00%) 
[NR-eGR]  Metal6 ( 6)         0( 0.00%)   ( 0.00%) 
[NR-eGR]  Metal7 ( 7)         0( 0.00%)   ( 0.00%) 
[NR-eGR]  Metal8 ( 8)         0( 0.00%)   ( 0.00%) 
[NR-eGR]  Metal9 ( 9)         0( 0.00%)   ( 0.00%) 
[NR-eGR] ----------------------------------------------
[NR-eGR]        Total         0( 0.00%)   ( 0.00%) 
[NR-eGR] 
[NR-eGR] Overflow after Early Global Route 0.00% H + 0.00% V
[NR-eGR]                 Length (um)  Vias 
[NR-eGR] ----------------------------------
[NR-eGR]  Metal1  (1H)             0  1136 
[NR-eGR]  Metal2  (2V)          2018  1531 
[NR-eGR]  Metal3  (3H)          1745    30 
[NR-eGR]  Metal4  (4V)            54     3 
[NR-eGR]  Metal5  (5H)            32     0 
[NR-eGR]  Metal6  (6V)             0     0 
[NR-eGR]  Metal7  (7H)             0     0 
[NR-eGR]  Metal8  (8V)             0     0 
[NR-eGR]  Metal9  (9H)             0     0 
[NR-eGR] ----------------------------------
[NR-eGR]          Total         3849  2700 
[NR-eGR] --------------------------------------------------------------------------
[NR-eGR] Total half perimeter of net bounding box: 2934um
[NR-eGR] Total length: 3849um, number of vias: 2700
[NR-eGR] --------------------------------------------------------------------------
[NR-eGR] Total eGR-routed clock nets wire length: 387um, number of vias: 182
[NR-eGR] --------------------------------------------------------------------------
[NR-eGR] Finished Early Global Route kernel ( CPU: 0.01 sec, Real: 0.01 sec, Curr Mem: 2115.78 MB )
Extraction called for design 'alarm_clock_top' of instances=336 and nets=360 using extraction engine 'preRoute' .
**WARN: (IMPEXT-3530):	The process node is not set. Use the command setDesignMode -process <process node> prior to extraction for maximum accuracy and optimal automatic threshold setting.
Type 'man IMPEXT-3530' for more detail.
PreRoute RC Extraction called for design alarm_clock_top.
RC Extraction called in multi-corner(1) mode.
RCMode: PreRoute
      RC Corner Indexes            0   
Capacitance Scaling Factor   : 1.00000 
Resistance Scaling Factor    : 1.00000 
Clock Cap. Scaling Factor    : 1.00000 
Clock Res. Scaling Factor    : 1.00000 
Shrink Factor                : 1.00000
PreRoute extraction is honoring NDR/Shielding/ExtraSpace for clock nets.
Using capacitance table file ...
Updating RC grid for preRoute extraction ...
Initializing multi-corner capacitance tables ... 
Initializing multi-corner resistance tables ...
PreRoute RC Extraction DONE (CPU Time: 0:00:00.0  Real Time: 0:00:00.0  MEM: 2115.777M)
Starting delay calculation for Setup views
AAE_INFO: opIsDesignInPostRouteState() is 0
#################################################################################
# Design Stage: PreRoute
# Design Name: alarm_clock_top
# Design Mode: 90nm
# Analysis Mode: MMMC Non-OCV 
# Parasitics Mode: No SPEF/RCDB 
# Signoff Settings: SI Off 
#################################################################################
Calculate delays in BcWc mode...
Start delay calculation (fullDC) (1 T). (MEM=2123.07)
*** Calculating scaling factor for max_timing libraries using the default operating condition of each library.
Total number of fetched objects 356
End delay calculation. (MEM=2171.81 CPU=0:00:00.0 REAL=0:00:00.0)
End delay calculation (fullDC). (MEM=2171.81 CPU=0:00:00.0 REAL=0:00:00.0)
*** Done Building Timing Graph (cpu=0:00:00.1 real=0:00:00.0 totSessionCpu=0:01:13 mem=2171.8M)

------------------------------------------------------------------
             Initial Summary
------------------------------------------------------------------

Setup views included:
 worst_case 

+--------------------+---------+
|     Setup mode     |   all   |
+--------------------+---------+
|           WNS (ns):|  6.462  |
|           TNS (ns):|  0.000  |
|    Violating Paths:|    0    |
|          All Paths:|   102   |
+--------------------+---------+

+----------------+-------------------------------+------------------+
|                |              Real             |       Total      |
|    DRVs        +------------------+------------+------------------|
|                |  Nr nets(terms)  | Worst Vio  |  Nr nets(terms)  |
+----------------+------------------+------------+------------------+
|   max_cap      |      0 (0)       |   0.000    |      0 (0)       |
|   max_tran     |      0 (0)       |   0.000    |      0 (0)       |
|   max_fanout   |      0 (0)       |     0      |      0 (0)       |
|   max_length   |      0 (0)       |     0      |      0 (0)       |
+----------------+------------------+------------+------------------+

Density: 69.998%
------------------------------------------------------------------
**optDesign ... cpu = 0:00:01, real = 0:00:01, mem = 1856.8M, totSessionCpu=0:01:13 **
*** InitOpt #1 [finish] (place_opt_design #1) : cpu/real = 0:00:01.0/0:00:01.0 (1.0), totSession cpu/real = 0:01:12.5/0:11:44.1 (0.1), mem = 2140.1M
** INFO : this run is activating medium effort placeOptDesign flow
*** Starting optimizing excluded clock nets MEM= 2140.1M) ***
*info: No excluded clock nets to be optimized.
*** Finished optimizing excluded clock nets (CPU Time= 0:00:00.0  MEM= 2140.1M) ***
Begin: GigaOpt Route Type Constraints Refinement
*** CongRefineRouteType #1 [begin] (place_opt_design #1) : totSession cpu/real = 0:01:12.5/0:11:44.1 (0.1), mem = 2140.1M
Updated routing constraints on 0 nets.
Bottom Preferred Layer:
    None
Via Pillar Rule:
    None
*** CongRefineRouteType #1 [finish] (place_opt_design #1) : cpu/real = 0:00:00.0/0:00:00.1 (1.0), totSession cpu/real = 0:01:12.6/0:11:44.2 (0.1), mem = 2302.6M
End: GigaOpt Route Type Constraints Refinement
The useful skew maximum allowed delay set by user is: 1
*** SimplifyNetlist #1 [begin] (place_opt_design #1) : totSession cpu/real = 0:01:12.6/0:11:44.2 (0.1), mem = 2302.6M
Info: 0 don't touch net , 1 undriven net  excluded from IPO operation.
Info: 1 clock net  excluded from IPO operation.

Footprint cell information for calculating maxBufDist
*info: There are 16 candidate Buffer cells
*info: There are 19 candidate Inverter cells


Netlist preparation processing... 
Removed 0 instance
**WARN: (IMPOPT-7098):	WARNING: alarm_set_sync is an undriven net with 18 fanouts.
*info: Marking 0 isolation instances dont touch
*info: Marking 0 level shifter instances dont touch
*** SimplifyNetlist #1 [finish] (place_opt_design #1) : cpu/real = 0:00:00.7/0:00:00.7 (1.0), totSession cpu/real = 0:01:13.3/0:11:44.9 (0.1), mem = 2238.6M

Active setup views:
 worst_case
  Dominating endpoints: 0
  Dominating TNS: -0.000

Begin: GigaOpt Global Optimization
*info: use new DP (enabled)
Info: 0 don't touch net , 1 undriven net  excluded from IPO operation.
Info: 1 clock net  excluded from IPO operation.
*** GlobalOpt #1 [begin] (place_opt_design #1) : totSession cpu/real = 0:01:13.3/0:11:44.9 (0.1), mem = 2238.7M
*info: 1 clock net excluded
*info: 1 no-driver net excluded.
** GigaOpt Global Opt WNS Slack 0.000  TNS Slack 0.000 
+--------+--------+---------+------------+--------+----------+---------+------------------------+
|  WNS   |  TNS   | Density |    Real    |  Mem   |Worst View|Pathgroup|       End Point        |
+--------+--------+---------+------------+--------+----------+---------+------------------------+
|   0.000|   0.000|   70.00%|   0:00:00.0| 2296.0M|worst_case|       NA| NA                     |
+--------+--------+---------+------------+--------+----------+---------+------------------------+

*** Finish pre-CTS Global Setup Fixing (cpu=0:00:00.0 real=0:00:00.0 mem=2296.0M) ***

*** Finish pre-CTS Setup Fixing (cpu=0:00:00.0 real=0:00:00.0 mem=2296.0M) ***
Bottom Preferred Layer:
    None
Via Pillar Rule:
    None
** GigaOpt Global Opt End WNS Slack 0.000  TNS Slack 0.000 
*** GlobalOpt #1 [finish] (place_opt_design #1) : cpu/real = 0:00:00.5/0:00:00.6 (0.9), totSession cpu/real = 0:01:13.8/0:11:45.5 (0.1), mem = 2235.9M
End: GigaOpt Global Optimization
*** Timing Is met
*** Check timing (0:00:00.0)
Info: 0 don't touch net , 1 undriven net  excluded from IPO operation.
Info: 1 clock net  excluded from IPO operation.
Begin: Area Reclaim Optimization
*** AreaOpt #1 [begin] (place_opt_design #1) : totSession cpu/real = 0:01:13.9/0:11:45.5 (0.1), mem = 2293.1M
Reclaim Optimization WNS Slack 0.000  TNS Slack 0.000 Density 70.00
+---------+---------+--------+--------+------------+--------+
| Density | Commits |  WNS   |  TNS   |    Real    |  Mem   |
+---------+---------+--------+--------+------------+--------+
|   70.00%|        -|   0.000|   0.000|   0:00:00.0| 2295.1M|
|   70.00%|        0|   0.000|   0.000|   0:00:00.0| 2295.1M|
|   70.00%|        0|   0.000|   0.000|   0:00:00.0| 2295.1M|
|   70.00%|        0|   0.000|   0.000|   0:00:00.0| 2295.1M|
|   70.00%|        0|   0.000|   0.000|   0:00:00.0| 2295.1M|
|   70.00%|        0|   0.000|   0.000|   0:00:00.0| 2295.1M|
+---------+---------+--------+--------+------------+--------+
Reclaim Optimization End WNS Slack 0.000  TNS Slack 0.000 Density 70.00
Bottom Preferred Layer:
    None
Via Pillar Rule:
    None

Number of times islegalLocAvaiable called = 0 skipped = 0, called in commitmove = 0, skipped in commitmove = 0
End: Core Area Reclaim Optimization (cpu = 0:00:00.5) (real = 0:00:00.0) **
*** AreaOpt #1 [finish] (place_opt_design #1) : cpu/real = 0:00:00.5/0:00:00.5 (1.0), totSession cpu/real = 0:01:14.3/0:11:46.0 (0.1), mem = 2295.1M
Executing incremental physical updates
Executing incremental physical updates
End: Area Reclaim Optimization (cpu=0:00:00, real=0:00:00, mem=2237.05M, totSessionCpu=0:01:14).
*** IncrReplace #1 [begin] (place_opt_design #1) : totSession cpu/real = 0:01:14.4/0:11:46.0 (0.1), mem = 2237.0M

*** Start incrementalPlace ***
No Views given, use default active views for adaptive view pruning
SKP will enable view:
  worst_case
[NR-eGR] Track table information for default rule: 
[NR-eGR] Metal1 has single uniform track structure
[NR-eGR] Metal2 has single uniform track structure
[NR-eGR] Metal3 has single uniform track structure
[NR-eGR] Metal4 has single uniform track structure
[NR-eGR] Metal5 has single uniform track structure
[NR-eGR] Metal6 has single uniform track structure
[NR-eGR] Metal7 has single uniform track structure
[NR-eGR] Metal8 has single uniform track structure
[NR-eGR] Metal9 has single uniform track structure
[NR-eGR] Read 224 PG shapes
[NR-eGR] Read 0 clock shapes
[NR-eGR] Read 0 other shapes
[NR-eGR] #Routing Blockages  : 0
[NR-eGR] #Instance Blockages : 0
[NR-eGR] #PG Blockages       : 224
[NR-eGR] #Halo Blockages     : 0
[NR-eGR] #Boundary Blockages : 0
[NR-eGR] #Clock Blockages    : 0
[NR-eGR] #Other Blockages    : 0
[NR-eGR] Num Prerouted Nets = 0  Num Prerouted Wires = 0
[NR-eGR] Read 357 nets ( ignored 0 )
[NR-eGR] There are 1 clock nets ( 0 with NDR ).
[NR-eGR] ============ Routing rule table ============
[NR-eGR] Rule id: 0  Nets: 357
[NR-eGR] ========================================
[NR-eGR] 
[NR-eGR] Layer group 1: route 357 net(s) in layer range [2, 9]
[NR-eGR] Early Global Route overflow of layer group 1: 0.00% H + 0.00% V. EstWL: 3.526110e+03um
[NR-eGR] Congestion Analysis By layer: (blocked Gcells are excluded) 
[NR-eGR]                        OverCon            
[NR-eGR]                         #Gcell     %Gcell
[NR-eGR]        Layer             (1-0)    OverCon
[NR-eGR] ----------------------------------------------
[NR-eGR]  Metal1 ( 1)         0( 0.00%)   ( 0.00%) 
[NR-eGR]  Metal2 ( 2)         0( 0.00%)   ( 0.00%) 
[NR-eGR]  Metal3 ( 3)         0( 0.00%)   ( 0.00%) 
[NR-eGR]  Metal4 ( 4)         0( 0.00%)   ( 0.00%) 
[NR-eGR]  Metal5 ( 5)         0( 0.00%)   ( 0.00%) 
[NR-eGR]  Metal6 ( 6)         0( 0.00%)   ( 0.00%) 
[NR-eGR]  Metal7 ( 7)         0( 0.00%)   ( 0.00%) 
[NR-eGR]  Metal8 ( 8)         0( 0.00%)   ( 0.00%) 
[NR-eGR]  Metal9 ( 9)         0( 0.00%)   ( 0.00%) 
[NR-eGR] ----------------------------------------------
[NR-eGR]        Total         0( 0.00%)   ( 0.00%) 
[NR-eGR] 
[NR-eGR] Overflow after Early Global Route 0.00% H + 0.00% V
Early Global Route congestion estimation runtime: 0.01 seconds, mem = 2239.0M
Local HotSpot Analysis: normalized max congestion hotspot area = 0.00, normalized total congestion hotspot area = 0.00 (area is in unit of 4 std-cell row bins)

=== incrementalPlace Internal Loop 1 ===
*** Finished SKP initialization (cpu=0:00:00.0, real=0:00:00.0)***
Iteration  4: Total net bbox = 2.006e+03 (8.04e+02 1.20e+03)
              Est.  stn bbox = 2.487e+03 (1.01e+03 1.48e+03)
              cpu = 0:00:00.0 real = 0:00:00.0 mem = 2220.9M
Iteration  5: Total net bbox = 2.296e+03 (9.96e+02 1.30e+03)
              Est.  stn bbox = 2.825e+03 (1.23e+03 1.60e+03)
              cpu = 0:00:00.0 real = 0:00:00.0 mem = 2220.9M
Iteration  6: Total net bbox = 2.557e+03 (1.16e+03 1.40e+03)
              Est.  stn bbox = 3.119e+03 (1.42e+03 1.70e+03)
              cpu = 0:00:00.1 real = 0:00:00.0 mem = 2220.9M
Iteration  7: Total net bbox = 3.093e+03 (1.48e+03 1.61e+03)
              Est.  stn bbox = 3.669e+03 (1.75e+03 1.92e+03)
              cpu = 0:00:00.1 real = 0:00:01.0 mem = 2220.9M
Iteration  8: Total net bbox = 2.920e+03 (1.38e+03 1.54e+03)
              Est.  stn bbox = 3.483e+03 (1.63e+03 1.85e+03)
              cpu = 0:00:00.1 real = 0:00:00.0 mem = 2220.9M
Move report: Timing Driven Placement moves 336 insts, mean move: 4.63 um, max move: 14.25 um 
	Max move on inst (tc/sec_reg[4]): (23.78, 31.32) --> (14.74, 36.53)

Finished Incremental Placement (cpu=0:00:00.4, real=0:00:01.0, mem=2220.9M)
**WARN: (IMPSP-9025):	No scan chain specified/traced.
Type 'man IMPSP-9025' for more detail.
*** Starting refinePlace (0:01:15 mem=2220.9M) ***
Total net bbox length = 3.095e+03 (1.508e+03 1.587e+03) (ext = 3.169e+02)
**WARN: (IMPSP-5140):	Global net connect rules have not been created. Added  insts would have no supply connectivity, and would fail DRC.
Type 'man IMPSP-5140' for more detail.
**WARN: (IMPSP-315):	Found 336 instances insts with no PG Term connections.
Type 'man IMPSP-315' for more detail.
Move report: Detail placement moves 336 insts, mean move: 0.43 um, max move: 6.29 um 
	Max move on inst (tg/g737__1666): (52.89, 7.80) --> (59.16, 7.83)
	Runtime: CPU: 0:00:00.0 REAL: 0:00:00.0 MEM: 2220.9MB
Summary Report:
Instances move: 336 (out of 336 movable)
Instances flipped: 0
Mean displacement: 0.43 um
Max displacement: 6.29 um (Instance: tg/g737__1666) (52.893, 7.8045) -> (59.16, 7.83)
	Length: 6 sites, height: 1 rows, site name: gsclib090site, cell type: NOR2BX1
Total net bbox length = 2.911e+03 (1.317e+03 1.594e+03) (ext = 3.291e+02)
Runtime: CPU: 0:00:00.0 REAL: 0:00:00.0 MEM: 2220.9MB
*** Finished refinePlace (0:01:15 mem=2220.9M) ***
[NR-eGR] Track table information for default rule: 
[NR-eGR] Metal1 has single uniform track structure
[NR-eGR] Metal2 has single uniform track structure
[NR-eGR] Metal3 has single uniform track structure
[NR-eGR] Metal4 has single uniform track structure
[NR-eGR] Metal5 has single uniform track structure
[NR-eGR] Metal6 has single uniform track structure
[NR-eGR] Metal7 has single uniform track structure
[NR-eGR] Metal8 has single uniform track structure
[NR-eGR] Metal9 has single uniform track structure
[NR-eGR] Read 224 PG shapes
[NR-eGR] Read 0 clock shapes
[NR-eGR] Read 0 other shapes
[NR-eGR] #Routing Blockages  : 0
[NR-eGR] #Instance Blockages : 0
[NR-eGR] #PG Blockages       : 224
[NR-eGR] #Halo Blockages     : 0
[NR-eGR] #Boundary Blockages : 0
[NR-eGR] #Clock Blockages    : 0
[NR-eGR] #Other Blockages    : 0
[NR-eGR] Num Prerouted Nets = 0  Num Prerouted Wires = 0
[NR-eGR] Read 357 nets ( ignored 0 )
[NR-eGR] There are 1 clock nets ( 0 with NDR ).
[NR-eGR] ============ Routing rule table ============
[NR-eGR] Rule id: 0  Nets: 357
[NR-eGR] ========================================
[NR-eGR] 
[NR-eGR] Layer group 1: route 357 net(s) in layer range [2, 9]
[NR-eGR] Early Global Route overflow of layer group 1: 0.00% H + 0.00% V. EstWL: 3.484350e+03um
[NR-eGR] Congestion Analysis By layer: (blocked Gcells are excluded) 
[NR-eGR]                        OverCon            
[NR-eGR]                         #Gcell     %Gcell
[NR-eGR]        Layer             (1-0)    OverCon
[NR-eGR] ----------------------------------------------
[NR-eGR]  Metal1 ( 1)         0( 0.00%)   ( 0.00%) 
[NR-eGR]  Metal2 ( 2)         0( 0.00%)   ( 0.00%) 
[NR-eGR]  Metal3 ( 3)         0( 0.00%)   ( 0.00%) 
[NR-eGR]  Metal4 ( 4)         0( 0.00%)   ( 0.00%) 
[NR-eGR]  Metal5 ( 5)         0( 0.00%)   ( 0.00%) 
[NR-eGR]  Metal6 ( 6)         0( 0.00%)   ( 0.00%) 
[NR-eGR]  Metal7 ( 7)         0( 0.00%)   ( 0.00%) 
[NR-eGR]  Metal8 ( 8)         0( 0.00%)   ( 0.00%) 
[NR-eGR]  Metal9 ( 9)         0( 0.00%)   ( 0.00%) 
[NR-eGR] ----------------------------------------------
[NR-eGR]        Total         0( 0.00%)   ( 0.00%) 
[NR-eGR] 
[NR-eGR] Overflow after Early Global Route 0.00% H + 0.00% V
Early Global Route congestion estimation runtime: 0.01 seconds, mem = 2218.9M
Local HotSpot Analysis: normalized max congestion hotspot area = 0.00, normalized total congestion hotspot area = 0.00 (area is in unit of 4 std-cell row bins)
[NR-eGR]                 Length (um)  Vias 
[NR-eGR] ----------------------------------
[NR-eGR]  Metal1  (1H)             0  1136 
[NR-eGR]  Metal2  (2V)          1970  1539 
[NR-eGR]  Metal3  (3H)          1735    35 
[NR-eGR]  Metal4  (4V)            67    11 
[NR-eGR]  Metal5  (5H)             7     0 
[NR-eGR]  Metal6  (6V)             0     0 
[NR-eGR]  Metal7  (7H)             0     0 
[NR-eGR]  Metal8  (8V)             0     0 
[NR-eGR]  Metal9  (9H)             0     0 
[NR-eGR] ----------------------------------
[NR-eGR]          Total         3779  2721 
[NR-eGR] --------------------------------------------------------------------------
[NR-eGR] Total half perimeter of net bounding box: 2911um
[NR-eGR] Total length: 3779um, number of vias: 2721
[NR-eGR] --------------------------------------------------------------------------
[NR-eGR] Total eGR-routed clock nets wire length: 371um, number of vias: 172
[NR-eGR] --------------------------------------------------------------------------
Early Global Route wiring runtime: 0.00 seconds, mem = 2218.9M
0 delay mode for cte disabled.

*** Finished incrementalPlace (cpu=0:00:00.4, real=0:00:01.0)***
Start to check current routing status for nets...
All nets are already routed correctly.
End to check current routing status for nets (mem=2218.9M)
Extraction called for design 'alarm_clock_top' of instances=336 and nets=360 using extraction engine 'preRoute' .
**WARN: (IMPEXT-3530):	The process node is not set. Use the command setDesignMode -process <process node> prior to extraction for maximum accuracy and optimal automatic threshold setting.
Type 'man IMPEXT-3530' for more detail.
PreRoute RC Extraction called for design alarm_clock_top.
RC Extraction called in multi-corner(1) mode.
RCMode: PreRoute
      RC Corner Indexes            0   
Capacitance Scaling Factor   : 1.00000 
Resistance Scaling Factor    : 1.00000 
Clock Cap. Scaling Factor    : 1.00000 
Clock Res. Scaling Factor    : 1.00000 
Shrink Factor                : 1.00000
PreRoute extraction is honoring NDR/Shielding/ExtraSpace for clock nets.
Using capacitance table file ...
Updating RC grid for preRoute extraction ...
Initializing multi-corner capacitance tables ... 
Initializing multi-corner resistance tables ...
PreRoute RC Extraction DONE (CPU Time: 0:00:00.0  Real Time: 0:00:00.0  MEM: 2218.945M)
Compute RC Scale Done ...
**optDesign ... cpu = 0:00:03, real = 0:00:04, mem = 1918.7M, totSessionCpu=0:01:15 **
AAE_INFO: opIsDesignInPostRouteState() is 0
#################################################################################
# Design Stage: PreRoute
# Design Name: alarm_clock_top
# Design Mode: 90nm
# Analysis Mode: MMMC Non-OCV 
# Parasitics Mode: No SPEF/RCDB 
# Signoff Settings: SI Off 
#################################################################################
Calculate delays in BcWc mode...
Start delay calculation (fullDC) (1 T). (MEM=2223.05)
Total number of fetched objects 356
End delay calculation. (MEM=2243 CPU=0:00:00.0 REAL=0:00:00.0)
End delay calculation (fullDC). (MEM=2243 CPU=0:00:00.0 REAL=0:00:00.0)
*** IncrReplace #1 [finish] (place_opt_design #1) : cpu/real = 0:00:00.5/0:00:00.6 (1.0), totSession cpu/real = 0:01:14.9/0:11:46.5 (0.1), mem = 2243.0M
*** Timing Is met
*** Check timing (0:00:00.0)
*** Timing Is met
*** Check timing (0:00:00.0)
Info: 0 don't touch net , 1 undriven net  excluded from IPO operation.
Info: 1 clock net  excluded from IPO operation.
Begin: Area Reclaim Optimization
*** AreaOpt #2 [begin] (place_opt_design #1) : totSession cpu/real = 0:01:14.9/0:11:46.6 (0.1), mem = 2278.1M
Reclaim Optimization WNS Slack 0.000  TNS Slack 0.000 Density 70.00
+---------+---------+--------+--------+------------+--------+
| Density | Commits |  WNS   |  TNS   |    Real    |  Mem   |
+---------+---------+--------+--------+------------+--------+
|   70.00%|        -|   0.000|   0.000|   0:00:00.0| 2294.1M|
|   70.00%|        0|   0.000|   0.000|   0:00:00.0| 2294.1M|
+---------+---------+--------+--------+------------+--------+
Reclaim Optimization End WNS Slack 0.000  TNS Slack 0.000 Density 70.00
Bottom Preferred Layer:
    None
Via Pillar Rule:
    None

Number of times islegalLocAvaiable called = 0 skipped = 0, called in commitmove = 0, skipped in commitmove = 0
End: Core Area Reclaim Optimization (cpu = 0:00:00.1) (real = 0:00:00.0) **
*** AreaOpt #2 [finish] (place_opt_design #1) : cpu/real = 0:00:00.1/0:00:00.1 (1.0), totSession cpu/real = 0:01:15.1/0:11:46.7 (0.1), mem = 2294.1M
End: Area Reclaim Optimization (cpu=0:00:00, real=0:00:00, mem=2232.00M, totSessionCpu=0:01:15).
Info: 0 don't touch net , 1 undriven net  excluded from IPO operation.
Info: 1 clock net  excluded from IPO operation.
Begin: Area Reclaim Optimization
*** AreaOpt #3 [begin] (place_opt_design #1) : totSession cpu/real = 0:01:15.1/0:11:46.7 (0.1), mem = 2289.2M
Reclaim Optimization WNS Slack 0.000  TNS Slack 0.000 Density 70.00
+---------+---------+--------+--------+------------+--------+
| Density | Commits |  WNS   |  TNS   |    Real    |  Mem   |
+---------+---------+--------+--------+------------+--------+
|   70.00%|        -|   0.000|   0.000|   0:00:00.0| 2289.2M|
|   70.00%|        0|   0.000|   0.000|   0:00:00.0| 2289.2M|
|   70.00%|        0|   0.000|   0.000|   0:00:00.0| 2289.2M|
|   70.00%|        0|   0.000|   0.000|   0:00:00.0| 2289.2M|
|   70.00%|        0|   0.000|   0.000|   0:00:00.0| 2289.2M|
+---------+---------+--------+--------+------------+--------+
Reclaim Optimization End WNS Slack 0.000  TNS Slack 0.000 Density 70.00
Bottom Preferred Layer:
    None
Via Pillar Rule:
    None

Number of times islegalLocAvaiable called = 0 skipped = 0, called in commitmove = 0, skipped in commitmove = 0
End: Core Area Reclaim Optimization (cpu = 0:00:00.1) (real = 0:00:00.0) **
*** Starting refinePlace (0:01:15 mem=2289.2M) ***
Total net bbox length = 2.911e+03 (1.317e+03 1.594e+03) (ext = 3.291e+02)
**WARN: (IMPSP-5140):	Global net connect rules have not been created. Added  insts would have no supply connectivity, and would fail DRC.
Type 'man IMPSP-5140' for more detail.
**WARN: (IMPSP-315):	Found 336 instances insts with no PG Term connections.
Type 'man IMPSP-315' for more detail.
Move report: Detail placement moves 0 insts, mean move: 0.00 um, max move: 0.00 um 
	Runtime: CPU: 0:00:00.0 REAL: 0:00:00.0 MEM: 2289.2MB
Summary Report:
Instances move: 0 (out of 336 movable)
Instances flipped: 0
Mean displacement: 0.00 um
Max displacement: 0.00 um 
Total net bbox length = 2.911e+03 (1.317e+03 1.594e+03) (ext = 3.291e+02)
Runtime: CPU: 0:00:00.0 REAL: 0:00:00.0 MEM: 2289.2MB
*** Finished refinePlace (0:01:15 mem=2289.2M) ***
*** maximum move = 0.00 um ***
*** Finished re-routing un-routed nets (2289.2M) ***

*** Finish Physical Update (cpu=0:00:00.0 real=0:00:00.0 mem=2289.2M) ***
*** AreaOpt #3 [finish] (place_opt_design #1) : cpu/real = 0:00:00.1/0:00:00.1 (0.9), totSession cpu/real = 0:01:15.2/0:11:46.8 (0.1), mem = 2289.2M
End: Area Reclaim Optimization (cpu=0:00:00, real=0:00:00, mem=2232.15M, totSessionCpu=0:01:15).
Begin: GigaOpt postEco DRV Optimization
*** DrvOpt #1 [begin] (place_opt_design #1) : totSession cpu/real = 0:01:15.2/0:11:46.8 (0.1), mem = 2232.2M
Info: 0 don't touch net , 1 undriven net  excluded from IPO operation.
Info: 1 clock net  excluded from IPO operation.
+-------------------------------------------------------------------------------------------------------------------------------------------------------+
|        max-tran       |        max-cap        |  max-fanout |  max-length |       setup       |        |        |        |       |          |         |
+-------------------------------------------------------------------------------------------------------------------------------------------------------+
| nets | terms|  wViol  | nets | terms|  wViol  | nets | terms| nets | terms|   WNS   |   TNS   |  #Buf  |  #Inv  | #Resize|Density|   Real   |   Mem   |
+-------------------------------------------------------------------------------------------------------------------------------------------------------+
|     0|     0|     0.00|     0|     0|     0.00|     0|     0|     0|     0|     6.48|     0.00|       0|       0|       0| 70.00%|          |         |
|     0|     0|     0.00|     0|     0|     0.00|     0|     0|     0|     0|     6.48|     0.00|       0|       0|       0| 70.00%| 0:00:00.0|  2289.4M|
+-------------------------------------------------------------------------------------------------------------------------------------------------------+
Bottom Preferred Layer:
    None
Via Pillar Rule:
    None

*** Finish DRV Fixing (cpu=0:00:00.0 real=0:00:00.0 mem=2289.4M) ***

*** DrvOpt #1 [finish] (place_opt_design #1) : cpu/real = 0:00:00.1/0:00:00.1 (1.1), totSession cpu/real = 0:01:15.3/0:11:46.9 (0.1), mem = 2232.3M
End: GigaOpt postEco DRV Optimization
**INFO: Skipping refine place as no non-legal commits were detected
Register exp ratio and priority group on 0 nets on 357 nets : 

Active setup views:
 worst_case
  Dominating endpoints: 0
  Dominating TNS: -0.000

Extraction called for design 'alarm_clock_top' of instances=336 and nets=360 using extraction engine 'preRoute' .
**WARN: (IMPEXT-3530):	The process node is not set. Use the command setDesignMode -process <process node> prior to extraction for maximum accuracy and optimal automatic threshold setting.
Type 'man IMPEXT-3530' for more detail.
PreRoute RC Extraction called for design alarm_clock_top.
RC Extraction called in multi-corner(1) mode.
RCMode: PreRoute
      RC Corner Indexes            0   
Capacitance Scaling Factor   : 1.00000 
Resistance Scaling Factor    : 1.00000 
Clock Cap. Scaling Factor    : 1.00000 
Clock Res. Scaling Factor    : 1.00000 
Shrink Factor                : 1.00000
PreRoute extraction is honoring NDR/Shielding/ExtraSpace for clock nets.
Using capacitance table file ...
Skipped RC grid update for preRoute extraction.
Initializing multi-corner capacitance tables ... 
Initializing multi-corner resistance tables ...
PreRoute RC Extraction DONE (CPU Time: 0:00:00.0  Real Time: 0:00:00.0  MEM: 2212.949M)
Skewing Data Summary (End_of_FINAL)
--------------------------------------------------
 Total skewed count:0
--------------------------------------------------
Starting delay calculation for Setup views
AAE_INFO: opIsDesignInPostRouteState() is 0
#################################################################################
# Design Stage: PreRoute
# Design Name: alarm_clock_top
# Design Mode: 90nm
# Analysis Mode: MMMC Non-OCV 
# Parasitics Mode: No SPEF/RCDB 
# Signoff Settings: SI Off 
#################################################################################
Calculate delays in BcWc mode...
Start delay calculation (fullDC) (1 T). (MEM=2220.24)
Total number of fetched objects 356
End delay calculation. (MEM=2247.45 CPU=0:00:00.0 REAL=0:00:00.0)
End delay calculation (fullDC). (MEM=2247.45 CPU=0:00:00.0 REAL=0:00:00.0)
*** Done Building Timing Graph (cpu=0:00:00.1 real=0:00:00.0 totSessionCpu=0:01:15 mem=2247.4M)
[NR-eGR] Track table information for default rule: 
[NR-eGR] Metal1 has single uniform track structure
[NR-eGR] Metal2 has single uniform track structure
[NR-eGR] Metal3 has single uniform track structure
[NR-eGR] Metal4 has single uniform track structure
[NR-eGR] Metal5 has single uniform track structure
[NR-eGR] Metal6 has single uniform track structure
[NR-eGR] Metal7 has single uniform track structure
[NR-eGR] Metal8 has single uniform track structure
[NR-eGR] Metal9 has single uniform track structure
[NR-eGR] Read 224 PG shapes
[NR-eGR] Read 0 clock shapes
[NR-eGR] Read 0 other shapes
[NR-eGR] #Routing Blockages  : 0
[NR-eGR] #Instance Blockages : 0
[NR-eGR] #PG Blockages       : 224
[NR-eGR] #Halo Blockages     : 0
[NR-eGR] #Boundary Blockages : 0
[NR-eGR] #Clock Blockages    : 0
[NR-eGR] #Other Blockages    : 0
[NR-eGR] Num Prerouted Nets = 0  Num Prerouted Wires = 0
[NR-eGR] Read 357 nets ( ignored 0 )
[NR-eGR] There are 1 clock nets ( 0 with NDR ).
[NR-eGR] ============ Routing rule table ============
[NR-eGR] Rule id: 0  Nets: 357
[NR-eGR] ========================================
[NR-eGR] 
[NR-eGR] Layer group 1: route 357 net(s) in layer range [2, 9]
[NR-eGR] Early Global Route overflow of layer group 1: 0.00% H + 0.00% V. EstWL: 3.484350e+03um
[NR-eGR] Congestion Analysis By layer: (blocked Gcells are excluded) 
[NR-eGR]                        OverCon            
[NR-eGR]                         #Gcell     %Gcell
[NR-eGR]        Layer             (1-0)    OverCon
[NR-eGR] ----------------------------------------------
[NR-eGR]  Metal1 ( 1)         0( 0.00%)   ( 0.00%) 
[NR-eGR]  Metal2 ( 2)         0( 0.00%)   ( 0.00%) 
[NR-eGR]  Metal3 ( 3)         0( 0.00%)   ( 0.00%) 
[NR-eGR]  Metal4 ( 4)         0( 0.00%)   ( 0.00%) 
[NR-eGR]  Metal5 ( 5)         0( 0.00%)   ( 0.00%) 
[NR-eGR]  Metal6 ( 6)         0( 0.00%)   ( 0.00%) 
[NR-eGR]  Metal7 ( 7)         0( 0.00%)   ( 0.00%) 
[NR-eGR]  Metal8 ( 8)         0( 0.00%)   ( 0.00%) 
[NR-eGR]  Metal9 ( 9)         0( 0.00%)   ( 0.00%) 
[NR-eGR] ----------------------------------------------
[NR-eGR]        Total         0( 0.00%)   ( 0.00%) 
[NR-eGR] 
[NR-eGR] Overflow after Early Global Route 0.00% H + 0.00% V
[NR-eGR] Finished Early Global Route kernel ( CPU: 0.01 sec, Real: 0.01 sec, Curr Mem: 2255.45 MB )
[hotspot] +------------+---------------+---------------+
[hotspot] |            |   max hotspot | total hotspot |
[hotspot] +------------+---------------+---------------+
[hotspot] | normalized |          0.00 |          0.00 |
[hotspot] +------------+---------------+---------------+
Local HotSpot Analysis: normalized max congestion hotspot area = 0.00, normalized total congestion hotspot area = 0.00 (area is in unit of 4 std-cell row bins)
[hotspot] Hotspot report including placement blocked areas
[hotspot] +------------+---------------+---------------+
[hotspot] |            |   max hotspot | total hotspot |
[hotspot] +------------+---------------+---------------+
[hotspot] | normalized |          0.00 |          0.00 |
[hotspot] +------------+---------------+---------------+
Local HotSpot Analysis (blockage included): normalized max congestion hotspot area = 0.00, normalized total congestion hotspot area = 0.00 (area is in unit of 4 std-cell row bins)
Reported timing to dir ./timingReports
**optDesign ... cpu = 0:00:04, real = 0:00:04, mem = 1957.0M, totSessionCpu=0:01:15 **

------------------------------------------------------------------
     optDesign Final Summary
------------------------------------------------------------------

Setup views included:
 worst_case 

+--------------------+---------+---------+---------+
|     Setup mode     |   all   | reg2reg | default |
+--------------------+---------+---------+---------+
|           WNS (ns):|  6.485  |  6.485  |  7.143  |
|           TNS (ns):|  0.000  |  0.000  |  0.000  |
|    Violating Paths:|    0    |    0    |    0    |
|          All Paths:|   102   |   67    |   52    |
+--------------------+---------+---------+---------+

+----------------+-------------------------------+------------------+
|                |              Real             |       Total      |
|    DRVs        +------------------+------------+------------------|
|                |  Nr nets(terms)  | Worst Vio  |  Nr nets(terms)  |
+----------------+------------------+------------+------------------+
|   max_cap      |      0 (0)       |   0.000    |      0 (0)       |
|   max_tran     |      0 (0)       |   0.000    |      0 (0)       |
|   max_fanout   |      0 (0)       |     0      |      0 (0)       |
|   max_length   |      0 (0)       |     0      |      0 (0)       |
+----------------+------------------+------------+------------------+

Density: 69.998%
Routing Overflow: 0.00% H and 0.00% V
------------------------------------------------------------------
**optDesign ... cpu = 0:00:04, real = 0:00:05, mem = 1957.9M, totSessionCpu=0:01:16 **
*** Finished optDesign ***
Disable CTE adjustment.
**place_opt_design ... cpu = 0:00:04, real = 0:00:05, mem = 2146.9M **
*** Finished GigaPlace ***

*** Summary of all messages that are not suppressed in this session:
Severity  ID               Count  Summary                                  
WARNING   IMPEXT-3530          3  The process node is not set. Use the com...
WARNING   IMPSP-5140           2  Global net connect rules have not been c...
WARNING   IMPSP-315            2  Found %d instances insts with no PG Term...
WARNING   IMPSP-9025           1  No scan chain specified/traced.          
WARNING   IMPOPT-7098          1  WARNING: %s is an undriven net with %d f...
*** Message Summary: 9 warning(s), 0 error(s)

*** place_opt_design #1 [finish] : cpu/real = 0:00:04.0/0:00:04.6 (0.9), totSession cpu/real = 0:01:15.6/0:11:47.7 (0.1), mem = 2146.9M
<CMD> add_ndr -name 2w2s
<CMD> create_route_type -name clkroute -non_default_rule 2w2s -bottom_preferred_layer Metal8 -top_preferred_layer Metal9
<CMD> set_ccopt_property route_type clkroute -net_type trunk
<CMD> set_ccopt_property route_type clkroute -net_type leaf
<CMD> set_ccopt_property buffer_cells {CLKBUFX2 CLKBUFX4}
<CMD> set_ccopt_property inverter_cells {CLKINVX2 CLKINVX4}
<CMD> set_ccopt_property clock_gating_cells TLATNTSCA*
<CMD> set_ccopt_property target_max_trans 0.20
<CMD> create_ccopt_clock_tree_spec -file ccopt1.spec
Creating clock tree spec for modes (timing configs): const
extract_clock_generator_skew_groups=true: create_ccopt_clock_tree_spec will generate skew groups with a name prefix of "_clock_gen" to balance clock generator connected flops with the clock generator they drive.
Reset timing graph...
Ignoring AAE DB Resetting ...
Reset timing graph done.
Ignoring AAE DB Resetting ...
Analyzing clock structure...
Analyzing clock structure done.
Reset timing graph...
Ignoring AAE DB Resetting ...
Reset timing graph done.
Wrote: ccopt1.spec
invalid command name "ccpot_design"
<CMD> ccopt_design -cts
#% Begin ccopt_design (date=03/01 16:53:29, mem=1840.9M)
Turning off fast DC mode.
*** ccopt_design #1 [begin] : totSession cpu/real = 0:01:23.4/0:13:33.9 (0.1), mem = 2125.6M
Runtime...
**INFO: User's settings:
setNanoRouteMode -droutePostRouteSpreadWire         1
setNanoRouteMode -droutePostRouteWidenWireRule      LEFDefaultRouteSpec_gpdk090
setNanoRouteMode -extractThirdPartyCompatible       false
setNanoRouteMode -grouteExpTdStdDelay               36
setNanoRouteMode -timingEngine                      {}
setExtractRCMode -engine                            preRoute
setDelayCalMode -enable_high_fanout                 true
setDelayCalMode -engine                             aae
setDelayCalMode -ignoreNetLoad                      false
setDelayCalMode -socv_accuracy_mode                 low
setPlaceMode -place_design_floorplan_mode           false
setPlaceMode -place_detail_check_route              false
setPlaceMode -place_detail_preserve_routing         true
setPlaceMode -place_detail_remove_affected_routing  false
setPlaceMode -place_detail_swap_eeq_cells           false
setPlaceMode -place_global_clock_gate_aware         true
setPlaceMode -place_global_cong_effort              auto
setPlaceMode -place_global_ignore_scan              true
setPlaceMode -place_global_ignore_spare             false
setPlaceMode -place_global_module_aware_spare       false
setPlaceMode -place_global_place_io_pins            true
setPlaceMode -place_global_reorder_scan             true
setPlaceMode -powerDriven                           false
setPlaceMode -timingDriven                          true
setRouteMode -earlyGlobalHonorMsvRouteConstraint    false
setRouteMode -earlyGlobalRoutePartitionPinGuide     true

(ccopt_design): CTS Engine: auto. Used Spec: CCOPT spec from create_ccopt_clock_tree_spec.
(ccopt_design): create_ccopt_clock_tree_spec
Creating clock tree spec for modes (timing configs): const
extract_clock_generator_skew_groups=true: create_ccopt_clock_tree_spec will generate skew groups with a name prefix of "_clock_gen" to balance clock generator connected flops with the clock generator they drive.
Reset timing graph...
Ignoring AAE DB Resetting ...
Reset timing graph done.
Ignoring AAE DB Resetting ...
Analyzing clock structure...
Analyzing clock structure done.
Reset timing graph...
Ignoring AAE DB Resetting ...
Reset timing graph done.
Extracting original clock gating for clk...
  clock_tree clk contains 67 sinks and 0 clock gates.
Extracting original clock gating for clk done.
The skew group clk/const was created. It contains 67 sinks and 1 sources.
Checking clock tree convergence...
Checking clock tree convergence done.
Placement constraints of type 'region' or 'fence' will not be downgraded to 'guide' because the property change_fences_to_guides has been set to false.
Set place::cacheFPlanSiteMark to 1
CCOpt::Phase::Initialization...
Check Prerequisites...
Leaving CCOpt scope - CheckPlace...
Begin checking placement ... (start mem=2133.6M, init mem=2133.6M)
*info: Placed = 336           
*info: Unplaced = 0           
Placement Density:70.00%(2259/3227)
Placement Density (including fixed std cells):70.00%(2259/3227)
Finished checkPlace (total: cpu=0:00:00.0, real=0:00:00.0; vio checks: cpu=0:00:00.0, real=0:00:00.0; mem=2133.6M)
Leaving CCOpt scope - CheckPlace done. (took cpu=0:00:00.0 real=0:00:00.0)
Innovus will update I/O latencies
Found 0 ideal nets, 0 pins with transition annotations, 0 instances with delay annotations, 0 nets with delay annotations, refer to logv for details.

Check Prerequisites done. (took cpu=0:00:00.0 real=0:00:00.0)
CCOpt::Phase::Initialization done. (took cpu=0:00:00.0 real=0:00:00.0)
Executing ccopt post-processing.
Synthesizing clock trees with CCOpt...
*** CTS #1 [begin] (ccopt_design #1) : totSession cpu/real = 0:01:23.5/0:13:34.0 (0.1), mem = 2133.6M
CCOpt::Phase::PreparingToBalance...
Leaving CCOpt scope - Initializing power interface...
Leaving CCOpt scope - Initializing power interface done. (took cpu=0:00:00.0 real=0:00:00.0)
Found 0 advancing pin insertion delay (0.000% of 67 clock tree sinks)
Found 0 delaying pin insertion delay (0.000% of 67 clock tree sinks)
Leaving CCOpt scope - optDesignGlobalRouteStep...
[NR-eGR] Started Early Global Route kernel ( Curr Mem: 2125.59 MB )
[NR-eGR] Track table information for default rule: 
[NR-eGR] Metal1 has single uniform track structure
[NR-eGR] Metal2 has single uniform track structure
[NR-eGR] Metal3 has single uniform track structure
[NR-eGR] Metal4 has single uniform track structure
[NR-eGR] Metal5 has single uniform track structure
[NR-eGR] Metal6 has single uniform track structure
[NR-eGR] Metal7 has single uniform track structure
[NR-eGR] Metal8 has single uniform track structure
[NR-eGR] Metal9 has single uniform track structure
[NR-eGR] Read 224 PG shapes
[NR-eGR] Read 0 clock shapes
[NR-eGR] Read 0 other shapes
[NR-eGR] #Routing Blockages  : 0
[NR-eGR] #Instance Blockages : 0
[NR-eGR] #PG Blockages       : 224
[NR-eGR] #Halo Blockages     : 0
[NR-eGR] #Boundary Blockages : 0
[NR-eGR] #Clock Blockages    : 0
[NR-eGR] #Other Blockages    : 0
[NR-eGR] Num Prerouted Nets = 0  Num Prerouted Wires = 0
[NR-eGR] Read 357 nets ( ignored 0 )
[NR-eGR] There are 1 clock nets ( 0 with NDR ).
[NR-eGR] ============ Routing rule table ============
[NR-eGR] Rule id: 0  Nets: 357
[NR-eGR] ========================================
[NR-eGR] 
[NR-eGR] Layer group 1: route 357 net(s) in layer range [2, 9]
[NR-eGR] Early Global Route overflow of layer group 1: 0.00% H + 0.00% V. EstWL: 3.484350e+03um
[NR-eGR] Congestion Analysis By layer: (blocked Gcells are excluded) 
[NR-eGR]                        OverCon            
[NR-eGR]                         #Gcell     %Gcell
[NR-eGR]        Layer             (1-0)    OverCon
[NR-eGR] ----------------------------------------------
[NR-eGR]  Metal1 ( 1)         0( 0.00%)   ( 0.00%) 
[NR-eGR]  Metal2 ( 2)         0( 0.00%)   ( 0.00%) 
[NR-eGR]  Metal3 ( 3)         0( 0.00%)   ( 0.00%) 
[NR-eGR]  Metal4 ( 4)         0( 0.00%)   ( 0.00%) 
[NR-eGR]  Metal5 ( 5)         0( 0.00%)   ( 0.00%) 
[NR-eGR]  Metal6 ( 6)         0( 0.00%)   ( 0.00%) 
[NR-eGR]  Metal7 ( 7)         0( 0.00%)   ( 0.00%) 
[NR-eGR]  Metal8 ( 8)         0( 0.00%)   ( 0.00%) 
[NR-eGR]  Metal9 ( 9)         0( 0.00%)   ( 0.00%) 
[NR-eGR] ----------------------------------------------
[NR-eGR]        Total         0( 0.00%)   ( 0.00%) 
[NR-eGR] 
[NR-eGR] Overflow after Early Global Route 0.00% H + 0.00% V
[NR-eGR]                 Length (um)  Vias 
[NR-eGR] ----------------------------------
[NR-eGR]  Metal1  (1H)             0  1136 
[NR-eGR]  Metal2  (2V)          1970  1539 
[NR-eGR]  Metal3  (3H)          1735    35 
[NR-eGR]  Metal4  (4V)            67    11 
[NR-eGR]  Metal5  (5H)             7     0 
[NR-eGR]  Metal6  (6V)             0     0 
[NR-eGR]  Metal7  (7H)             0     0 
[NR-eGR]  Metal8  (8V)             0     0 
[NR-eGR]  Metal9  (9H)             0     0 
[NR-eGR] ----------------------------------
[NR-eGR]          Total         3779  2721 
[NR-eGR] --------------------------------------------------------------------------
[NR-eGR] Total half perimeter of net bounding box: 2911um
[NR-eGR] Total length: 3779um, number of vias: 2721
[NR-eGR] --------------------------------------------------------------------------
[NR-eGR] Total eGR-routed clock nets wire length: 371um, number of vias: 172
[NR-eGR] --------------------------------------------------------------------------
[NR-eGR] Finished Early Global Route kernel ( CPU: 0.01 sec, Real: 0.01 sec, Curr Mem: 2125.59 MB )
Leaving CCOpt scope - optDesignGlobalRouteStep done. (took cpu=0:00:00.0 real=0:00:00.0)
Legalization setup...
Using cell based legalization.
Initializing placement interface...
  Use check_library -place or consult logv if problems occur.
  Leaving CCOpt scope - Initializing placement interface...
  Leaving CCOpt scope - Initializing placement interface done. (took cpu=0:00:00.0 real=0:00:00.0)
Initializing placement interface done.
Leaving CCOpt scope - Cleaning up placement interface...
Leaving CCOpt scope - Cleaning up placement interface done. (took cpu=0:00:00.0 real=0:00:00.0)
Leaving CCOpt scope - Initializing placement interface...
Leaving CCOpt scope - Initializing placement interface done. (took cpu=0:00:00.0 real=0:00:00.0)
Legalization setup done. (took cpu=0:00:00.0 real=0:00:00.0)
Validating CTS configuration...
Checking module port directions...
Checking module port directions done. (took cpu=0:00:00.0 real=0:00:00.0)
Non-default CCOpt properties:
  Public non-default CCOpt properties:
    buffer_cells is set for at least one object
    clock_gating_cells is set for at least one object
    inverter_cells is set for at least one object
    route_type is set for at least one object
    target_max_trans is set for at least one object
  No private non-default CCOpt properties
Route type trimming info:
  No route type modifications were made.
**ERROR: (IMPCCOPT-1349):	Clock tree clk connects to 1 module(s) without definitions in the netlist.
Type 'man IMPCCOPT-1349' for more detail.
Updating RC grid for preRoute extraction ...
Initializing multi-corner capacitance tables ... 
Initializing multi-corner resistance tables ...
Clock tree balancer configuration for clock_tree clk:
Non-default CCOpt properties:
  Public non-default CCOpt properties:
    route_type (leaf): clkroute (default: default)
    route_type (top): default_route_type_nonleaf (default: default)
    route_type (trunk): clkroute (default: default)
  No private non-default CCOpt properties
Found 1 module instances of undefined cell key_register
CTS will not run on this clock tree.
For power domain auto-default:
  Buffers:     CLKBUFX4 CLKBUFX2 
  Inverters:   CLKINVX4 CLKINVX2 
  Clock gates: TLATNTSCAX20 TLATNTSCAX16 TLATNTSCAX12 TLATNTSCAX8 TLATNTSCAX6 TLATNTSCAX4 TLATNTSCAX3 TLATNTSCAX2 
  Unblocked area available for placement of any clock cells in power_domain auto-default: 3209.256um^2
Top Routing info:
  Route-type name: default_route_type_nonleaf; Top/bottom preferred layer name: Metal4/Metal3; 
  Unshielded; Mask Constraint: 0; Source: route_type.
Trunk/Leaf Routing info:
  Route-type name: clkroute; Top/bottom preferred layer name: Metal9/Metal8; 
  Non-default rule name: 2w2s; Unshielded; Mask Constraint: 0; Source: route_type.
For timing_corner max_delay:setup, late and power domain auto-default:
  Slew time target (leaf):    0.200ns
  Slew time target (trunk):   0.200ns
  Slew time target (top):     0.200ns (Note: no nets are considered top nets in this clock tree)
  Buffer unit delay: 0.151ns
  Buffer max distance: 286.552um
Fastest wire driving cells and distances:
  Buffer    : {lib_cell:CLKBUFX4, fastest_considered_half_corner=max_delay:setup.late, optimalDrivingDistance=286.552um, saturatedSlew=0.137ns, speed=1313.254um per ns, cellArea=23.773um^2 per 1000um}
  Inverter  : {lib_cell:CLKINVX4, fastest_considered_half_corner=max_delay:setup.late, optimalDrivingDistance=262.804um, saturatedSlew=0.135ns, speed=2041.989um per ns, cellArea=23.041um^2 per 1000um}
  Clock gate: {lib_cell:TLATNTSCAX20, fastest_considered_half_corner=max_delay:setup.late, optimalDrivingDistance=1177.500um, saturatedSlew=0.151ns, speed=2081.860um per ns, cellArea=36.640um^2 per 1000um}


Logic Sizing Table:

----------------------------------------------------------
Cell    Instance count    Source    Eligible library cells
----------------------------------------------------------
  (empty table)
----------------------------------------------------------


Clock tree balancer configuration for skew_group clk/const:
  Sources:                     pin clk
  Total number of sinks:       67
  Delay constrained sinks:     67
  Constrains:                  default
  Non-leaf sinks:              0
  Ignore pins:                 0
 Timing corner max_delay:setup.late:
  Skew target:                 0.000ns
Primary reporting skew groups are:
skew_group clk/const with 67 clock sinks

Clock DAG stats initial state:
  cell counts      : b=0, i=0, icg=0, dcg=0, l=0, total=0
  sink counts      : regular=67, enable_latch=0, load_capacitance=0, antenna=0, node_sink=0, total=67
  misc counts      : r=1, pp=1
  cell areas       : b=0.000um^2, i=0.000um^2, icg=0.000um^2, dcg=0.000um^2, l=0.000um^2, total=0.000um^2
  hp wire lengths  : top=0.000um, trunk=0.000um, leaf=0.000um, total=0.000um
No ideal or dont_touch nets found in the clock tree
No dont_touch hnets found in the clock tree

Total number of dont_touch hpins in the clock network: 1
  Large numbers of dont_touch hpins may damage runtime and QoR.
  Use report_ccopt_clock_tree_structure or the Clock Tree Debugger in unit delay mode to debug these.

Summary of reasons for dont_touch hpins in the clock network:

----------------------
Reason           Count
----------------------
missing_hinst      1
----------------------

Total number of dont_touch hpins in the clock network with a physical location (typically partition pins): 0

Summary of dont_touch hpins in the clock network representing physical hierarchy:

---------------------
Type            Count
---------------------
ilm               0
partition         0
power_domain      0
fence             0
none              1
---------------------
Total             1
---------------------

Checking for illegal sizes of clock logic instances...
Checking for illegal sizes of clock logic instances done. (took cpu=0:00:00.0 real=0:00:00.0)
Validating CTS configuration done. (took cpu=0:00:00.1 real=0:00:00.1)

CCOpt configuration status: cannot run ccopt_design.
Check the log for details of problem(s) found:

---------------------------------------------------
Design configuration problems
---------------------------------------------------
One or more clock trees have configuration problems
---------------------------------------------------

Clock tree configuration problems:

------------------------------------------------------------------------
Clock tree    Problem
------------------------------------------------------------------------
clk           Contains instances which have no definition in the netlist
------------------------------------------------------------------------


CCOpt::Phase::PreparingToBalance done. (took cpu=0:00:00.2 real=0:00:00.2)
Runtime done. (took cpu=0:00:00.3 real=0:00:00.3)
Runtime Summary
===============
Clock Runtime:  (85%) Core CTS           0.15 (Init 0.15, Construction 0.00, Implementation 0.00, eGRPC 0.00, PostConditioning 0.00, Other 0.00)
Clock Runtime:   (0%) CTS services       0.00 (RefinePlace 0.00, EarlyGlobalClock 0.00, NanoRoute 0.00, ExtractRC 0.00, TimingAnalysis 0.00)
Clock Runtime:  (14%) Other CTS          0.03 (Init 0.03, CongRepair/EGR-DP 0.00, TimingUpdate 0.00, Other 0.00)
Clock Runtime: (100%) Total              0.18

Leaving CCOpt scope - Cleaning up placement interface...
Leaving CCOpt scope - Cleaning up placement interface done. (took cpu=0:00:00.0 real=0:00:00.0)
**ERROR: 3
*** CTS #1 [finish] (ccopt_design #1) : cpu/real = 0:00:00.2/0:00:00.2 (0.9), totSession cpu/real = 0:01:23.6/0:13:34.2 (0.1), mem = 2130.3M
**ERROR: (IMPCCOPT-2196):	Cannot run ccopt_design because the command prerequisites were not met. Review the previous error messages for more details about the failure.
Set place::cacheFPlanSiteMark to 0

*** Summary of all messages that are not suppressed in this session:
Severity  ID               Count  Summary                                  
ERROR     IMPCCOPT-1349        1  Clock tree %s connects to %d module(s) w...
ERROR     IMPCCOPT-2196        1  Cannot run ccopt_design because the comm...
*** Message Summary: 0 warning(s), 2 error(s)

*** ccopt_design #1 [finish] : cpu/real = 0:00:00.3/0:00:00.3 (1.0), totSession cpu/real = 0:01:23.6/0:13:34.2 (0.1), mem = 2130.3M
#% End ccopt_design (date=03/01 16:53:29, total cpu=0:00:00.3, real=0:00:00.0, peak res=1850.6M, current mem=1850.6M)

<CMD> getCTSMode -engine -quiet
<CMD> ctd_win -side none -id ctd_window
Clock tree timing engine global stage delay update for max_delay:setup.late...
Clock tree timing engine global stage delay update for max_delay:setup.late done. (took cpu=0:00:00.0 real=0:00:00.0)
<CMD> redirect -quiet {set honorDomain [getAnalysisMode -honorClockDomains]} > /dev/null
<CMD> timeDesign -postCTS -pathReports -drvReports -slackReports -numPaths 50 -prefix alarm_clock_top_postCTS -outDir timingReports
*** timeDesign #3 [begin] : totSession cpu/real = 0:01:26.3/0:14:01.3 (0.1), mem = 2188.2M
Start to check current routing status for nets...
All nets are already routed correctly.
End to check current routing status for nets (mem=2130.7M)
Extraction called for design 'alarm_clock_top' of instances=336 and nets=360 using extraction engine 'preRoute' .
**WARN: (IMPEXT-3530):	The process node is not set. Use the command setDesignMode -process <process node> prior to extraction for maximum accuracy and optimal automatic threshold setting.
Type 'man IMPEXT-3530' for more detail.
PreRoute RC Extraction called for design alarm_clock_top.
RC Extraction called in multi-corner(1) mode.
RCMode: PreRoute
      RC Corner Indexes            0   
Capacitance Scaling Factor   : 1.00000 
Resistance Scaling Factor    : 1.00000 
Clock Cap. Scaling Factor    : 1.00000 
Clock Res. Scaling Factor    : 1.00000 
Shrink Factor                : 1.00000
PreRoute extraction is honoring NDR/Shielding/ExtraSpace for clock nets.
Using capacitance table file ...
Updating RC grid for preRoute extraction ...
Initializing multi-corner capacitance tables ... 
Initializing multi-corner resistance tables ...
PreRoute RC Extraction DONE (CPU Time: 0:00:00.0  Real Time: 0:00:00.0  MEM: 2130.672M)
Starting delay calculation for Setup views
AAE_INFO: opIsDesignInPostRouteState() is 0
#################################################################################
# Design Stage: PreRoute
# Design Name: alarm_clock_top
# Design Mode: 90nm
# Analysis Mode: MMMC Non-OCV 
# Parasitics Mode: No SPEF/RCDB 
# Signoff Settings: SI Off 
#################################################################################
Calculate delays in BcWc mode...
Start delay calculation (fullDC) (1 T). (MEM=2136.7)
Total number of fetched objects 356
End delay calculation. (MEM=2172.64 CPU=0:00:00.0 REAL=0:00:00.0)
End delay calculation (fullDC). (MEM=2172.64 CPU=0:00:00.0 REAL=0:00:00.0)
*** Done Building Timing Graph (cpu=0:00:00.1 real=0:00:00.0 totSessionCpu=0:01:26 mem=2172.6M)

------------------------------------------------------------------
          timeDesign Summary
------------------------------------------------------------------

Setup views included:
 worst_case 

+--------------------+---------+---------+---------+
|     Setup mode     |   all   | reg2reg | default |
+--------------------+---------+---------+---------+
|           WNS (ns):|  6.485  |  6.485  |  7.143  |
|           TNS (ns):|  0.000  |  0.000  |  0.000  |
|    Violating Paths:|    0    |    0    |    0    |
|          All Paths:|   102   |   67    |   52    |
+--------------------+---------+---------+---------+

+----------------+-------------------------------+------------------+
|                |              Real             |       Total      |
|    DRVs        +------------------+------------+------------------|
|                |  Nr nets(terms)  | Worst Vio  |  Nr nets(terms)  |
+----------------+------------------+------------+------------------+
|   max_cap      |      0 (0)       |   0.000    |      0 (0)       |
|   max_tran     |      0 (0)       |   0.000    |      0 (0)       |
|   max_fanout   |      0 (0)       |     0      |      0 (0)       |
|   max_length   |      0 (0)       |     0      |      0 (0)       |
+----------------+------------------+------------+------------------+

Density: 69.998%
Routing Overflow: 0.00% H and 0.00% V
------------------------------------------------------------------
Reported timing to dir timingReports
Total CPU time: 0.22 sec
Total Real time: 0.0 sec
Total Memory Usage: 2138.0625 Mbytes
*** timeDesign #3 [finish] : cpu/real = 0:00:00.2/0:00:00.8 (0.3), totSession cpu/real = 0:01:26.5/0:14:02.1 (0.1), mem = 2138.1M
<CMD> redirect -quiet {set honorDomain [getAnalysisMode -honorClockDomains]} > /dev/null
<CMD> timeDesign -postCTS -hold -pathReports -slackReports -numPaths 50 -prefix alarm_clock_top_postCTS -outDir timingReports
*** timeDesign #4 [begin] : totSession cpu/real = 0:01:26.7/0:14:05.2 (0.1), mem = 2138.1M
Start to check current routing status for nets...
All nets are already routed correctly.
End to check current routing status for nets (mem=2122.5M)
Starting delay calculation for Hold views
AAE_INFO: opIsDesignInPostRouteState() is 0
#################################################################################
# Design Stage: PreRoute
# Design Name: alarm_clock_top
# Design Mode: 90nm
# Analysis Mode: MMMC Non-OCV 
# Parasitics Mode: No SPEF/RCDB 
# Signoff Settings: SI Off 
#################################################################################
Calculate delays in BcWc mode...
Start delay calculation (fullDC) (1 T). (MEM=2128.57)
*** Calculating scaling factor for min_timing libraries using the default operating condition of each library.
Total number of fetched objects 356
End delay calculation. (MEM=2172.52 CPU=0:00:00.0 REAL=0:00:01.0)
End delay calculation (fullDC). (MEM=2172.52 CPU=0:00:00.0 REAL=0:00:01.0)
*** Done Building Timing Graph (cpu=0:00:00.1 real=0:00:01.0 totSessionCpu=0:01:27 mem=2172.5M)

------------------------------------------------------------------
          timeDesign Summary
------------------------------------------------------------------

Hold views included:
 best_case 

+--------------------+---------+---------+---------+
|     Hold mode      |   all   | reg2reg | default |
+--------------------+---------+---------+---------+
|           WNS (ns):| -0.213  | -0.213  |  1.730  |
|           TNS (ns):| -8.854  | -8.854  |  0.000  |
|    Violating Paths:|   66    |   66    |    0    |
|          All Paths:|   102   |   67    |   52    |
+--------------------+---------+---------+---------+

Density: 69.998%
Routing Overflow: 0.00% H and 0.00% V
------------------------------------------------------------------
Reported timing to dir timingReports
Total CPU time: 0.2 sec
Total Real time: 1.0 sec
Total Memory Usage: 2108.003906 Mbytes
*** timeDesign #4 [finish] : cpu/real = 0:00:00.2/0:00:00.2 (1.0), totSession cpu/real = 0:01:26.9/0:14:05.4 (0.1), mem = 2108.0M
<CMD> setOptMode -fixCap true -fixTran true -fixFanoutLoad false
<CMD> optDesign -postCTS -hold
**optDesign ... cpu = 0:00:00, real = 0:00:00, mem = 1851.5M, totSessionCpu=0:01:28 **
*** optDesign #1 [begin] : totSession cpu/real = 0:01:28.3/0:14:22.5 (0.1), mem = 2108.2M
GigaOpt running with 1 threads.
*** InitOpt #1 [begin] (optDesign #1) : totSession cpu/real = 0:01:28.3/0:14:22.5 (0.1), mem = 2108.2M
**INFO: User settings:
setExtractRCMode -engine                            preRoute
setUsefulSkewMode -maxAllowedDelay                  1
setUsefulSkewMode -noBoundary                       false
setDelayCalMode -enable_high_fanout                 true
setDelayCalMode -engine                             aae
setDelayCalMode -ignoreNetLoad                      false
setDelayCalMode -socv_accuracy_mode                 low
setOptMode -activeHoldViews                         { best_case }
setOptMode -activeSetupViews                        { worst_case }
setOptMode -autoSetupViews                          { worst_case}
setOptMode -autoTDGRSetupViews                      { worst_case}
setOptMode -drcMargin                               0
setOptMode -fixCap                                  true
setOptMode -fixDrc                                  true
setOptMode -fixFanoutLoad                           false
setOptMode -fixTran                                 true
setOptMode -optimizeFF                              true
setOptMode -preserveAllSequential                   false
setOptMode -setupTargetSlack                        0
setPlaceMode -place_design_floorplan_mode           false
setPlaceMode -place_detail_check_route              false
setPlaceMode -place_detail_preserve_routing         true
setPlaceMode -place_detail_remove_affected_routing  false
setPlaceMode -place_detail_swap_eeq_cells           false
setPlaceMode -place_global_clock_gate_aware         true
setPlaceMode -place_global_cong_effort              auto
setPlaceMode -place_global_ignore_scan              true
setPlaceMode -place_global_ignore_spare             false
setPlaceMode -place_global_module_aware_spare       false
setPlaceMode -place_global_place_io_pins            true
setPlaceMode -place_global_reorder_scan             true
setPlaceMode -powerDriven                           false
setPlaceMode -timingDriven                          true
setAnalysisMode -analysisType                       bcwc
setAnalysisMode -checkType                          setup
setAnalysisMode -clkSrcPath                         true
setAnalysisMode -clockPropagation                   sdcControl
setAnalysisMode -skew                               true
setAnalysisMode -usefulSkew                         true
setAnalysisMode -virtualIPO                         false
setRouteMode -earlyGlobalHonorMsvRouteConstraint    false
setRouteMode -earlyGlobalRoutePartitionPinGuide     true

**INFO: setDesignMode -flowEffort standard -> setting 'setOptMode -allEndPoints true' for the duration of this command.
Need call spDPlaceInit before registerPrioInstLoc.
**optDesign ... cpu = 0:00:00, real = 0:00:00, mem = 1875.0M, totSessionCpu=0:01:29 **
*** optDesign -postCTS ***
DRC Margin: user margin 0.0
Hold Target Slack: user slack 0
Setup Target Slack: user slack 0;
setUsefulSkewMode -ecoRoute false
Start to check current routing status for nets...
All nets are already routed correctly.
End to check current routing status for nets (mem=2130.2M)
Compute RC Scale Done ...
*** InitOpt #1 [finish] (optDesign #1) : cpu/real = 0:00:00.9/0:00:00.9 (1.0), totSession cpu/real = 0:01:29.2/0:14:23.4 (0.1), mem = 2318.3M
GigaOpt Hold Optimizer is used
Starting initialization (fixHold) cpu=0:00:00.0 real=0:00:00.0 totSessionCpu=0:01:30 mem=2222.3M ***
*** BuildHoldData #1 [begin] (optDesign #1) : totSession cpu/real = 0:01:29.6/0:14:23.8 (0.1), mem = 2222.3M
Starting delay calculation for Hold views
AAE_INFO: opIsDesignInPostRouteState() is 0
#################################################################################
# Design Stage: PreRoute
# Design Name: alarm_clock_top
# Design Mode: 90nm
# Analysis Mode: MMMC Non-OCV 
# Parasitics Mode: No SPEF/RCDB 
# Signoff Settings: SI Off 
#################################################################################
Calculate delays in BcWc mode...
Start delay calculation (fullDC) (1 T). (MEM=2222.28)
*** Calculating scaling factor for min_timing libraries using the default operating condition of each library.
Total number of fetched objects 356
End delay calculation. (MEM=2265.49 CPU=0:00:00.0 REAL=0:00:00.0)
End delay calculation (fullDC). (MEM=2265.49 CPU=0:00:00.0 REAL=0:00:00.0)
*** Done Building Timing Graph (cpu=0:00:00.1 real=0:00:00.0 totSessionCpu=0:01:30 mem=2265.5M)

Active hold views:
 best_case
  Dominating endpoints: 0
  Dominating TNS: -0.000

Done building cte hold timing graph (fixHold) cpu=0:00:00.2 real=0:00:00.0 totSessionCpu=0:01:30 mem=2296.8M ***
Done building hold timer [1184 node(s), 1572 edge(s), 1 view(s)] (fixHold) cpu=0:00:00.2 real=0:00:00.0 totSessionCpu=0:01:30 mem=2296.8M ***
Starting delay calculation for Setup views
AAE_INFO: opIsDesignInPostRouteState() is 0
#################################################################################
# Design Stage: PreRoute
# Design Name: alarm_clock_top
# Design Mode: 90nm
# Analysis Mode: MMMC Non-OCV 
# Parasitics Mode: No SPEF/RCDB 
# Signoff Settings: SI Off 
#################################################################################
Calculate delays in BcWc mode...
Start delay calculation (fullDC) (1 T). (MEM=2285.23)
*** Calculating scaling factor for max_timing libraries using the default operating condition of each library.
Total number of fetched objects 356
End delay calculation. (MEM=2263.49 CPU=0:00:00.0 REAL=0:00:00.0)
End delay calculation (fullDC). (MEM=2263.49 CPU=0:00:00.0 REAL=0:00:00.0)
*** Done Building Timing Graph (cpu=0:00:00.1 real=0:00:00.0 totSessionCpu=0:01:30 mem=2263.5M)
Done building cte setup timing graph (fixHold) cpu=0:00:00.3 real=0:00:00.0 totSessionCpu=0:01:30 mem=2263.5M ***

*Info: minBufDelay = 99.6 ps, libStdDelay = 36.0 ps, minBufSize = 18165600 (6.0)
*Info: worst delay setup view: worst_case

------------------------------------------------------------------
     Hold Opt Initial Summary
------------------------------------------------------------------

Setup views included:
 worst_case
Hold views included:
 best_case

+--------------------+---------+---------+---------+
|     Setup mode     |   all   | reg2reg | default |
+--------------------+---------+---------+---------+
|           WNS (ns):|  6.485  |  6.485  |  7.143  |
|           TNS (ns):|  0.000  |  0.000  |  0.000  |
|    Violating Paths:|    0    |    0    |    0    |
|          All Paths:|   102   |   67    |   52    |
+--------------------+---------+---------+---------+

+--------------------+---------+---------+---------+
|     Hold mode      |   all   | reg2reg | default |
+--------------------+---------+---------+---------+
|           WNS (ns):| -0.213  | -0.213  |  1.730  |
|           TNS (ns):| -8.854  | -8.854  |  0.000  |
|    Violating Paths:|   66    |   66    |    0    |
|          All Paths:|   102   |   67    |   52    |
+--------------------+---------+---------+---------+

+----------------+-------------------------------+------------------+
|                |              Real             |       Total      |
|    DRVs        +------------------+------------+------------------|
|                |  Nr nets(terms)  | Worst Vio  |  Nr nets(terms)  |
+----------------+------------------+------------+------------------+
|   max_cap      |      0 (0)       |   0.000    |      0 (0)       |
|   max_tran     |      0 (0)       |   0.000    |      0 (0)       |
|   max_fanout   |      0 (0)       |     0      |      0 (0)       |
|   max_length   |      0 (0)       |     0      |      0 (0)       |
+----------------+------------------+------------+------------------+

Density: 69.998%
------------------------------------------------------------------
**optDesign ... cpu = 0:00:02, real = 0:00:02, mem = 1982.0M, totSessionCpu=0:01:30 **
*** BuildHoldData #1 [finish] (optDesign #1) : cpu/real = 0:00:00.8/0:00:00.8 (1.0), totSession cpu/real = 0:01:30.3/0:14:24.6 (0.1), mem = 2236.5M
*** HoldOpt #1 [begin] (optDesign #1) : totSession cpu/real = 0:01:30.3/0:14:24.6 (0.1), mem = 2236.5M
*info: Run optDesign holdfix with 1 thread.
Info: 0 don't touch net , 1 undriven net  excluded from IPO operation.
Info: 1 clock net  excluded from IPO operation.
Info: Done creating the CCOpt slew target map.

*** Starting Core Fixing (fixHold) cpu=0:00:00.8 real=0:00:01.0 totSessionCpu=0:01:30 mem=2293.7M density=69.998% ***

Phase I ......
Executing transform: ECO Safe Resize
+----+--------+---------+--------+-----------+----------------+---------+------------+---------+
|Iter|  WNS   |  TNS    |  #VP   |  #Buffer  |  #Resize(F/F)  | Density |    Real    |   Mem   |
+----+--------+---------+--------+-----------+----------------+---------+------------+---------+
|   0|  -0.213|    -8.85|      66|          0|       0(     0)|   70.00%|   0:00:00.0|  2317.7M|
|   1|  -0.213|    -8.85|      66|          0|       0(     0)|   70.00%|   0:00:00.0|  2317.7M|
+----+--------+---------+--------+-----------+----------------+---------+------------+---------+
Executing transform: AddBuffer + LegalResize
+----+--------+---------+--------+-----------+----------------+---------+------------+---------+
|Iter|  WNS   |  TNS    |  #VP   |  #Buffer  |  #Resize(F/F)  | Density |    Real    |   Mem   |
+----+--------+---------+--------+-----------+----------------+---------+------------+---------+
|   0|  -0.213|    -8.85|      66|          0|       0(     0)|   70.00%|   0:00:00.0|  2317.7M|
|   1|  -0.213|    -7.36|      59|         17|       0(     0)|   78.02%|   0:00:00.0|  2351.8M|
|   2|  -0.213|    -6.56|      51|         10|       0(     0)|   80.69%|   0:00:00.0|  2355.3M|
|   3|  -0.213|    -5.36|      46|         29|       1(     1)|   84.87%|   0:00:00.0|  2355.3M|
|   4|  -0.213|    -5.29|      46|          0|      14(     1)|   85.06%|   0:00:01.0|  2355.3M|
|   5|  -0.213|    -5.30|      45|          0|       4(     2)|   85.08%|   0:00:00.0|  2355.3M|
|   6|  -0.213|    -5.30|      45|          0|       1(     0)|   85.08%|   0:00:00.0|  2355.3M|
|   7|  -0.213|    -5.30|      45|          0|       0(     0)|   85.08%|   0:00:00.0|  2355.3M|
+----+--------+---------+--------+-----------+----------------+---------+------------+---------+

*info:    Total 56 cells added for Phase I
*info:        in which 0 is ripple commits (0.000%)
*info:    Total 20 instances resized for Phase I
*info:        in which 4 FF resizing 
*info:        in which 0 ripple resizing (0.000%)

Phase II ......
Executing transform: AddBuffer
+----+--------+---------+--------+-----------+----------------+---------+------------+---------+
|Iter|  WNS   |  TNS    |  #VP   |  #Buffer  |  #Resize(F/F)  | Density |    Real    |   Mem   |
+----+--------+---------+--------+-----------+----------------+---------+------------+---------+
|   0|  -0.213|    -5.30|      45|          0|       0(     0)|   85.08%|   0:00:00.0|  2365.3M|
|   1|  -0.213|    -5.30|      45|          0|       0(     0)|   85.08%|   0:00:00.0|  2365.3M|
+----+--------+---------+--------+-----------+----------------+---------+------------+---------+

Phase III ......
Executing transform: AddBuffer + LegalResize
+----+--------+---------+--------+-----------+----------------+---------+------------+---------+
|Iter|  WNS   |  TNS    |  #VP   |  #Buffer  |  #Resize(F/F)  | Density |    Real    |   Mem   |
+----+--------+---------+--------+-----------+----------------+---------+------------+---------+
|   0|  -0.213|    -5.30|      45|          0|       0(     0)|   85.08%|   0:00:00.0|  2365.3M|
|   1|  -0.213|    -5.20|      44|          0|       9(     8)|   85.13%|   0:00:01.0|  2365.3M|
|   2|  -0.213|    -5.18|      41|          0|       4(     1)|   85.20%|   0:00:00.0|  2365.3M|
|   3|  -0.213|    -5.18|      41|          0|       0(     0)|   85.20%|   0:00:00.0|  2365.3M|
+----+--------+---------+--------+-----------+----------------+---------+------------+---------+
*info:    Total 13 instances resized for Phase III
*info:        in which 9 FF resizing 
*info:        in which 0 ripple resizing (0.000%)

Phase IV ......
Executing transform: AddBuffer + Resize
+----+--------+---------+--------+-----------+----------------+---------+------------+---------+
|Iter|  WNS   |  TNS    |  #VP   |  #Buffer  |  #Resize(F/F)  | Density |    Real    |   Mem   |
+----+--------+---------+--------+-----------+----------------+---------+------------+---------+
|   0|  -0.213|    -5.18|      41|          0|       0(     0)|   85.20%|   0:00:00.0|  2365.3M|
**Info: Stopping hold fixing due to density exceeding max design density 95.000%
|   1|  -0.213|    -2.56|      27|         18|       0(     0)|   95.29%|   0:00:00.0|  2363.3M|
+----+--------+---------+--------+-----------+----------------+---------+------------+---------+

*info:    Total 18 cells added for Phase IV
*info:        in which 0 is ripple commits (0.000%)


=======================================================================
                Reasons for remaining hold violations
=======================================================================
*info: Total 138 net(s) have violated hold timing slacks.

Buffering failure reasons
------------------------------------------------

Resizing failure reasons
------------------------------------------------
*info:    12 net(s): Could not be fixed because of hold slack degradation.


*** Finished Core Fixing (fixHold) cpu=0:00:02.8 real=0:00:03.0 totSessionCpu=0:01:32 mem=2371.3M density=95.285% ***

*info:
*info: Added a total of 74 cells to fix/reduce hold violation
*info:
*info: Summary: 
*info:           28 cells of type 'CLKBUFX2' used
*info:            2 cells of type 'CLKBUFX3' used
*info:           10 cells of type 'DLY1X1' used
*info:            4 cells of type 'DLY1X4' used
*info:           13 cells of type 'DLY2X1' used
*info:           16 cells of type 'DLY3X1' used
*info:            1 cell  of type 'DLY4X1' used
*info:
*info: Total 33 instances resized
*info:       in which 13 FF resizing
*info:

*** Starting refinePlace (0:01:32 mem=2351.3M) ***
Total net bbox length = 5.488e+03 (2.670e+03 2.818e+03) (ext = 4.009e+02)
**WARN: (IMPSP-5140):	Global net connect rules have not been created. Added  insts would have no supply connectivity, and would fail DRC.
Type 'man IMPSP-5140' for more detail.
**WARN: (IMPSP-315):	Found 410 instances insts with no PG Term connections.
Type 'man IMPSP-315' for more detail.
Move report: Detail placement moves 285 insts, mean move: 2.14 um, max move: 9.28 um 
	Max move on inst (tg/FE_PHC69_div_cnt_15): (45.53, 18.27) --> (38.86, 15.66)
	Runtime: CPU: 0:00:00.0 REAL: 0:00:00.0 MEM: 2351.3MB
Summary Report:
Instances move: 285 (out of 410 movable)
Instances flipped: 0
Mean displacement: 2.14 um
Max displacement: 9.28 um (Instance: tg/FE_PHC69_div_cnt_15) (45.53, 18.27) -> (38.86, 15.66)
	Length: 27 sites, height: 1 rows, site name: gsclib090site, cell type: DLY3X1
Total net bbox length = 5.828e+03 (2.877e+03 2.951e+03) (ext = 4.067e+02)
Runtime: CPU: 0:00:00.0 REAL: 0:00:00.0 MEM: 2351.3MB
*** Finished refinePlace (0:01:32 mem=2351.3M) ***
*** maximum move = 9.28 um ***
*** Finished re-routing un-routed nets (2351.3M) ***

*** Finish Physical Update (cpu=0:00:00.0 real=0:00:00.0 mem=2351.3M) ***
*** Finish Post CTS Hold Fixing (cpu=0:00:02.8 real=0:00:03.0 totSessionCpu=0:01:32 mem=2361.4M density=95.285%) ***
**INFO: total 380 insts, 381 nets marked don't touch
**INFO: total 380 insts, 381 nets marked don't touch DB property
**INFO: total 380 insts, 381 nets unmarked don't touch

*** HoldOpt #1 [finish] (optDesign #1) : cpu/real = 0:00:02.0/0:00:02.1 (1.0), totSession cpu/real = 0:01:32.4/0:14:26.6 (0.1), mem = 2267.3M
*** Steiner Routed Nets: 30.626%; Threshold: 100; Threshold for Hold: 100
Re-routed 0 nets
GigaOpt_HOLD: Recover setup timing after hold fixing
GigaOpt_HOLD: max_tran 0 => 0, max_cap 0 => 0 (threshold 10) - Skip drv recovery
GigaOpt: WNS changes after routing: 0.000 -> 0.000 (bump = 0.0)
GigaOpt: WNS bump threshold: 0.018
GigaOpt: Skipping postEco optimization
GigaOpt: WNS changes after postEco optimization: 0.000 -> 0.000 (bump = 0.0)
GigaOpt: Skipping nonLegal postEco optimization

Active setup views:
 worst_case
  Dominating endpoints: 0
  Dominating TNS: -0.000

[NR-eGR] Track table information for default rule: 
[NR-eGR] Metal1 has single uniform track structure
[NR-eGR] Metal2 has single uniform track structure
[NR-eGR] Metal3 has single uniform track structure
[NR-eGR] Metal4 has single uniform track structure
[NR-eGR] Metal5 has single uniform track structure
[NR-eGR] Metal6 has single uniform track structure
[NR-eGR] Metal7 has single uniform track structure
[NR-eGR] Metal8 has single uniform track structure
[NR-eGR] Metal9 has single uniform track structure
[NR-eGR] Read 224 PG shapes
[NR-eGR] Read 0 clock shapes
[NR-eGR] Read 0 other shapes
[NR-eGR] #Routing Blockages  : 0
[NR-eGR] #Instance Blockages : 0
[NR-eGR] #PG Blockages       : 224
[NR-eGR] #Halo Blockages     : 0
[NR-eGR] #Boundary Blockages : 0
[NR-eGR] #Clock Blockages    : 0
[NR-eGR] #Other Blockages    : 0
[NR-eGR] Num Prerouted Nets = 0  Num Prerouted Wires = 0
[NR-eGR] Read 431 nets ( ignored 0 )
[NR-eGR] There are 1 clock nets ( 0 with NDR ).
[NR-eGR] ============ Routing rule table ============
[NR-eGR] Rule id: 0  Nets: 431
[NR-eGR] ========================================
[NR-eGR] 
[NR-eGR] Layer group 1: route 431 net(s) in layer range [2, 9]
[NR-eGR] Early Global Route overflow of layer group 1: 0.00% H + 0.00% V. EstWL: 6.407550e+03um
[NR-eGR] Congestion Analysis By layer: (blocked Gcells are excluded) 
[NR-eGR]                        OverCon            
[NR-eGR]                         #Gcell     %Gcell
[NR-eGR]        Layer             (1-0)    OverCon
[NR-eGR] ----------------------------------------------
[NR-eGR]  Metal1 ( 1)         0( 0.00%)   ( 0.00%) 
[NR-eGR]  Metal2 ( 2)         0( 0.00%)   ( 0.00%) 
[NR-eGR]  Metal3 ( 3)         0( 0.00%)   ( 0.00%) 
[NR-eGR]  Metal4 ( 4)         0( 0.00%)   ( 0.00%) 
[NR-eGR]  Metal5 ( 5)         0( 0.00%)   ( 0.00%) 
[NR-eGR]  Metal6 ( 6)         0( 0.00%)   ( 0.00%) 
[NR-eGR]  Metal7 ( 7)         0( 0.00%)   ( 0.00%) 
[NR-eGR]  Metal8 ( 8)         0( 0.00%)   ( 0.00%) 
[NR-eGR]  Metal9 ( 9)         0( 0.00%)   ( 0.00%) 
[NR-eGR] ----------------------------------------------
[NR-eGR]        Total         0( 0.00%)   ( 0.00%) 
[NR-eGR] 
[NR-eGR] Overflow after Early Global Route 0.00% H + 0.00% V
[NR-eGR] Finished Early Global Route kernel ( CPU: 0.01 sec, Real: 0.01 sec, Curr Mem: 2305.43 MB )
[hotspot] +------------+---------------+---------------+
[hotspot] |            |   max hotspot | total hotspot |
[hotspot] +------------+---------------+---------------+
[hotspot] | normalized |          0.00 |          0.00 |
[hotspot] +------------+---------------+---------------+
Local HotSpot Analysis: normalized max congestion hotspot area = 0.00, normalized total congestion hotspot area = 0.00 (area is in unit of 4 std-cell row bins)
[hotspot] Hotspot report including placement blocked areas
[hotspot] +------------+---------------+---------------+
[hotspot] |            |   max hotspot | total hotspot |
[hotspot] +------------+---------------+---------------+
[hotspot] | normalized |          0.00 |          0.00 |
[hotspot] +------------+---------------+---------------+
Local HotSpot Analysis (blockage included): normalized max congestion hotspot area = 0.00, normalized total congestion hotspot area = 0.00 (area is in unit of 4 std-cell row bins)
Reported timing to dir ./timingReports
**optDesign ... cpu = 0:00:04, real = 0:00:04, mem = 1954.6M, totSessionCpu=0:01:32 **
Starting delay calculation for Hold views
AAE_INFO: opIsDesignInPostRouteState() is 0
#################################################################################
# Design Stage: PreRoute
# Design Name: alarm_clock_top
# Design Mode: 90nm
# Analysis Mode: MMMC Non-OCV 
# Parasitics Mode: No SPEF/RCDB 
# Signoff Settings: SI Off 
#################################################################################
Calculate delays in BcWc mode...
Start delay calculation (fullDC) (1 T). (MEM=2237.94)
*** Calculating scaling factor for min_timing libraries using the default operating condition of each library.
Total number of fetched objects 430
End delay calculation. (MEM=2265.15 CPU=0:00:00.0 REAL=0:00:00.0)
End delay calculation (fullDC). (MEM=2265.15 CPU=0:00:00.0 REAL=0:00:00.0)
*** Done Building Timing Graph (cpu=0:00:00.1 real=0:00:00.0 totSessionCpu=0:01:33 mem=2265.2M)
Starting delay calculation for Setup views
AAE_INFO: opIsDesignInPostRouteState() is 0
#################################################################################
# Design Stage: PreRoute
# Design Name: alarm_clock_top
# Design Mode: 90nm
# Analysis Mode: MMMC Non-OCV 
# Parasitics Mode: No SPEF/RCDB 
# Signoff Settings: SI Off 
#################################################################################
Calculate delays in BcWc mode...
Start delay calculation (fullDC) (1 T). (MEM=2211.64)
*** Calculating scaling factor for max_timing libraries using the default operating condition of each library.
Total number of fetched objects 430
End delay calculation. (MEM=2270.85 CPU=0:00:00.0 REAL=0:00:00.0)
End delay calculation (fullDC). (MEM=2270.85 CPU=0:00:00.0 REAL=0:00:00.0)
*** Done Building Timing Graph (cpu=0:00:00.1 real=0:00:00.0 totSessionCpu=0:01:33 mem=2270.8M)

------------------------------------------------------------------
     optDesign Final Summary
------------------------------------------------------------------

Setup views included:
 worst_case 
Hold views included:
 best_case

+--------------------+---------+---------+---------+
|     Setup mode     |   all   | reg2reg | default |
+--------------------+---------+---------+---------+
|           WNS (ns):|  5.820  |  5.820  |  6.940  |
|           TNS (ns):|  0.000  |  0.000  |  0.000  |
|    Violating Paths:|    0    |    0    |    0    |
|          All Paths:|   102   |   67    |   52    |
+--------------------+---------+---------+---------+

+--------------------+---------+---------+---------+
|     Hold mode      |   all   | reg2reg | default |
+--------------------+---------+---------+---------+
|           WNS (ns):| -0.213  | -0.213  |  1.730  |
|           TNS (ns):| -2.673  | -2.673  |  0.000  |
|    Violating Paths:|   35    |   35    |    0    |
|          All Paths:|   102   |   67    |   52    |
+--------------------+---------+---------+---------+

+----------------+-------------------------------+------------------+
|                |              Real             |       Total      |
|    DRVs        +------------------+------------+------------------|
|                |  Nr nets(terms)  | Worst Vio  |  Nr nets(terms)  |
+----------------+------------------+------------+------------------+
|   max_cap      |      0 (0)       |   0.000    |      0 (0)       |
|   max_tran     |      0 (0)       |   0.000    |      0 (0)       |
|   max_fanout   |      0 (0)       |     0      |      0 (0)       |
|   max_length   |      0 (0)       |     0      |      0 (0)       |
+----------------+------------------+------------+------------------+

Density: 95.285%
Routing Overflow: 0.00% H and 0.00% V
------------------------------------------------------------------
**optDesign ... cpu = 0:00:05, real = 0:00:05, mem = 1993.7M, totSessionCpu=0:01:33 **
*** Finished optDesign ***
Info: Destroy the CCOpt slew target map.
*** optDesign #1 [finish] : cpu/real = 0:00:04.6/0:00:05.2 (0.9), totSession cpu/real = 0:01:32.9/0:14:27.7 (0.1), mem = 2241.3M
<CMD> setOptMode -fixCap true -fixTran true -fixFanoutLoad false
<CMD> optDesign -postCTS -hold
**optDesign ... cpu = 0:00:00, real = 0:00:00, mem = 1908.9M, totSessionCpu=0:01:33 **
*** optDesign #2 [begin] : totSession cpu/real = 0:01:33.4/0:14:34.6 (0.1), mem = 2171.3M
GigaOpt running with 1 threads.
*** InitOpt #1 [begin] (optDesign #2) : totSession cpu/real = 0:01:33.4/0:14:34.6 (0.1), mem = 2171.3M
**INFO: User settings:
setExtractRCMode -engine                            preRoute
setUsefulSkewMode -ecoRoute                         false
setUsefulSkewMode -maxAllowedDelay                  1
setUsefulSkewMode -noBoundary                       false
setDelayCalMode -enable_high_fanout                 true
setDelayCalMode -engine                             aae
setDelayCalMode -ignoreNetLoad                      false
setDelayCalMode -socv_accuracy_mode                 low
setOptMode -activeHoldViews                         { best_case }
setOptMode -activeSetupViews                        { worst_case }
setOptMode -autoHoldViews                           { best_case}
setOptMode -autoSetupViews                          { worst_case}
setOptMode -autoTDGRSetupViews                      { worst_case}
setOptMode -autoViewHoldTargetSlack                 0
setOptMode -drcMargin                               0
setOptMode -fixCap                                  true
setOptMode -fixDrc                                  true
setOptMode -fixFanoutLoad                           false
setOptMode -fixTran                                 true
setOptMode -optimizeFF                              true
setOptMode -preserveAllSequential                   false
setOptMode -setupTargetSlack                        0
setPlaceMode -place_design_floorplan_mode           false
setPlaceMode -place_detail_check_route              false
setPlaceMode -place_detail_preserve_routing         true
setPlaceMode -place_detail_remove_affected_routing  false
setPlaceMode -place_detail_swap_eeq_cells           false
setPlaceMode -place_global_clock_gate_aware         true
setPlaceMode -place_global_cong_effort              auto
setPlaceMode -place_global_ignore_scan              true
setPlaceMode -place_global_ignore_spare             false
setPlaceMode -place_global_module_aware_spare       false
setPlaceMode -place_global_place_io_pins            true
setPlaceMode -place_global_reorder_scan             true
setPlaceMode -powerDriven                           false
setPlaceMode -timingDriven                          true
setAnalysisMode -analysisType                       bcwc
setAnalysisMode -checkType                          setup
setAnalysisMode -clkSrcPath                         true
setAnalysisMode -clockPropagation                   sdcControl
setAnalysisMode -skew                               true
setAnalysisMode -usefulSkew                         true
setAnalysisMode -virtualIPO                         false
setRouteMode -earlyGlobalHonorMsvRouteConstraint    false
setRouteMode -earlyGlobalRoutePartitionPinGuide     true

**INFO: setDesignMode -flowEffort standard -> setting 'setOptMode -allEndPoints true' for the duration of this command.
Need call spDPlaceInit before registerPrioInstLoc.
**optDesign ... cpu = 0:00:00, real = 0:00:00, mem = 1914.7M, totSessionCpu=0:01:34 **
*** optDesign -postCTS ***
DRC Margin: user margin 0.0
Hold Target Slack: user slack 0
Setup Target Slack: user slack 0;
setUsefulSkewMode -ecoRoute false
Start to check current routing status for nets...
All nets are already routed correctly.
End to check current routing status for nets (mem=2187.3M)
*** InitOpt #1 [finish] (optDesign #2) : cpu/real = 0:00:00.4/0:00:00.4 (1.0), totSession cpu/real = 0:01:33.8/0:14:35.1 (0.1), mem = 2187.3M
GigaOpt Hold Optimizer is used
Starting initialization (fixHold) cpu=0:00:00.0 real=0:00:00.0 totSessionCpu=0:01:34 mem=2195.3M ***
*** BuildHoldData #1 [begin] (optDesign #2) : totSession cpu/real = 0:01:34.2/0:14:35.5 (0.1), mem = 2195.3M
Saving timing graph ...
Done save timing graph
Starting delay calculation for Hold views
AAE_INFO: opIsDesignInPostRouteState() is 0
#################################################################################
# Design Stage: PreRoute
# Design Name: alarm_clock_top
# Design Mode: 90nm
# Analysis Mode: MMMC Non-OCV 
# Parasitics Mode: No SPEF/RCDB 
# Signoff Settings: SI Off 
#################################################################################
Calculate delays in BcWc mode...
Start delay calculation (fullDC) (1 T). (MEM=2212.3)
*** Calculating scaling factor for min_timing libraries using the default operating condition of each library.
Total number of fetched objects 430
End delay calculation. (MEM=2211.64 CPU=0:00:00.0 REAL=0:00:00.0)
End delay calculation (fullDC). (MEM=2211.64 CPU=0:00:00.0 REAL=0:00:00.0)
*** Done Building Timing Graph (cpu=0:00:00.1 real=0:00:00.0 totSessionCpu=0:01:34 mem=2211.6M)
Done building cte hold timing graph (fixHold) cpu=0:00:00.2 real=0:00:00.0 totSessionCpu=0:01:34 mem=2211.6M ***
Done building hold timer [1330 node(s), 1716 edge(s), 1 view(s)] (fixHold) cpu=0:00:00.2 real=0:00:00.0 totSessionCpu=0:01:34 mem=2226.9M ***
Restoring timing graph ...
**WARN: (IMPCTE-290):	Could not locate cell INVX1 in any library for view best_case.
Type 'man IMPCTE-290' for more detail.
**WARN: (IMPCTE-290):	Could not locate cell INVX1 in any library for view best_case.
Type 'man IMPCTE-290' for more detail.
**WARN: (IMPCTE-290):	Could not locate cell INVX1 in any library for view best_case.
Type 'man IMPCTE-290' for more detail.
**WARN: (IMPCTE-290):	Could not locate cell INVX1 in any library for view best_case.
Type 'man IMPCTE-290' for more detail.
**WARN: (IMPCTE-290):	Could not locate cell INVX1 in any library for view best_case.
Type 'man IMPCTE-290' for more detail.
**WARN: (IMPCTE-290):	Could not locate cell INVX1 in any library for view best_case.
Type 'man IMPCTE-290' for more detail.
**WARN: (IMPCTE-290):	Could not locate cell INVX1 in any library for view best_case.
Type 'man IMPCTE-290' for more detail.
**WARN: (IMPCTE-290):	Could not locate cell INVX1 in any library for view best_case.
Type 'man IMPCTE-290' for more detail.
**WARN: (IMPCTE-290):	Could not locate cell INVX1 in any library for view best_case.
Type 'man IMPCTE-290' for more detail.
**WARN: (IMPCTE-290):	Could not locate cell INVX1 in any library for view best_case.
Type 'man IMPCTE-290' for more detail.
**WARN: (IMPCTE-290):	Could not locate cell INVX1 in any library for view best_case.
Type 'man IMPCTE-290' for more detail.
**WARN: (IMPCTE-290):	Could not locate cell INVX1 in any library for view best_case.
Type 'man IMPCTE-290' for more detail.
**WARN: (IMPCTE-290):	Could not locate cell INVX1 in any library for view best_case.
Type 'man IMPCTE-290' for more detail.
**WARN: (IMPCTE-290):	Could not locate cell INVX1 in any library for view best_case.
Type 'man IMPCTE-290' for more detail.
**WARN: (IMPCTE-290):	Could not locate cell INVX1 in any library for view best_case.
Type 'man IMPCTE-290' for more detail.
**WARN: (IMPCTE-290):	Could not locate cell INVX1 in any library for view best_case.
Type 'man IMPCTE-290' for more detail.
**WARN: (IMPCTE-290):	Could not locate cell INVX1 in any library for view best_case.
Type 'man IMPCTE-290' for more detail.
**WARN: (IMPCTE-290):	Could not locate cell INVX1 in any library for view best_case.
Type 'man IMPCTE-290' for more detail.
**WARN: (IMPCTE-290):	Could not locate cell INVX1 in any library for view best_case.
Type 'man IMPCTE-290' for more detail.
**WARN: (IMPCTE-290):	Could not locate cell INVX1 in any library for view best_case.
Type 'man IMPCTE-290' for more detail.
**WARN: (EMS-27):	Message (IMPCTE-290) has exceeded the current message display limit of 20.
To increase the message display limit, refer to the product command reference manual.
AAE_INFO: Resetting and re-constructing cache for AAE clocks ...
Done restore timing graph
Done building cte setup timing graph (fixHold) cpu=0:00:00.4 real=0:00:00.0 totSessionCpu=0:01:35 mem=2226.9M ***

*Info: minBufDelay = 99.6 ps, libStdDelay = 36.0 ps, minBufSize = 18165600 (6.0)
*Info: worst delay setup view: worst_case

------------------------------------------------------------------
     Hold Opt Initial Summary
------------------------------------------------------------------

Setup views included:
 worst_case
Hold views included:
 best_case

+--------------------+---------+---------+---------+
|     Setup mode     |   all   | reg2reg | default |
+--------------------+---------+---------+---------+
|           WNS (ns):|  5.820  |  5.820  |  6.940  |
|           TNS (ns):|  0.000  |  0.000  |  0.000  |
|    Violating Paths:|    0    |    0    |    0    |
|          All Paths:|   102   |   67    |   52    |
+--------------------+---------+---------+---------+

+--------------------+---------+---------+---------+
|     Hold mode      |   all   | reg2reg | default |
+--------------------+---------+---------+---------+
|           WNS (ns):| -0.213  | -0.213  |  1.730  |
|           TNS (ns):| -2.673  | -2.673  |  0.000  |
|    Violating Paths:|   35    |   35    |    0    |
|          All Paths:|   102   |   67    |   52    |
+--------------------+---------+---------+---------+

+----------------+-------------------------------+------------------+
|                |              Real             |       Total      |
|    DRVs        +------------------+------------+------------------|
|                |  Nr nets(terms)  | Worst Vio  |  Nr nets(terms)  |
+----------------+------------------+------------+------------------+
|   max_cap      |      0 (0)       |   0.000    |      0 (0)       |
|   max_tran     |      0 (0)       |   0.000    |      0 (0)       |
|   max_fanout   |      0 (0)       |     0      |      0 (0)       |
|   max_length   |      0 (0)       |     0      |      0 (0)       |
+----------------+------------------+------------+------------------+

Density: 95.285%
Routing Overflow: 0.00% H and 0.00% V
------------------------------------------------------------------
**optDesign ... cpu = 0:00:02, real = 0:00:02, mem = 1928.0M, totSessionCpu=0:01:35 **
*** BuildHoldData #1 [finish] (optDesign #2) : cpu/real = 0:00:00.9/0:00:01.0 (0.9), totSession cpu/real = 0:01:35.1/0:14:36.5 (0.1), mem = 2191.1M
*** HoldOpt #1 [begin] (optDesign #2) : totSession cpu/real = 0:01:35.1/0:14:36.5 (0.1), mem = 2191.1M
*info: Run optDesign holdfix with 1 thread.
Info: 0 don't touch net , 1 undriven net  excluded from IPO operation.
Info: 1 clock net  excluded from IPO operation.
Info: Done creating the CCOpt slew target map.

*** Starting Core Fixing (fixHold) cpu=0:00:01.0 real=0:00:01.0 totSessionCpu=0:01:35 mem=2372.6M density=95.285% ***

Phase I ......
Executing transform: ECO Safe Resize
+----+--------+---------+--------+-----------+----------------+---------+------------+---------+
|Iter|  WNS   |  TNS    |  #VP   |  #Buffer  |  #Resize(F/F)  | Density |    Real    |   Mem   |
+----+--------+---------+--------+-----------+----------------+---------+------------+---------+
**Info: Stopping hold fixing due to density exceeding max design density 95.000%
|   0|  -0.213|    -2.67|      35|          0|       0(     0)|   95.29%|   0:00:00.0|  2372.6M|
+----+--------+---------+--------+-----------+----------------+---------+------------+---------+
Executing transform: AddBuffer + LegalResize
+----+--------+---------+--------+-----------+----------------+---------+------------+---------+
|Iter|  WNS   |  TNS    |  #VP   |  #Buffer  |  #Resize(F/F)  | Density |    Real    |   Mem   |
+----+--------+---------+--------+-----------+----------------+---------+------------+---------+
**Info: Stopping hold fixing due to density exceeding max design density 95.000%
|   0|  -0.213|    -2.67|      35|          0|       0(     0)|   95.29%|   0:00:00.0|  2372.6M|
+----+--------+---------+--------+-----------+----------------+---------+------------+---------+


=======================================================================
                Reasons for remaining hold violations
=======================================================================
*info: Total 171 net(s) have violated hold timing slacks.

Buffering failure reasons
------------------------------------------------

Resizing failure reasons
------------------------------------------------


*** Finished Core Fixing (fixHold) cpu=0:00:01.0 real=0:00:01.0 totSessionCpu=0:01:35 mem=2372.6M density=95.285% ***


*** Finish Post CTS Hold Fixing (cpu=0:00:01.0 real=0:00:01.0 totSessionCpu=0:01:35 mem=2372.6M density=95.285%) ***
**INFO: total 380 insts, 380 nets marked don't touch
**INFO: total 380 insts, 380 nets marked don't touch DB property
**INFO: total 380 insts, 380 nets unmarked don't touch

*** HoldOpt #1 [finish] (optDesign #2) : cpu/real = 0:00:00.1/0:00:00.1 (1.0), totSession cpu/real = 0:01:35.2/0:14:36.6 (0.1), mem = 2277.6M

Active setup views:
 worst_case
  Dominating endpoints: 0
  Dominating TNS: -0.000

[NR-eGR] Started Early Global Route kernel ( Curr Mem: 2316.71 MB )
[NR-eGR] Track table information for default rule: 
[NR-eGR] Metal1 has single uniform track structure
[NR-eGR] Metal2 has single uniform track structure
[NR-eGR] Metal3 has single uniform track structure
[NR-eGR] Metal4 has single uniform track structure
[NR-eGR] Metal5 has single uniform track structure
[NR-eGR] Metal6 has single uniform track structure
[NR-eGR] Metal7 has single uniform track structure
[NR-eGR] Metal8 has single uniform track structure
[NR-eGR] Metal9 has single uniform track structure
[NR-eGR] Read 224 PG shapes
[NR-eGR] Read 0 clock shapes
[NR-eGR] Read 0 other shapes
[NR-eGR] #Routing Blockages  : 0
[NR-eGR] #Instance Blockages : 0
[NR-eGR] #PG Blockages       : 224
[NR-eGR] #Halo Blockages     : 0
[NR-eGR] #Boundary Blockages : 0
[NR-eGR] #Clock Blockages    : 0
[NR-eGR] #Other Blockages    : 0
[NR-eGR] Num Prerouted Nets = 0  Num Prerouted Wires = 0
[NR-eGR] Read 431 nets ( ignored 0 )
[NR-eGR] There are 1 clock nets ( 0 with NDR ).
[NR-eGR] ============ Routing rule table ============
[NR-eGR] Rule id: 0  Nets: 431
[NR-eGR] ========================================
[NR-eGR] 
[NR-eGR] Layer group 1: route 431 net(s) in layer range [2, 9]
[NR-eGR] Early Global Route overflow of layer group 1: 0.00% H + 0.00% V. EstWL: 6.407550e+03um
[NR-eGR] Congestion Analysis By layer: (blocked Gcells are excluded) 
[NR-eGR]                        OverCon            
[NR-eGR]                         #Gcell     %Gcell
[NR-eGR]        Layer             (1-0)    OverCon
[NR-eGR] ----------------------------------------------
[NR-eGR]  Metal1 ( 1)         0( 0.00%)   ( 0.00%) 
[NR-eGR]  Metal2 ( 2)         0( 0.00%)   ( 0.00%) 
[NR-eGR]  Metal3 ( 3)         0( 0.00%)   ( 0.00%) 
[NR-eGR]  Metal4 ( 4)         0( 0.00%)   ( 0.00%) 
[NR-eGR]  Metal5 ( 5)         0( 0.00%)   ( 0.00%) 
[NR-eGR]  Metal6 ( 6)         0( 0.00%)   ( 0.00%) 
[NR-eGR]  Metal7 ( 7)         0( 0.00%)   ( 0.00%) 
[NR-eGR]  Metal8 ( 8)         0( 0.00%)   ( 0.00%) 
[NR-eGR]  Metal9 ( 9)         0( 0.00%)   ( 0.00%) 
[NR-eGR] ----------------------------------------------
[NR-eGR]        Total         0( 0.00%)   ( 0.00%) 
[NR-eGR] 
[NR-eGR] Overflow after Early Global Route 0.00% H + 0.00% V
[NR-eGR] Finished Early Global Route kernel ( CPU: 0.01 sec, Real: 0.01 sec, Curr Mem: 2316.71 MB )
[hotspot] +------------+---------------+---------------+
[hotspot] |            |   max hotspot | total hotspot |
[hotspot] +------------+---------------+---------------+
[hotspot] | normalized |          0.00 |          0.00 |
[hotspot] +------------+---------------+---------------+
Local HotSpot Analysis: normalized max congestion hotspot area = 0.00, normalized total congestion hotspot area = 0.00 (area is in unit of 4 std-cell row bins)
[hotspot] Hotspot report including placement blocked areas
[hotspot] +------------+---------------+---------------+
[hotspot] |            |   max hotspot | total hotspot |
[hotspot] +------------+---------------+---------------+
[hotspot] | normalized |          0.00 |          0.00 |
[hotspot] +------------+---------------+---------------+
Local HotSpot Analysis (blockage included): normalized max congestion hotspot area = 0.00, normalized total congestion hotspot area = 0.00 (area is in unit of 4 std-cell row bins)
Reported timing to dir ./timingReports
**optDesign ... cpu = 0:00:02, real = 0:00:02, mem = 2017.5M, totSessionCpu=0:01:35 **
Saving timing graph ...
Done save timing graph
Starting delay calculation for Hold views
AAE_INFO: opIsDesignInPostRouteState() is 0
#################################################################################
# Design Stage: PreRoute
# Design Name: alarm_clock_top
# Design Mode: 90nm
# Analysis Mode: MMMC Non-OCV 
# Parasitics Mode: No SPEF/RCDB 
# Signoff Settings: SI Off 
#################################################################################
Calculate delays in BcWc mode...
Start delay calculation (fullDC) (1 T). (MEM=2297.72)
*** Calculating scaling factor for min_timing libraries using the default operating condition of each library.
Total number of fetched objects 430
End delay calculation. (MEM=2297.05 CPU=0:00:00.0 REAL=0:00:00.0)
End delay calculation (fullDC). (MEM=2297.05 CPU=0:00:00.0 REAL=0:00:00.0)
*** Done Building Timing Graph (cpu=0:00:00.1 real=0:00:00.0 totSessionCpu=0:01:36 mem=2297.1M)
Restoring timing graph ...
AAE_INFO: Resetting and re-constructing cache for AAE clocks ...
Done restore timing graph

------------------------------------------------------------------
     optDesign Final Summary
------------------------------------------------------------------

Setup views included:
 worst_case 
Hold views included:
 best_case

+--------------------+---------+---------+---------+
|     Setup mode     |   all   | reg2reg | default |
+--------------------+---------+---------+---------+
|           WNS (ns):|  5.820  |  5.820  |  6.940  |
|           TNS (ns):|  0.000  |  0.000  |  0.000  |
|    Violating Paths:|    0    |    0    |    0    |
|          All Paths:|   102   |   67    |   52    |
+--------------------+---------+---------+---------+

+--------------------+---------+---------+---------+
|     Hold mode      |   all   | reg2reg | default |
+--------------------+---------+---------+---------+
|           WNS (ns):| -0.213  | -0.213  |  1.730  |
|           TNS (ns):| -2.673  | -2.673  |  0.000  |
|    Violating Paths:|   35    |   35    |    0    |
|          All Paths:|   102   |   67    |   52    |
+--------------------+---------+---------+---------+

+----------------+-------------------------------+------------------+
|                |              Real             |       Total      |
|    DRVs        +------------------+------------+------------------|
|                |  Nr nets(terms)  | Worst Vio  |  Nr nets(terms)  |
+----------------+------------------+------------+------------------+
|   max_cap      |      0 (0)       |   0.000    |      0 (0)       |
|   max_tran     |      0 (0)       |   0.000    |      0 (0)       |
|   max_fanout   |      0 (0)       |     0      |      0 (0)       |
|   max_length   |      0 (0)       |     0      |      0 (0)       |
+----------------+------------------+------------+------------------+

Density: 95.285%
Routing Overflow: 0.00% H and 0.00% V
------------------------------------------------------------------
**optDesign ... cpu = 0:00:02, real = 0:00:03, mem = 2051.7M, totSessionCpu=0:01:36 **
*** Finished optDesign ***
Info: Destroy the CCOpt slew target map.
*** optDesign #2 [finish] : cpu/real = 0:00:02.5/0:00:03.2 (0.8), totSession cpu/real = 0:01:35.9/0:14:37.8 (0.1), mem = 2299.0M
<CMD> setOptMode -fixCap true -fixTran true -fixFanoutLoad true
<CMD> optDesign -postCTS -hold
**optDesign ... cpu = 0:00:00, real = 0:00:00, mem = 1966.8M, totSessionCpu=0:01:36 **
*** optDesign #3 [begin] : totSession cpu/real = 0:01:36.0/0:14:39.8 (0.1), mem = 2226.0M
GigaOpt running with 1 threads.
*** InitOpt #1 [begin] (optDesign #3) : totSession cpu/real = 0:01:36.0/0:14:39.8 (0.1), mem = 2226.0M
**INFO: User settings:
setExtractRCMode -engine                            preRoute
setUsefulSkewMode -ecoRoute                         false
setUsefulSkewMode -maxAllowedDelay                  1
setUsefulSkewMode -noBoundary                       false
setDelayCalMode -enable_high_fanout                 true
setDelayCalMode -engine                             aae
setDelayCalMode -ignoreNetLoad                      false
setDelayCalMode -socv_accuracy_mode                 low
setOptMode -activeHoldViews                         { best_case }
setOptMode -activeSetupViews                        { worst_case }
setOptMode -autoHoldViews                           { best_case}
setOptMode -autoSetupViews                          { worst_case}
setOptMode -autoTDGRSetupViews                      { worst_case}
setOptMode -autoViewHoldTargetSlack                 0
setOptMode -drcMargin                               0
setOptMode -fixCap                                  true
setOptMode -fixDrc                                  true
setOptMode -fixFanoutLoad                           true
setOptMode -fixTran                                 true
setOptMode -optimizeFF                              true
setOptMode -preserveAllSequential                   false
setOptMode -setupTargetSlack                        0
setPlaceMode -place_design_floorplan_mode           false
setPlaceMode -place_detail_check_route              false
setPlaceMode -place_detail_preserve_routing         true
setPlaceMode -place_detail_remove_affected_routing  false
setPlaceMode -place_detail_swap_eeq_cells           false
setPlaceMode -place_global_clock_gate_aware         true
setPlaceMode -place_global_cong_effort              auto
setPlaceMode -place_global_ignore_scan              true
setPlaceMode -place_global_ignore_spare             false
setPlaceMode -place_global_module_aware_spare       false
setPlaceMode -place_global_place_io_pins            true
setPlaceMode -place_global_reorder_scan             true
setPlaceMode -powerDriven                           false
setPlaceMode -timingDriven                          true
setAnalysisMode -analysisType                       bcwc
setAnalysisMode -checkType                          setup
setAnalysisMode -clkSrcPath                         true
setAnalysisMode -clockPropagation                   sdcControl
setAnalysisMode -skew                               true
setAnalysisMode -usefulSkew                         true
setAnalysisMode -virtualIPO                         false
setRouteMode -earlyGlobalHonorMsvRouteConstraint    false
setRouteMode -earlyGlobalRoutePartitionPinGuide     true

**INFO: setDesignMode -flowEffort standard -> setting 'setOptMode -allEndPoints true' for the duration of this command.
Need call spDPlaceInit before registerPrioInstLoc.
**optDesign ... cpu = 0:00:00, real = 0:00:01, mem = 1927.5M, totSessionCpu=0:01:36 **
*** optDesign -postCTS ***
DRC Margin: user margin 0.0
Hold Target Slack: user slack 0
Setup Target Slack: user slack 0;
setUsefulSkewMode -ecoRoute false
Start to check current routing status for nets...
All nets are already routed correctly.
End to check current routing status for nets (mem=2197.0M)
*** InitOpt #1 [finish] (optDesign #3) : cpu/real = 0:00:00.5/0:00:00.5 (1.0), totSession cpu/real = 0:01:36.5/0:14:40.3 (0.1), mem = 2197.0M
GigaOpt Hold Optimizer is used
Starting initialization (fixHold) cpu=0:00:00.0 real=0:00:00.0 totSessionCpu=0:01:37 mem=2205.1M ***
*** BuildHoldData #1 [begin] (optDesign #3) : totSession cpu/real = 0:01:36.9/0:14:40.7 (0.1), mem = 2205.1M
Saving timing graph ...
Done save timing graph
Starting delay calculation for Hold views
AAE_INFO: opIsDesignInPostRouteState() is 0
#################################################################################
# Design Stage: PreRoute
# Design Name: alarm_clock_top
# Design Mode: 90nm
# Analysis Mode: MMMC Non-OCV 
# Parasitics Mode: No SPEF/RCDB 
# Signoff Settings: SI Off 
#################################################################################
Calculate delays in BcWc mode...
Start delay calculation (fullDC) (1 T). (MEM=2224.07)
*** Calculating scaling factor for min_timing libraries using the default operating condition of each library.
Total number of fetched objects 430
End delay calculation. (MEM=2223.4 CPU=0:00:00.0 REAL=0:00:00.0)
End delay calculation (fullDC). (MEM=2223.4 CPU=0:00:00.0 REAL=0:00:00.0)
*** Done Building Timing Graph (cpu=0:00:00.1 real=0:00:00.0 totSessionCpu=0:01:37 mem=2223.4M)
Done building cte hold timing graph (fixHold) cpu=0:00:00.3 real=0:00:00.0 totSessionCpu=0:01:37 mem=2223.4M ***
Done building hold timer [1330 node(s), 1716 edge(s), 1 view(s)] (fixHold) cpu=0:00:00.3 real=0:00:00.0 totSessionCpu=0:01:37 mem=2238.7M ***
Restoring timing graph ...
**WARN: (IMPCTE-290):	Could not locate cell INVX1 in any library for view best_case.
Type 'man IMPCTE-290' for more detail.
**WARN: (IMPCTE-290):	Could not locate cell INVX1 in any library for view best_case.
Type 'man IMPCTE-290' for more detail.
**WARN: (IMPCTE-290):	Could not locate cell INVX1 in any library for view best_case.
Type 'man IMPCTE-290' for more detail.
**WARN: (IMPCTE-290):	Could not locate cell INVX1 in any library for view best_case.
Type 'man IMPCTE-290' for more detail.
**WARN: (IMPCTE-290):	Could not locate cell INVX1 in any library for view best_case.
Type 'man IMPCTE-290' for more detail.
**WARN: (IMPCTE-290):	Could not locate cell INVX1 in any library for view best_case.
Type 'man IMPCTE-290' for more detail.
**WARN: (IMPCTE-290):	Could not locate cell INVX1 in any library for view best_case.
Type 'man IMPCTE-290' for more detail.
**WARN: (IMPCTE-290):	Could not locate cell INVX1 in any library for view best_case.
Type 'man IMPCTE-290' for more detail.
**WARN: (IMPCTE-290):	Could not locate cell INVX1 in any library for view best_case.
Type 'man IMPCTE-290' for more detail.
**WARN: (IMPCTE-290):	Could not locate cell INVX1 in any library for view best_case.
Type 'man IMPCTE-290' for more detail.
**WARN: (IMPCTE-290):	Could not locate cell INVX1 in any library for view best_case.
Type 'man IMPCTE-290' for more detail.
**WARN: (IMPCTE-290):	Could not locate cell INVX1 in any library for view best_case.
Type 'man IMPCTE-290' for more detail.
**WARN: (IMPCTE-290):	Could not locate cell INVX1 in any library for view best_case.
Type 'man IMPCTE-290' for more detail.
**WARN: (IMPCTE-290):	Could not locate cell INVX1 in any library for view best_case.
Type 'man IMPCTE-290' for more detail.
**WARN: (IMPCTE-290):	Could not locate cell INVX1 in any library for view best_case.
Type 'man IMPCTE-290' for more detail.
**WARN: (IMPCTE-290):	Could not locate cell INVX1 in any library for view best_case.
Type 'man IMPCTE-290' for more detail.
**WARN: (IMPCTE-290):	Could not locate cell INVX1 in any library for view best_case.
Type 'man IMPCTE-290' for more detail.
**WARN: (IMPCTE-290):	Could not locate cell INVX1 in any library for view best_case.
Type 'man IMPCTE-290' for more detail.
**WARN: (IMPCTE-290):	Could not locate cell INVX1 in any library for view best_case.
Type 'man IMPCTE-290' for more detail.
**WARN: (IMPCTE-290):	Could not locate cell INVX1 in any library for view best_case.
Type 'man IMPCTE-290' for more detail.
**WARN: (EMS-27):	Message (IMPCTE-290) has exceeded the current message display limit of 20.
To increase the message display limit, refer to the product command reference manual.
AAE_INFO: Resetting and re-constructing cache for AAE clocks ...
Done restore timing graph
Done building cte setup timing graph (fixHold) cpu=0:00:00.5 real=0:00:00.0 totSessionCpu=0:01:37 mem=2259.2M ***

*Info: minBufDelay = 99.6 ps, libStdDelay = 36.0 ps, minBufSize = 18165600 (6.0)
*Info: worst delay setup view: worst_case

------------------------------------------------------------------
     Hold Opt Initial Summary
------------------------------------------------------------------

Setup views included:
 worst_case
Hold views included:
 best_case

+--------------------+---------+---------+---------+
|     Setup mode     |   all   | reg2reg | default |
+--------------------+---------+---------+---------+
|           WNS (ns):|  5.820  |  5.820  |  6.940  |
|           TNS (ns):|  0.000  |  0.000  |  0.000  |
|    Violating Paths:|    0    |    0    |    0    |
|          All Paths:|   102   |   67    |   52    |
+--------------------+---------+---------+---------+

+--------------------+---------+---------+---------+
|     Hold mode      |   all   | reg2reg | default |
+--------------------+---------+---------+---------+
|           WNS (ns):| -0.213  | -0.213  |  1.730  |
|           TNS (ns):| -2.673  | -2.673  |  0.000  |
|    Violating Paths:|   35    |   35    |    0    |
|          All Paths:|   102   |   67    |   52    |
+--------------------+---------+---------+---------+

+----------------+-------------------------------+------------------+
|                |              Real             |       Total      |
|    DRVs        +------------------+------------+------------------|
|                |  Nr nets(terms)  | Worst Vio  |  Nr nets(terms)  |
+----------------+------------------+------------+------------------+
|   max_cap      |      0 (0)       |   0.000    |      0 (0)       |
|   max_tran     |      0 (0)       |   0.000    |      0 (0)       |
|   max_fanout   |      0 (0)       |     0      |      0 (0)       |
|   max_length   |      0 (0)       |     0      |      0 (0)       |
+----------------+------------------+------------+------------------+

Density: 95.285%
Routing Overflow: 0.00% H and 0.00% V
------------------------------------------------------------------
**optDesign ... cpu = 0:00:02, real = 0:00:02, mem = 1942.7M, totSessionCpu=0:01:38 **
*** BuildHoldData #1 [finish] (optDesign #3) : cpu/real = 0:00:01.0/0:00:01.0 (1.0), totSession cpu/real = 0:01:37.9/0:14:41.7 (0.1), mem = 2214.3M
*** HoldOpt #1 [begin] (optDesign #3) : totSession cpu/real = 0:01:37.9/0:14:41.7 (0.1), mem = 2214.3M
*info: Run optDesign holdfix with 1 thread.
Info: 0 don't touch net , 1 undriven net  excluded from IPO operation.
Info: 1 clock net  excluded from IPO operation.
Info: Done creating the CCOpt slew target map.

*** Starting Core Fixing (fixHold) cpu=0:00:01.0 real=0:00:01.0 totSessionCpu=0:01:38 mem=2395.9M density=95.285% ***

Phase I ......
Executing transform: ECO Safe Resize
+----+--------+---------+--------+-----------+----------------+---------+------------+---------+
|Iter|  WNS   |  TNS    |  #VP   |  #Buffer  |  #Resize(F/F)  | Density |    Real    |   Mem   |
+----+--------+---------+--------+-----------+----------------+---------+------------+---------+
**Info: Stopping hold fixing due to density exceeding max design density 95.000%
|   0|  -0.213|    -2.67|      35|          0|       0(     0)|   95.29%|   0:00:00.0|  2395.9M|
+----+--------+---------+--------+-----------+----------------+---------+------------+---------+
Executing transform: AddBuffer + LegalResize
+----+--------+---------+--------+-----------+----------------+---------+------------+---------+
|Iter|  WNS   |  TNS    |  #VP   |  #Buffer  |  #Resize(F/F)  | Density |    Real    |   Mem   |
+----+--------+---------+--------+-----------+----------------+---------+------------+---------+
**Info: Stopping hold fixing due to density exceeding max design density 95.000%
|   0|  -0.213|    -2.67|      35|          0|       0(     0)|   95.29%|   0:00:00.0|  2395.9M|
+----+--------+---------+--------+-----------+----------------+---------+------------+---------+


=======================================================================
                Reasons for remaining hold violations
=======================================================================
*info: Total 171 net(s) have violated hold timing slacks.

Buffering failure reasons
------------------------------------------------

Resizing failure reasons
------------------------------------------------


*** Finished Core Fixing (fixHold) cpu=0:00:01.0 real=0:00:01.0 totSessionCpu=0:01:38 mem=2395.9M density=95.285% ***


*** Finish Post CTS Hold Fixing (cpu=0:00:01.0 real=0:00:01.0 totSessionCpu=0:01:38 mem=2395.9M density=95.285%) ***
**INFO: total 380 insts, 380 nets marked don't touch
**INFO: total 380 insts, 380 nets marked don't touch DB property
**INFO: total 380 insts, 380 nets unmarked don't touch

*** HoldOpt #1 [finish] (optDesign #3) : cpu/real = 0:00:00.1/0:00:00.1 (1.0), totSession cpu/real = 0:01:38.0/0:14:41.8 (0.1), mem = 2300.8M

Active setup views:
 worst_case
  Dominating endpoints: 0
  Dominating TNS: -0.000

[NR-eGR] Started Early Global Route kernel ( Curr Mem: 2338.93 MB )
[NR-eGR] Track table information for default rule: 
[NR-eGR] Metal1 has single uniform track structure
[NR-eGR] Metal2 has single uniform track structure
[NR-eGR] Metal3 has single uniform track structure
[NR-eGR] Metal4 has single uniform track structure
[NR-eGR] Metal5 has single uniform track structure
[NR-eGR] Metal6 has single uniform track structure
[NR-eGR] Metal7 has single uniform track structure
[NR-eGR] Metal8 has single uniform track structure
[NR-eGR] Metal9 has single uniform track structure
[NR-eGR] Read 224 PG shapes
[NR-eGR] Read 0 clock shapes
[NR-eGR] Read 0 other shapes
[NR-eGR] #Routing Blockages  : 0
[NR-eGR] #Instance Blockages : 0
[NR-eGR] #PG Blockages       : 224
[NR-eGR] #Halo Blockages     : 0
[NR-eGR] #Boundary Blockages : 0
[NR-eGR] #Clock Blockages    : 0
[NR-eGR] #Other Blockages    : 0
[NR-eGR] Num Prerouted Nets = 0  Num Prerouted Wires = 0
[NR-eGR] Read 431 nets ( ignored 0 )
[NR-eGR] There are 1 clock nets ( 0 with NDR ).
[NR-eGR] ============ Routing rule table ============
[NR-eGR] Rule id: 0  Nets: 431
[NR-eGR] ========================================
[NR-eGR] 
[NR-eGR] Layer group 1: route 431 net(s) in layer range [2, 9]
[NR-eGR] Early Global Route overflow of layer group 1: 0.00% H + 0.00% V. EstWL: 6.407550e+03um
[NR-eGR] Congestion Analysis By layer: (blocked Gcells are excluded) 
[NR-eGR]                        OverCon            
[NR-eGR]                         #Gcell     %Gcell
[NR-eGR]        Layer             (1-0)    OverCon
[NR-eGR] ----------------------------------------------
[NR-eGR]  Metal1 ( 1)         0( 0.00%)   ( 0.00%) 
[NR-eGR]  Metal2 ( 2)         0( 0.00%)   ( 0.00%) 
[NR-eGR]  Metal3 ( 3)         0( 0.00%)   ( 0.00%) 
[NR-eGR]  Metal4 ( 4)         0( 0.00%)   ( 0.00%) 
[NR-eGR]  Metal5 ( 5)         0( 0.00%)   ( 0.00%) 
[NR-eGR]  Metal6 ( 6)         0( 0.00%)   ( 0.00%) 
[NR-eGR]  Metal7 ( 7)         0( 0.00%)   ( 0.00%) 
[NR-eGR]  Metal8 ( 8)         0( 0.00%)   ( 0.00%) 
[NR-eGR]  Metal9 ( 9)         0( 0.00%)   ( 0.00%) 
[NR-eGR] ----------------------------------------------
[NR-eGR]        Total         0( 0.00%)   ( 0.00%) 
[NR-eGR] 
[NR-eGR] Overflow after Early Global Route 0.00% H + 0.00% V
[NR-eGR] Finished Early Global Route kernel ( CPU: 0.01 sec, Real: 0.01 sec, Curr Mem: 2338.93 MB )
[hotspot] +------------+---------------+---------------+
[hotspot] |            |   max hotspot | total hotspot |
[hotspot] +------------+---------------+---------------+
[hotspot] | normalized |          0.00 |          0.00 |
[hotspot] +------------+---------------+---------------+
Local HotSpot Analysis: normalized max congestion hotspot area = 0.00, normalized total congestion hotspot area = 0.00 (area is in unit of 4 std-cell row bins)
[hotspot] Hotspot report including placement blocked areas
[hotspot] +------------+---------------+---------------+
[hotspot] |            |   max hotspot | total hotspot |
[hotspot] +------------+---------------+---------------+
[hotspot] | normalized |          0.00 |          0.00 |
[hotspot] +------------+---------------+---------------+
Local HotSpot Analysis (blockage included): normalized max congestion hotspot area = 0.00, normalized total congestion hotspot area = 0.00 (area is in unit of 4 std-cell row bins)
Reported timing to dir ./timingReports
**optDesign ... cpu = 0:00:02, real = 0:00:02, mem = 2031.0M, totSessionCpu=0:01:38 **
Saving timing graph ...
Done save timing graph
Starting delay calculation for Hold views
AAE_INFO: opIsDesignInPostRouteState() is 0
#################################################################################
# Design Stage: PreRoute
# Design Name: alarm_clock_top
# Design Mode: 90nm
# Analysis Mode: MMMC Non-OCV 
# Parasitics Mode: No SPEF/RCDB 
# Signoff Settings: SI Off 
#################################################################################
Calculate delays in BcWc mode...
Start delay calculation (fullDC) (1 T). (MEM=2319.94)
*** Calculating scaling factor for min_timing libraries using the default operating condition of each library.
Total number of fetched objects 430
End delay calculation. (MEM=2319.27 CPU=0:00:00.0 REAL=0:00:00.0)
End delay calculation (fullDC). (MEM=2319.27 CPU=0:00:00.0 REAL=0:00:00.0)
*** Done Building Timing Graph (cpu=0:00:00.1 real=0:00:00.0 totSessionCpu=0:01:38 mem=2319.3M)
Restoring timing graph ...
AAE_INFO: Resetting and re-constructing cache for AAE clocks ...
Done restore timing graph

------------------------------------------------------------------
     optDesign Final Summary
------------------------------------------------------------------

Setup views included:
 worst_case 
Hold views included:
 best_case

+--------------------+---------+---------+---------+
|     Setup mode     |   all   | reg2reg | default |
+--------------------+---------+---------+---------+
|           WNS (ns):|  5.820  |  5.820  |  6.940  |
|           TNS (ns):|  0.000  |  0.000  |  0.000  |
|    Violating Paths:|    0    |    0    |    0    |
|          All Paths:|   102   |   67    |   52    |
+--------------------+---------+---------+---------+

+--------------------+---------+---------+---------+
|     Hold mode      |   all   | reg2reg | default |
+--------------------+---------+---------+---------+
|           WNS (ns):| -0.213  | -0.213  |  1.730  |
|           TNS (ns):| -2.673  | -2.673  |  0.000  |
|    Violating Paths:|   35    |   35    |    0    |
|          All Paths:|   102   |   67    |   52    |
+--------------------+---------+---------+---------+

+----------------+-------------------------------+------------------+
|                |              Real             |       Total      |
|    DRVs        +------------------+------------+------------------|
|                |  Nr nets(terms)  | Worst Vio  |  Nr nets(terms)  |
+----------------+------------------+------------+------------------+
|   max_cap      |      0 (0)       |   0.000    |      0 (0)       |
|   max_tran     |      0 (0)       |   0.000    |      0 (0)       |
|   max_fanout   |      0 (0)       |     0      |      0 (0)       |
|   max_length   |      0 (0)       |     0      |      0 (0)       |
+----------------+------------------+------------+------------------+

Density: 95.285%
Routing Overflow: 0.00% H and 0.00% V
------------------------------------------------------------------
**optDesign ... cpu = 0:00:03, real = 0:00:03, mem = 2064.3M, totSessionCpu=0:01:39 **
*** Finished optDesign ***
Info: Destroy the CCOpt slew target map.
*** optDesign #3 [finish] : cpu/real = 0:00:02.6/0:00:03.1 (0.8), totSession cpu/real = 0:01:38.6/0:14:43.0 (0.1), mem = 2327.3M
<CMD> setOptMode -fixCap true -fixTran true -fixFanoutLoad true
<CMD> optDesign -postCTS -hold
**optDesign ... cpu = 0:00:00, real = 0:00:00, mem = 1978.9M, totSessionCpu=0:01:39 **
*** optDesign #4 [begin] : totSession cpu/real = 0:01:38.8/0:14:45.1 (0.1), mem = 2250.3M
GigaOpt running with 1 threads.
*** InitOpt #1 [begin] (optDesign #4) : totSession cpu/real = 0:01:38.8/0:14:45.1 (0.1), mem = 2250.3M
**INFO: User settings:
setExtractRCMode -engine                            preRoute
setUsefulSkewMode -ecoRoute                         false
setUsefulSkewMode -maxAllowedDelay                  1
setUsefulSkewMode -noBoundary                       false
setDelayCalMode -enable_high_fanout                 true
setDelayCalMode -engine                             aae
setDelayCalMode -ignoreNetLoad                      false
setDelayCalMode -socv_accuracy_mode                 low
setOptMode -activeHoldViews                         { best_case }
setOptMode -activeSetupViews                        { worst_case }
setOptMode -autoHoldViews                           { best_case}
setOptMode -autoSetupViews                          { worst_case}
setOptMode -autoTDGRSetupViews                      { worst_case}
setOptMode -autoViewHoldTargetSlack                 0
setOptMode -drcMargin                               0
setOptMode -fixCap                                  true
setOptMode -fixDrc                                  true
setOptMode -fixFanoutLoad                           true
setOptMode -fixTran                                 true
setOptMode -optimizeFF                              true
setOptMode -preserveAllSequential                   false
setOptMode -setupTargetSlack                        0
setPlaceMode -place_design_floorplan_mode           false
setPlaceMode -place_detail_check_route              false
setPlaceMode -place_detail_preserve_routing         true
setPlaceMode -place_detail_remove_affected_routing  false
setPlaceMode -place_detail_swap_eeq_cells           false
setPlaceMode -place_global_clock_gate_aware         true
setPlaceMode -place_global_cong_effort              auto
setPlaceMode -place_global_ignore_scan              true
setPlaceMode -place_global_ignore_spare             false
setPlaceMode -place_global_module_aware_spare       false
setPlaceMode -place_global_place_io_pins            true
setPlaceMode -place_global_reorder_scan             true
setPlaceMode -powerDriven                           false
setPlaceMode -timingDriven                          true
setAnalysisMode -analysisType                       bcwc
setAnalysisMode -checkType                          setup
setAnalysisMode -clkSrcPath                         true
setAnalysisMode -clockPropagation                   sdcControl
setAnalysisMode -skew                               true
setAnalysisMode -usefulSkew                         true
setAnalysisMode -virtualIPO                         false
setRouteMode -earlyGlobalHonorMsvRouteConstraint    false
setRouteMode -earlyGlobalRoutePartitionPinGuide     true

**INFO: setDesignMode -flowEffort standard -> setting 'setOptMode -allEndPoints true' for the duration of this command.
Need call spDPlaceInit before registerPrioInstLoc.
**optDesign ... cpu = 0:00:00, real = 0:00:01, mem = 1940.2M, totSessionCpu=0:01:39 **
*** optDesign -postCTS ***
DRC Margin: user margin 0.0
Hold Target Slack: user slack 0
Setup Target Slack: user slack 0;
setUsefulSkewMode -ecoRoute false
Start to check current routing status for nets...
All nets are already routed correctly.
End to check current routing status for nets (mem=2221.3M)
*** InitOpt #1 [finish] (optDesign #4) : cpu/real = 0:00:00.5/0:00:00.5 (1.0), totSession cpu/real = 0:01:39.2/0:14:45.5 (0.1), mem = 2221.3M
GigaOpt Hold Optimizer is used
Starting initialization (fixHold) cpu=0:00:00.0 real=0:00:00.0 totSessionCpu=0:01:40 mem=2229.3M ***
*** BuildHoldData #1 [begin] (optDesign #4) : totSession cpu/real = 0:01:39.6/0:14:45.9 (0.1), mem = 2229.3M
Saving timing graph ...
Done save timing graph
Starting delay calculation for Hold views
AAE_INFO: opIsDesignInPostRouteState() is 0
#################################################################################
# Design Stage: PreRoute
# Design Name: alarm_clock_top
# Design Mode: 90nm
# Analysis Mode: MMMC Non-OCV 
# Parasitics Mode: No SPEF/RCDB 
# Signoff Settings: SI Off 
#################################################################################
Calculate delays in BcWc mode...
Start delay calculation (fullDC) (1 T). (MEM=2248.3)
*** Calculating scaling factor for min_timing libraries using the default operating condition of each library.
Total number of fetched objects 430
End delay calculation. (MEM=2247.64 CPU=0:00:00.0 REAL=0:00:00.0)
End delay calculation (fullDC). (MEM=2247.64 CPU=0:00:00.0 REAL=0:00:00.0)
*** Done Building Timing Graph (cpu=0:00:00.1 real=0:00:00.0 totSessionCpu=0:01:40 mem=2247.6M)
Done building cte hold timing graph (fixHold) cpu=0:00:00.3 real=0:00:00.0 totSessionCpu=0:01:40 mem=2247.6M ***
Done building hold timer [1330 node(s), 1716 edge(s), 1 view(s)] (fixHold) cpu=0:00:00.3 real=0:00:01.0 totSessionCpu=0:01:40 mem=2262.9M ***
Restoring timing graph ...
**WARN: (IMPCTE-290):	Could not locate cell INVX1 in any library for view best_case.
Type 'man IMPCTE-290' for more detail.
**WARN: (IMPCTE-290):	Could not locate cell INVX1 in any library for view best_case.
Type 'man IMPCTE-290' for more detail.
**WARN: (IMPCTE-290):	Could not locate cell INVX1 in any library for view best_case.
Type 'man IMPCTE-290' for more detail.
**WARN: (IMPCTE-290):	Could not locate cell INVX1 in any library for view best_case.
Type 'man IMPCTE-290' for more detail.
**WARN: (IMPCTE-290):	Could not locate cell INVX1 in any library for view best_case.
Type 'man IMPCTE-290' for more detail.
**WARN: (IMPCTE-290):	Could not locate cell INVX1 in any library for view best_case.
Type 'man IMPCTE-290' for more detail.
**WARN: (IMPCTE-290):	Could not locate cell INVX1 in any library for view best_case.
Type 'man IMPCTE-290' for more detail.
**WARN: (IMPCTE-290):	Could not locate cell INVX1 in any library for view best_case.
Type 'man IMPCTE-290' for more detail.
**WARN: (IMPCTE-290):	Could not locate cell INVX1 in any library for view best_case.
Type 'man IMPCTE-290' for more detail.
**WARN: (IMPCTE-290):	Could not locate cell INVX1 in any library for view best_case.
Type 'man IMPCTE-290' for more detail.
**WARN: (IMPCTE-290):	Could not locate cell INVX1 in any library for view best_case.
Type 'man IMPCTE-290' for more detail.
**WARN: (IMPCTE-290):	Could not locate cell INVX1 in any library for view best_case.
Type 'man IMPCTE-290' for more detail.
**WARN: (IMPCTE-290):	Could not locate cell INVX1 in any library for view best_case.
Type 'man IMPCTE-290' for more detail.
**WARN: (IMPCTE-290):	Could not locate cell INVX1 in any library for view best_case.
Type 'man IMPCTE-290' for more detail.
**WARN: (IMPCTE-290):	Could not locate cell INVX1 in any library for view best_case.
Type 'man IMPCTE-290' for more detail.
**WARN: (IMPCTE-290):	Could not locate cell INVX1 in any library for view best_case.
Type 'man IMPCTE-290' for more detail.
**WARN: (IMPCTE-290):	Could not locate cell INVX1 in any library for view best_case.
Type 'man IMPCTE-290' for more detail.
**WARN: (IMPCTE-290):	Could not locate cell INVX1 in any library for view best_case.
Type 'man IMPCTE-290' for more detail.
**WARN: (IMPCTE-290):	Could not locate cell INVX1 in any library for view best_case.
Type 'man IMPCTE-290' for more detail.
**WARN: (IMPCTE-290):	Could not locate cell INVX1 in any library for view best_case.
Type 'man IMPCTE-290' for more detail.
**WARN: (EMS-27):	Message (IMPCTE-290) has exceeded the current message display limit of 20.
To increase the message display limit, refer to the product command reference manual.
AAE_INFO: Resetting and re-constructing cache for AAE clocks ...
Done restore timing graph
Done building cte setup timing graph (fixHold) cpu=0:00:00.5 real=0:00:01.0 totSessionCpu=0:01:40 mem=2297.4M ***

*Info: minBufDelay = 99.6 ps, libStdDelay = 36.0 ps, minBufSize = 18165600 (6.0)
*Info: worst delay setup view: worst_case

------------------------------------------------------------------
     Hold Opt Initial Summary
------------------------------------------------------------------

Setup views included:
 worst_case
Hold views included:
 best_case

+--------------------+---------+---------+---------+
|     Setup mode     |   all   | reg2reg | default |
+--------------------+---------+---------+---------+
|           WNS (ns):|  5.820  |  5.820  |  6.940  |
|           TNS (ns):|  0.000  |  0.000  |  0.000  |
|    Violating Paths:|    0    |    0    |    0    |
|          All Paths:|   102   |   67    |   52    |
+--------------------+---------+---------+---------+

+--------------------+---------+---------+---------+
|     Hold mode      |   all   | reg2reg | default |
+--------------------+---------+---------+---------+
|           WNS (ns):| -0.213  | -0.213  |  1.730  |
|           TNS (ns):| -2.673  | -2.673  |  0.000  |
|    Violating Paths:|   35    |   35    |    0    |
|          All Paths:|   102   |   67    |   52    |
+--------------------+---------+---------+---------+

+----------------+-------------------------------+------------------+
|                |              Real             |       Total      |
|    DRVs        +------------------+------------+------------------|
|                |  Nr nets(terms)  | Worst Vio  |  Nr nets(terms)  |
+----------------+------------------+------------+------------------+
|   max_cap      |      0 (0)       |   0.000    |      0 (0)       |
|   max_tran     |      0 (0)       |   0.000    |      0 (0)       |
|   max_fanout   |      0 (0)       |     0      |      0 (0)       |
|   max_length   |      0 (0)       |     0      |      0 (0)       |
+----------------+------------------+------------+------------------+

Density: 95.285%
Routing Overflow: 0.00% H and 0.00% V
------------------------------------------------------------------
**optDesign ... cpu = 0:00:02, real = 0:00:02, mem = 1947.4M, totSessionCpu=0:01:41 **
*** BuildHoldData #1 [finish] (optDesign #4) : cpu/real = 0:00:01.0/0:00:01.0 (1.0), totSession cpu/real = 0:01:40.6/0:14:46.9 (0.1), mem = 2227.5M
*** HoldOpt #1 [begin] (optDesign #4) : totSession cpu/real = 0:01:40.6/0:14:46.9 (0.1), mem = 2227.5M
*info: Run optDesign holdfix with 1 thread.
Info: 0 don't touch net , 1 undriven net  excluded from IPO operation.
Info: 1 clock net  excluded from IPO operation.
Info: Done creating the CCOpt slew target map.

*** Starting Core Fixing (fixHold) cpu=0:00:01.0 real=0:00:01.0 totSessionCpu=0:01:41 mem=2406.0M density=95.285% ***

Phase I ......
Executing transform: ECO Safe Resize
+----+--------+---------+--------+-----------+----------------+---------+------------+---------+
|Iter|  WNS   |  TNS    |  #VP   |  #Buffer  |  #Resize(F/F)  | Density |    Real    |   Mem   |
+----+--------+---------+--------+-----------+----------------+---------+------------+---------+
**Info: Stopping hold fixing due to density exceeding max design density 95.000%
|   0|  -0.213|    -2.67|      35|          0|       0(     0)|   95.29%|   0:00:00.0|  2406.0M|
+----+--------+---------+--------+-----------+----------------+---------+------------+---------+
Executing transform: AddBuffer + LegalResize
+----+--------+---------+--------+-----------+----------------+---------+------------+---------+
|Iter|  WNS   |  TNS    |  #VP   |  #Buffer  |  #Resize(F/F)  | Density |    Real    |   Mem   |
+----+--------+---------+--------+-----------+----------------+---------+------------+---------+
**Info: Stopping hold fixing due to density exceeding max design density 95.000%
|   0|  -0.213|    -2.67|      35|          0|       0(     0)|   95.29%|   0:00:00.0|  2406.0M|
+----+--------+---------+--------+-----------+----------------+---------+------------+---------+


=======================================================================
                Reasons for remaining hold violations
=======================================================================
*info: Total 171 net(s) have violated hold timing slacks.

Buffering failure reasons
------------------------------------------------

Resizing failure reasons
------------------------------------------------


*** Finished Core Fixing (fixHold) cpu=0:00:01.1 real=0:00:01.0 totSessionCpu=0:01:41 mem=2406.0M density=95.285% ***


*** Finish Post CTS Hold Fixing (cpu=0:00:01.1 real=0:00:01.0 totSessionCpu=0:01:41 mem=2406.0M density=95.285%) ***
**INFO: total 380 insts, 380 nets marked don't touch
**INFO: total 380 insts, 380 nets marked don't touch DB property
**INFO: total 380 insts, 380 nets unmarked don't touch

*** HoldOpt #1 [finish] (optDesign #4) : cpu/real = 0:00:00.1/0:00:00.1 (1.0), totSession cpu/real = 0:01:40.7/0:14:47.0 (0.1), mem = 2310.9M

Active setup views:
 worst_case
  Dominating endpoints: 0
  Dominating TNS: -0.000

[NR-eGR] Started Early Global Route kernel ( Curr Mem: 2349.04 MB )
[NR-eGR] Track table information for default rule: 
[NR-eGR] Metal1 has single uniform track structure
[NR-eGR] Metal2 has single uniform track structure
[NR-eGR] Metal3 has single uniform track structure
[NR-eGR] Metal4 has single uniform track structure
[NR-eGR] Metal5 has single uniform track structure
[NR-eGR] Metal6 has single uniform track structure
[NR-eGR] Metal7 has single uniform track structure
[NR-eGR] Metal8 has single uniform track structure
[NR-eGR] Metal9 has single uniform track structure
[NR-eGR] Read 224 PG shapes
[NR-eGR] Read 0 clock shapes
[NR-eGR] Read 0 other shapes
[NR-eGR] #Routing Blockages  : 0
[NR-eGR] #Instance Blockages : 0
[NR-eGR] #PG Blockages       : 224
[NR-eGR] #Halo Blockages     : 0
[NR-eGR] #Boundary Blockages : 0
[NR-eGR] #Clock Blockages    : 0
[NR-eGR] #Other Blockages    : 0
[NR-eGR] Num Prerouted Nets = 0  Num Prerouted Wires = 0
[NR-eGR] Read 431 nets ( ignored 0 )
[NR-eGR] There are 1 clock nets ( 0 with NDR ).
[NR-eGR] ============ Routing rule table ============
[NR-eGR] Rule id: 0  Nets: 431
[NR-eGR] ========================================
[NR-eGR] 
[NR-eGR] Layer group 1: route 431 net(s) in layer range [2, 9]
[NR-eGR] Early Global Route overflow of layer group 1: 0.00% H + 0.00% V. EstWL: 6.407550e+03um
[NR-eGR] Congestion Analysis By layer: (blocked Gcells are excluded) 
[NR-eGR]                        OverCon            
[NR-eGR]                         #Gcell     %Gcell
[NR-eGR]        Layer             (1-0)    OverCon
[NR-eGR] ----------------------------------------------
[NR-eGR]  Metal1 ( 1)         0( 0.00%)   ( 0.00%) 
[NR-eGR]  Metal2 ( 2)         0( 0.00%)   ( 0.00%) 
[NR-eGR]  Metal3 ( 3)         0( 0.00%)   ( 0.00%) 
[NR-eGR]  Metal4 ( 4)         0( 0.00%)   ( 0.00%) 
[NR-eGR]  Metal5 ( 5)         0( 0.00%)   ( 0.00%) 
[NR-eGR]  Metal6 ( 6)         0( 0.00%)   ( 0.00%) 
[NR-eGR]  Metal7 ( 7)         0( 0.00%)   ( 0.00%) 
[NR-eGR]  Metal8 ( 8)         0( 0.00%)   ( 0.00%) 
[NR-eGR]  Metal9 ( 9)         0( 0.00%)   ( 0.00%) 
[NR-eGR] ----------------------------------------------
[NR-eGR]        Total         0( 0.00%)   ( 0.00%) 
[NR-eGR] 
[NR-eGR] Overflow after Early Global Route 0.00% H + 0.00% V
[NR-eGR] Finished Early Global Route kernel ( CPU: 0.01 sec, Real: 0.01 sec, Curr Mem: 2349.04 MB )
[hotspot] +------------+---------------+---------------+
[hotspot] |            |   max hotspot | total hotspot |
[hotspot] +------------+---------------+---------------+
[hotspot] | normalized |          0.00 |          0.00 |
[hotspot] +------------+---------------+---------------+
Local HotSpot Analysis: normalized max congestion hotspot area = 0.00, normalized total congestion hotspot area = 0.00 (area is in unit of 4 std-cell row bins)
[hotspot] Hotspot report including placement blocked areas
[hotspot] +------------+---------------+---------------+
[hotspot] |            |   max hotspot | total hotspot |
[hotspot] +------------+---------------+---------------+
[hotspot] | normalized |          0.00 |          0.00 |
[hotspot] +------------+---------------+---------------+
Local HotSpot Analysis (blockage included): normalized max congestion hotspot area = 0.00, normalized total congestion hotspot area = 0.00 (area is in unit of 4 std-cell row bins)
Reported timing to dir ./timingReports
**optDesign ... cpu = 0:00:02, real = 0:00:02, mem = 2035.8M, totSessionCpu=0:01:41 **
Saving timing graph ...
Done save timing graph
Starting delay calculation for Hold views
AAE_INFO: opIsDesignInPostRouteState() is 0
#################################################################################
# Design Stage: PreRoute
# Design Name: alarm_clock_top
# Design Mode: 90nm
# Analysis Mode: MMMC Non-OCV 
# Parasitics Mode: No SPEF/RCDB 
# Signoff Settings: SI Off 
#################################################################################
Calculate delays in BcWc mode...
Start delay calculation (fullDC) (1 T). (MEM=2330.05)
*** Calculating scaling factor for min_timing libraries using the default operating condition of each library.
Total number of fetched objects 430
End delay calculation. (MEM=2329.38 CPU=0:00:00.0 REAL=0:00:00.0)
End delay calculation (fullDC). (MEM=2329.38 CPU=0:00:00.0 REAL=0:00:00.0)
*** Done Building Timing Graph (cpu=0:00:00.1 real=0:00:01.0 totSessionCpu=0:01:41 mem=2329.4M)
Restoring timing graph ...
AAE_INFO: Resetting and re-constructing cache for AAE clocks ...
Done restore timing graph

------------------------------------------------------------------
     optDesign Final Summary
------------------------------------------------------------------

Setup views included:
 worst_case 
Hold views included:
 best_case

+--------------------+---------+---------+---------+
|     Setup mode     |   all   | reg2reg | default |
+--------------------+---------+---------+---------+
|           WNS (ns):|  5.820  |  5.820  |  6.940  |
|           TNS (ns):|  0.000  |  0.000  |  0.000  |
|    Violating Paths:|    0    |    0    |    0    |
|          All Paths:|   102   |   67    |   52    |
+--------------------+---------+---------+---------+

+--------------------+---------+---------+---------+
|     Hold mode      |   all   | reg2reg | default |
+--------------------+---------+---------+---------+
|           WNS (ns):| -0.213  | -0.213  |  1.730  |
|           TNS (ns):| -2.673  | -2.673  |  0.000  |
|    Violating Paths:|   35    |   35    |    0    |
|          All Paths:|   102   |   67    |   52    |
+--------------------+---------+---------+---------+

+----------------+-------------------------------+------------------+
|                |              Real             |       Total      |
|    DRVs        +------------------+------------+------------------|
|                |  Nr nets(terms)  | Worst Vio  |  Nr nets(terms)  |
+----------------+------------------+------------+------------------+
|   max_cap      |      0 (0)       |   0.000    |      0 (0)       |
|   max_tran     |      0 (0)       |   0.000    |      0 (0)       |
|   max_fanout   |      0 (0)       |     0      |      0 (0)       |
|   max_length   |      0 (0)       |     0      |      0 (0)       |
+----------------+------------------+------------+------------------+

Density: 95.285%
Routing Overflow: 0.00% H and 0.00% V
------------------------------------------------------------------
**optDesign ... cpu = 0:00:03, real = 0:00:03, mem = 2074.1M, totSessionCpu=0:01:41 **
*** Finished optDesign ***
Info: Destroy the CCOpt slew target map.
*** optDesign #4 [finish] : cpu/real = 0:00:02.6/0:00:03.3 (0.8), totSession cpu/real = 0:01:41.4/0:14:48.4 (0.1), mem = 2335.9M
<CMD> redirect -quiet {set honorDomain [getAnalysisMode -honorClockDomains]} > /dev/null
<CMD> timeDesign -postCTS -hold -pathReports -slackReports -numPaths 50 -prefix alarm_clock_top_postCTS -outDir timingReports
*** timeDesign #5 [begin] : totSession cpu/real = 0:01:42.0/0:14:56.7 (0.1), mem = 2335.9M
Start to check current routing status for nets...
All nets are already routed correctly.
End to check current routing status for nets (mem=2249.4M)
Starting delay calculation for Hold views
AAE_INFO: opIsDesignInPostRouteState() is 0
#################################################################################
# Design Stage: PreRoute
# Design Name: alarm_clock_top
# Design Mode: 90nm
# Analysis Mode: MMMC Non-OCV 
# Parasitics Mode: No SPEF/RCDB 
# Signoff Settings: SI Off 
#################################################################################
Calculate delays in BcWc mode...
Start delay calculation (fullDC) (1 T). (MEM=2255.38)
*** Calculating scaling factor for min_timing libraries using the default operating condition of each library.
Total number of fetched objects 430
End delay calculation. (MEM=2289.79 CPU=0:00:00.0 REAL=0:00:00.0)
End delay calculation (fullDC). (MEM=2289.79 CPU=0:00:00.0 REAL=0:00:00.0)
*** Done Building Timing Graph (cpu=0:00:00.1 real=0:00:00.0 totSessionCpu=0:01:42 mem=2289.8M)

------------------------------------------------------------------
          timeDesign Summary
------------------------------------------------------------------

Hold views included:
 best_case 

+--------------------+---------+---------+---------+
|     Hold mode      |   all   | reg2reg | default |
+--------------------+---------+---------+---------+
|           WNS (ns):| -0.213  | -0.213  |  1.730  |
|           TNS (ns):| -2.673  | -2.673  |  0.000  |
|    Violating Paths:|   35    |   35    |    0    |
|          All Paths:|   102   |   67    |   52    |
+--------------------+---------+---------+---------+

Density: 95.285%
Routing Overflow: 0.00% H and 0.00% V
------------------------------------------------------------------
Reported timing to dir timingReports
Total CPU time: 0.27 sec
Total Real time: 0.0 sec
Total Memory Usage: 2189.269531 Mbytes
*** timeDesign #5 [finish] : cpu/real = 0:00:00.3/0:00:00.3 (1.0), totSession cpu/real = 0:01:42.3/0:14:57.0 (0.1), mem = 2189.3M
<CMD> redirect -quiet {set honorDomain [getAnalysisMode -honorClockDomains]} > /dev/null
<CMD> timeDesign -postCTS -hold -pathReports -slackReports -numPaths 100 -prefix alarm_clock_top_postCTS -outDir timingReports
*** timeDesign #6 [begin] : totSession cpu/real = 0:01:43.0/0:15:06.9 (0.1), mem = 2189.3M
Start to check current routing status for nets...
All nets are already routed correctly.
End to check current routing status for nets (mem=2189.3M)
Starting delay calculation for Hold views
AAE_INFO: opIsDesignInPostRouteState() is 0
#################################################################################
# Design Stage: PreRoute
# Design Name: alarm_clock_top
# Design Mode: 90nm
# Analysis Mode: MMMC Non-OCV 
# Parasitics Mode: No SPEF/RCDB 
# Signoff Settings: SI Off 
#################################################################################
Calculate delays in BcWc mode...
Start delay calculation (fullDC) (1 T). (MEM=2195.29)
*** Calculating scaling factor for min_timing libraries using the default operating condition of each library.
Total number of fetched objects 430
End delay calculation. (MEM=2254.5 CPU=0:00:00.0 REAL=0:00:00.0)
End delay calculation (fullDC). (MEM=2254.5 CPU=0:00:00.0 REAL=0:00:00.0)
*** Done Building Timing Graph (cpu=0:00:00.1 real=0:00:00.0 totSessionCpu=0:01:43 mem=2254.5M)

------------------------------------------------------------------
          timeDesign Summary
------------------------------------------------------------------

Hold views included:
 best_case 

+--------------------+---------+---------+---------+
|     Hold mode      |   all   | reg2reg | default |
+--------------------+---------+---------+---------+
|           WNS (ns):| -0.213  | -0.213  |  1.730  |
|           TNS (ns):| -2.673  | -2.673  |  0.000  |
|    Violating Paths:|   35    |   35    |    0    |
|          All Paths:|   102   |   67    |   52    |
+--------------------+---------+---------+---------+

Density: 95.285%
Routing Overflow: 0.00% H and 0.00% V
------------------------------------------------------------------
Reported timing to dir timingReports
Total CPU time: 0.25 sec
Total Real time: 0.0 sec
Total Memory Usage: 2189.988281 Mbytes
*** timeDesign #6 [finish] : cpu/real = 0:00:00.3/0:00:00.3 (1.0), totSession cpu/real = 0:01:43.2/0:15:07.1 (0.1), mem = 2190.0M
<CMD> redirect -quiet {set honorDomain [getAnalysisMode -honorClockDomains]} > /dev/null
<CMD> timeDesign -postCTS -hold -pathReports -slackReports -numPaths 100 -prefix alarm_clock_top_postCTS -outDir timingReports
*** timeDesign #7 [begin] : totSession cpu/real = 0:01:43.8/0:15:15.9 (0.1), mem = 2190.0M
Start to check current routing status for nets...
All nets are already routed correctly.
End to check current routing status for nets (mem=2190.0M)
Starting delay calculation for Hold views
AAE_INFO: opIsDesignInPostRouteState() is 0
#################################################################################
# Design Stage: PreRoute
# Design Name: alarm_clock_top
# Design Mode: 90nm
# Analysis Mode: MMMC Non-OCV 
# Parasitics Mode: No SPEF/RCDB 
# Signoff Settings: SI Off 
#################################################################################
Calculate delays in BcWc mode...
Start delay calculation (fullDC) (1 T). (MEM=2196.01)
*** Calculating scaling factor for min_timing libraries using the default operating condition of each library.
Total number of fetched objects 430
End delay calculation. (MEM=2255.22 CPU=0:00:00.0 REAL=0:00:00.0)
End delay calculation (fullDC). (MEM=2255.22 CPU=0:00:00.0 REAL=0:00:00.0)
*** Done Building Timing Graph (cpu=0:00:00.1 real=0:00:00.0 totSessionCpu=0:01:44 mem=2255.2M)

------------------------------------------------------------------
          timeDesign Summary
------------------------------------------------------------------

Hold views included:
 best_case 

+--------------------+---------+---------+---------+
|     Hold mode      |   all   | reg2reg | default |
+--------------------+---------+---------+---------+
|           WNS (ns):| -0.213  | -0.213  |  1.730  |
|           TNS (ns):| -2.673  | -2.673  |  0.000  |
|    Violating Paths:|   35    |   35    |    0    |
|          All Paths:|   102   |   67    |   52    |
+--------------------+---------+---------+---------+

Density: 95.285%
Routing Overflow: 0.00% H and 0.00% V
------------------------------------------------------------------
Reported timing to dir timingReports
Total CPU time: 0.25 sec
Total Real time: 0.0 sec
Total Memory Usage: 2190.707031 Mbytes
*** timeDesign #7 [finish] : cpu/real = 0:00:00.3/0:00:00.3 (1.0), totSession cpu/real = 0:01:44.1/0:15:16.2 (0.1), mem = 2190.7M
<CMD> getCTSMode -engine -quiet
<CMD> setOptMode -fixCap true -fixTran true -fixFanoutLoad true
<CMD> optDesign -postCTS
**optDesign ... cpu = 0:00:00, real = 0:00:00, mem = 1916.9M, totSessionCpu=0:01:46 **
*** optDesign #5 [begin] : totSession cpu/real = 0:01:46.3/0:15:45.0 (0.1), mem = 2190.9M
GigaOpt running with 1 threads.
*** InitOpt #1 [begin] (optDesign #5) : totSession cpu/real = 0:01:46.3/0:15:45.0 (0.1), mem = 2190.9M
**INFO: User settings:
setExtractRCMode -engine                            preRoute
setUsefulSkewMode -ecoRoute                         false
setUsefulSkewMode -maxAllowedDelay                  1
setUsefulSkewMode -noBoundary                       false
setDelayCalMode -enable_high_fanout                 true
setDelayCalMode -engine                             aae
setDelayCalMode -ignoreNetLoad                      false
setDelayCalMode -socv_accuracy_mode                 low
setOptMode -activeHoldViews                         { best_case }
setOptMode -activeSetupViews                        { worst_case }
setOptMode -autoHoldViews                           { best_case}
setOptMode -autoSetupViews                          { worst_case}
setOptMode -autoTDGRSetupViews                      { worst_case}
setOptMode -autoViewHoldTargetSlack                 0
setOptMode -drcMargin                               0
setOptMode -fixCap                                  true
setOptMode -fixDrc                                  true
setOptMode -fixFanoutLoad                           true
setOptMode -fixTran                                 true
setOptMode -optimizeFF                              true
setOptMode -preserveAllSequential                   false
setOptMode -setupTargetSlack                        0
setPlaceMode -place_design_floorplan_mode           false
setPlaceMode -place_detail_check_route              false
setPlaceMode -place_detail_preserve_routing         true
setPlaceMode -place_detail_remove_affected_routing  false
setPlaceMode -place_detail_swap_eeq_cells           false
setPlaceMode -place_global_clock_gate_aware         true
setPlaceMode -place_global_cong_effort              auto
setPlaceMode -place_global_ignore_scan              true
setPlaceMode -place_global_ignore_spare             false
setPlaceMode -place_global_module_aware_spare       false
setPlaceMode -place_global_place_io_pins            true
setPlaceMode -place_global_reorder_scan             true
setPlaceMode -powerDriven                           false
setPlaceMode -timingDriven                          true
setAnalysisMode -analysisType                       bcwc
setAnalysisMode -checkType                          setup
setAnalysisMode -clkSrcPath                         true
setAnalysisMode -clockPropagation                   sdcControl
setAnalysisMode -skew                               true
setAnalysisMode -usefulSkew                         true
setAnalysisMode -virtualIPO                         false
setRouteMode -earlyGlobalHonorMsvRouteConstraint    false
setRouteMode -earlyGlobalRoutePartitionPinGuide     true

**INFO: setDesignMode -flowEffort standard -> setting 'setOptMode -allEndPoints true' for the duration of this command.
Need call spDPlaceInit before registerPrioInstLoc.
**optDesign ... cpu = 0:00:00, real = 0:00:01, mem = 1941.6M, totSessionCpu=0:01:47 **
*** optDesign -postCTS ***
DRC Margin: user margin 0.0; extra margin 0.2
Hold Target Slack: user slack 0
Setup Target Slack: user slack 0; extra slack 0.0
setUsefulSkewMode -ecoRoute false
Multi-VT timing optimization disabled based on library information.
Start to check current routing status for nets...
All nets are already routed correctly.
End to check current routing status for nets (mem=2214.9M)
Starting delay calculation for Setup views
AAE_INFO: opIsDesignInPostRouteState() is 0
#################################################################################
# Design Stage: PreRoute
# Design Name: alarm_clock_top
# Design Mode: 90nm
# Analysis Mode: MMMC Non-OCV 
# Parasitics Mode: No SPEF/RCDB 
# Signoff Settings: SI Off 
#################################################################################
Calculate delays in BcWc mode...
Start delay calculation (fullDC) (1 T). (MEM=2212.95)
*** Calculating scaling factor for max_timing libraries using the default operating condition of each library.
Total number of fetched objects 430
End delay calculation. (MEM=2253.16 CPU=0:00:00.0 REAL=0:00:00.0)
End delay calculation (fullDC). (MEM=2253.16 CPU=0:00:00.0 REAL=0:00:00.0)
*** Done Building Timing Graph (cpu=0:00:00.2 real=0:00:00.0 totSessionCpu=0:01:47 mem=2253.2M)

------------------------------------------------------------------
             Initial Summary
------------------------------------------------------------------

Setup views included:
 worst_case 

+--------------------+---------+---------+---------+
|     Setup mode     |   all   | reg2reg | default |
+--------------------+---------+---------+---------+
|           WNS (ns):|  5.820  |  5.820  |  6.940  |
|           TNS (ns):|  0.000  |  0.000  |  0.000  |
|    Violating Paths:|    0    |    0    |    0    |
|          All Paths:|   102   |   67    |   52    |
+--------------------+---------+---------+---------+

+----------------+-------------------------------+------------------+
|                |              Real             |       Total      |
|    DRVs        +------------------+------------+------------------|
|                |  Nr nets(terms)  | Worst Vio  |  Nr nets(terms)  |
+----------------+------------------+------------+------------------+
|   max_cap      |      0 (0)       |   0.000    |      0 (0)       |
|   max_tran     |      0 (0)       |   0.000    |      0 (0)       |
|   max_fanout   |      0 (0)       |     0      |      0 (0)       |
|   max_length   |      0 (0)       |     0      |      0 (0)       |
+----------------+------------------+------------+------------------+

Density: 95.285%
Routing Overflow: 0.00% H and 0.00% V
------------------------------------------------------------------
**optDesign ... cpu = 0:00:01, real = 0:00:01, mem = 1958.8M, totSessionCpu=0:01:47 **
*** InitOpt #1 [finish] (optDesign #5) : cpu/real = 0:00:00.7/0:00:00.7 (1.0), totSession cpu/real = 0:01:47.0/0:15:45.7 (0.1), mem = 2226.4M
** INFO : this run is activating low effort ccoptDesign flow
OPTC: m1 20.0 20.0
-congRepairInPostCTS false                 # bool, default=false, private
Begin: GigaOpt Route Type Constraints Refinement
*** CongRefineRouteType #1 [begin] (optDesign #5) : totSession cpu/real = 0:01:47.1/0:15:45.7 (0.1), mem = 2230.4M
Updated routing constraints on 0 nets.
Bottom Preferred Layer:
    None
Via Pillar Rule:
    None
*** CongRefineRouteType #1 [finish] (optDesign #5) : cpu/real = 0:00:00.5/0:00:00.4 (1.0), totSession cpu/real = 0:01:47.5/0:15:46.1 (0.1), mem = 2411.4M
End: GigaOpt Route Type Constraints Refinement
*** Starting optimizing excluded clock nets MEM= 2411.4M) ***
*info: There are no clock nets marked defIn, clock nets will not be optimized.
*info: No excluded clock nets to be optimized.
*** Finished optimizing excluded clock nets (CPU Time= 0:00:00.0  MEM= 2411.4M) ***
*** Starting optimizing excluded clock nets MEM= 2411.4M) ***
*info: There are no clock nets marked defIn, clock nets will not be optimized.
*info: No excluded clock nets to be optimized.
*** Finished optimizing excluded clock nets (CPU Time= 0:00:00.0  MEM= 2411.4M) ***
Info: Done creating the CCOpt slew target map.
Begin: GigaOpt high fanout net optimization
*** DrvOpt #1 [begin] (optDesign #5) : totSession cpu/real = 0:01:47.5/0:15:46.2 (0.1), mem = 2411.4M
Info: 0 don't touch net , 1 undriven net  excluded from IPO operation.
Info: 1 clock net  excluded from IPO operation.
*** DrvOpt #1 [finish] (optDesign #5) : cpu/real = 0:00:00.1/0:00:00.1 (1.0), totSession cpu/real = 0:01:47.6/0:15:46.3 (0.1), mem = 2334.4M
End: GigaOpt high fanout net optimization
Begin: GigaOpt Global Optimization
*info: use new DP (enabled)
Info: 0 don't touch net , 1 undriven net  excluded from IPO operation.
Info: 1 clock net  excluded from IPO operation.
*** GlobalOpt #1 [begin] (optDesign #5) : totSession cpu/real = 0:01:47.7/0:15:46.3 (0.1), mem = 2334.4M
*info: 1 clock net excluded
*info: 1 no-driver net excluded.
** GigaOpt Global Opt WNS Slack 0.000  TNS Slack 0.000 
+--------+--------+---------+------------+--------+----------+---------+------------------------+
|  WNS   |  TNS   | Density |    Real    |  Mem   |Worst View|Pathgroup|       End Point        |
+--------+--------+---------+------------+--------+----------+---------+------------------------+
|   0.000|   0.000|   95.29%|   0:00:00.0| 2403.6M|worst_case|       NA| NA                     |
+--------+--------+---------+------------+--------+----------+---------+------------------------+

*** Finish post-CTS Global Setup Fixing (cpu=0:00:00.0 real=0:00:00.0 mem=2403.6M) ***

*** Finish post-CTS Setup Fixing (cpu=0:00:00.0 real=0:00:00.0 mem=2403.6M) ***
Bottom Preferred Layer:
    None
Via Pillar Rule:
    None
** GigaOpt Global Opt End WNS Slack 0.000  TNS Slack 0.000 
*** GlobalOpt #1 [finish] (optDesign #5) : cpu/real = 0:00:00.6/0:00:00.6 (1.0), totSession cpu/real = 0:01:48.2/0:15:46.9 (0.1), mem = 2344.5M
End: GigaOpt Global Optimization
*** Timing Is met
*** Check timing (0:00:00.0)
Info: 0 don't touch net , 1 undriven net  excluded from IPO operation.
Info: 1 clock net  excluded from IPO operation.
Info: 0 don't touch net , 1 undriven net  excluded from IPO operation.
Info: 1 clock net  excluded from IPO operation.
Begin: Area Reclaim Optimization
*** AreaOpt #1 [begin] (optDesign #5) : totSession cpu/real = 0:01:48.3/0:15:46.9 (0.1), mem = 2399.8M
Usable buffer cells for single buffer setup transform:
CLKBUFX2 BUFX2 CLKBUFX3 BUFX3 CLKBUFX4 BUFX4 CLKBUFX6 BUFX6 CLKBUFX8 BUFX8 CLKBUFX12 BUFX12 CLKBUFX16 BUFX16 CLKBUFX20 BUFX20 
Number of usable buffer cells above: 16
Reclaim Optimization WNS Slack 0.000  TNS Slack 0.000 Density 95.29
+---------+---------+--------+--------+------------+--------+
| Density | Commits |  WNS   |  TNS   |    Real    |  Mem   |
+---------+---------+--------+--------+------------+--------+
|   95.29%|        -|   0.000|   0.000|   0:00:00.0| 2403.8M|
|   95.29%|        0|   0.000|   0.000|   0:00:00.0| 2431.4M|
+---------+---------+--------+--------+------------+--------+
Reclaim Optimization End WNS Slack 0.000  TNS Slack 0.000 Density 95.29
Bottom Preferred Layer:
    None
Via Pillar Rule:
    None

Number of times islegalLocAvaiable called = 0 skipped = 0, called in commitmove = 0, skipped in commitmove = 0
End: Core Area Reclaim Optimization (cpu = 0:00:00.6) (real = 0:00:01.0) **
*** AreaOpt #1 [finish] (optDesign #5) : cpu/real = 0:00:00.6/0:00:00.6 (1.0), totSession cpu/real = 0:01:48.8/0:15:47.5 (0.1), mem = 2431.4M
End: Area Reclaim Optimization (cpu=0:00:01, real=0:00:01, mem=2351.30M, totSessionCpu=0:01:49).
Info: 0 don't touch net , 1 undriven net  excluded from IPO operation.
Info: 1 clock net  excluded from IPO operation.
Begin: Area Reclaim Optimization
*** AreaOpt #2 [begin] (optDesign #5) : totSession cpu/real = 0:01:48.9/0:15:47.5 (0.1), mem = 2408.5M
Usable buffer cells for single buffer setup transform:
CLKBUFX2 BUFX2 CLKBUFX3 BUFX3 CLKBUFX4 BUFX4 CLKBUFX6 BUFX6 CLKBUFX8 BUFX8 CLKBUFX12 BUFX12 CLKBUFX16 BUFX16 CLKBUFX20 BUFX20 
Number of usable buffer cells above: 16
Reclaim Optimization WNS Slack 0.072  TNS Slack 0.000 Density 95.29
+---------+---------+--------+--------+------------+--------+
| Density | Commits |  WNS   |  TNS   |    Real    |  Mem   |
+---------+---------+--------+--------+------------+--------+
|   95.29%|        -|   0.072|   0.000|   0:00:00.0| 2408.5M|
|   95.29%|        0|   0.072|   0.000|   0:00:00.0| 2408.5M|
|   95.29%|        0|   0.072|   0.000|   0:00:00.0| 2408.5M|
|   70.89%|       72|   0.072|   0.000|   0:00:00.0| 2436.1M|
|   70.28%|        9|   0.072|   0.000|   0:00:00.0| 2444.1M|
|   70.28%|        0|   0.072|   0.000|   0:00:00.0| 2444.1M|
|   70.28%|        0|   0.072|   0.000|   0:00:00.0| 2444.1M|
+---------+---------+--------+--------+------------+--------+
Reclaim Optimization End WNS Slack 0.072  TNS Slack 0.000 Density 70.28
Bottom Preferred Layer:
    None
Via Pillar Rule:
    None

Number of times islegalLocAvaiable called = 28 skipped = 0, called in commitmove = 9, skipped in commitmove = 0
End: Core Area Reclaim Optimization (cpu = 0:00:00.3) (real = 0:00:00.0) **
*** Starting refinePlace (0:01:49 mem=2444.1M) ***
Total net bbox length = 3.228e+03 (1.541e+03 1.687e+03) (ext = 3.474e+02)
**WARN: (IMPSP-5140):	Global net connect rules have not been created. Added  insts would have no supply connectivity, and would fail DRC.
Type 'man IMPSP-5140' for more detail.
**WARN: (IMPSP-315):	Found 338 instances insts with no PG Term connections.
Type 'man IMPSP-315' for more detail.
Move report: Detail placement moves 0 insts, mean move: 0.00 um, max move: 0.00 um 
	Runtime: CPU: 0:00:00.0 REAL: 0:00:00.0 MEM: 2444.1MB
Summary Report:
Instances move: 0 (out of 338 movable)
Instances flipped: 0
Mean displacement: 0.00 um
Max displacement: 0.00 um 
Total net bbox length = 3.228e+03 (1.541e+03 1.687e+03) (ext = 3.474e+02)
Runtime: CPU: 0:00:00.0 REAL: 0:00:00.0 MEM: 2444.1MB
*** Finished refinePlace (0:01:49 mem=2444.1M) ***
*** maximum move = 0.00 um ***
*** Finished re-routing un-routed nets (2444.1M) ***

*** Finish Physical Update (cpu=0:00:00.0 real=0:00:00.0 mem=2444.1M) ***
*** AreaOpt #2 [finish] (optDesign #5) : cpu/real = 0:00:00.3/0:00:00.3 (1.0), totSession cpu/real = 0:01:49.1/0:15:47.8 (0.1), mem = 2444.1M
End: Area Reclaim Optimization (cpu=0:00:00, real=0:00:00, mem=2364.06M, totSessionCpu=0:01:49).
postCtsLateCongRepair #1 0
postCtsLateCongRepair #1 0
postCtsLateCongRepair #1 0
postCtsLateCongRepair #1 0
Starting local wire reclaim
*** Starting refinePlace (0:01:49 mem=2364.1M) ***
**WARN: (IMPSP-5140):	Global net connect rules have not been created. Added  insts would have no supply connectivity, and would fail DRC.
Type 'man IMPSP-5140' for more detail.
**WARN: (IMPSP-315):	Found 338 instances insts with no PG Term connections.
Type 'man IMPSP-315' for more detail.
*** Finished SKP initialization (cpu=0:00:00.0, real=0:00:00.0)***
Timing cost in AAE based: 17.2016813321024529
Move report: Detail placement moves 77 insts, mean move: 4.54 um, max move: 14.79 um 
	Max move on inst (tg/div_cnt_reg[12]): (35.96, 23.49) --> (29.00, 31.32)
	Runtime: CPU: 0:00:00.0 REAL: 0:00:00.0 MEM: 2364.1MB
Summary Report:
Instances move: 77 (out of 338 movable)
Instances flipped: 0
Mean displacement: 4.54 um
Max displacement: 14.79 um (Instance: tg/div_cnt_reg[12]) (35.96, 23.49) -> (29, 31.32)
	Length: 21 sites, height: 1 rows, site name: gsclib090site, cell type: DFFQX1
Runtime: CPU: 0:00:00.0 REAL: 0:00:00.0 MEM: 2364.1MB
*** Finished refinePlace (0:01:49 mem=2364.1M) ***
AAE_INFO: opIsDesignInPostRouteState() is 0
#################################################################################
# Design Stage: PreRoute
# Design Name: alarm_clock_top
# Design Mode: 90nm
# Analysis Mode: MMMC Non-OCV 
# Parasitics Mode: No SPEF/RCDB 
# Signoff Settings: SI Off 
#################################################################################
Calculate delays in BcWc mode...
Start delay calculation (fullDC) (1 T). (MEM=2344.55)
Total number of fetched objects 358
End delay calculation. (MEM=2372.5 CPU=0:00:00.0 REAL=0:00:00.0)
End delay calculation (fullDC). (MEM=2372.5 CPU=0:00:00.0 REAL=0:00:00.0)
eGR doReRoute: optGuide
[NR-eGR] Track table information for default rule: 
[NR-eGR] Metal1 has single uniform track structure
[NR-eGR] Metal2 has single uniform track structure
[NR-eGR] Metal3 has single uniform track structure
[NR-eGR] Metal4 has single uniform track structure
[NR-eGR] Metal5 has single uniform track structure
[NR-eGR] Metal6 has single uniform track structure
[NR-eGR] Metal7 has single uniform track structure
[NR-eGR] Metal8 has single uniform track structure
[NR-eGR] Metal9 has single uniform track structure
[NR-eGR] Read 224 PG shapes
[NR-eGR] Read 0 clock shapes
[NR-eGR] Read 0 other shapes
[NR-eGR] #Routing Blockages  : 0
[NR-eGR] #Instance Blockages : 0
[NR-eGR] #PG Blockages       : 224
[NR-eGR] #Halo Blockages     : 0
[NR-eGR] #Boundary Blockages : 0
[NR-eGR] #Clock Blockages    : 0
[NR-eGR] #Other Blockages    : 0
[NR-eGR] Num Prerouted Nets = 0  Num Prerouted Wires = 0
[NR-eGR] Read 359 nets ( ignored 0 )
[NR-eGR] There are 1 clock nets ( 0 with NDR ).
[NR-eGR] ============ Routing rule table ============
[NR-eGR] Rule id: 0  Nets: 359
[NR-eGR] ========================================
[NR-eGR] 
[NR-eGR] Layer group 1: route 359 net(s) in layer range [2, 9]
[NR-eGR] Early Global Route overflow of layer group 1: 0.00% H + 0.00% V. EstWL: 3.640950e+03um
[NR-eGR] Congestion Analysis By layer: (blocked Gcells are excluded) 
[NR-eGR]                        OverCon            
[NR-eGR]                         #Gcell     %Gcell
[NR-eGR]        Layer             (1-0)    OverCon
[NR-eGR] ----------------------------------------------
[NR-eGR]  Metal1 ( 1)         0( 0.00%)   ( 0.00%) 
[NR-eGR]  Metal2 ( 2)         0( 0.00%)   ( 0.00%) 
[NR-eGR]  Metal3 ( 3)         0( 0.00%)   ( 0.00%) 
[NR-eGR]  Metal4 ( 4)         0( 0.00%)   ( 0.00%) 
[NR-eGR]  Metal5 ( 5)         0( 0.00%)   ( 0.00%) 
[NR-eGR]  Metal6 ( 6)         0( 0.00%)   ( 0.00%) 
[NR-eGR]  Metal7 ( 7)         0( 0.00%)   ( 0.00%) 
[NR-eGR]  Metal8 ( 8)         0( 0.00%)   ( 0.00%) 
[NR-eGR]  Metal9 ( 9)         0( 0.00%)   ( 0.00%) 
[NR-eGR] ----------------------------------------------
[NR-eGR]        Total         0( 0.00%)   ( 0.00%) 
[NR-eGR] 
[NR-eGR] Overflow after Early Global Route 0.00% H + 0.00% V
[NR-eGR]                 Length (um)  Vias 
[NR-eGR] ----------------------------------
[NR-eGR]  Metal1  (1H)             0  1140 
[NR-eGR]  Metal2  (2V)          2023  1609 
[NR-eGR]  Metal3  (3H)          1854    41 
[NR-eGR]  Metal4  (4V)            91     9 
[NR-eGR]  Metal5  (5H)             2     0 
[NR-eGR]  Metal6  (6V)             0     0 
[NR-eGR]  Metal7  (7H)             0     0 
[NR-eGR]  Metal8  (8V)             0     0 
[NR-eGR]  Metal9  (9H)             0     0 
[NR-eGR] ----------------------------------
[NR-eGR]          Total         3971  2799 
[NR-eGR] --------------------------------------------------------------------------
[NR-eGR] Total half perimeter of net bounding box: 3086um
[NR-eGR] Total length: 3971um, number of vias: 2799
[NR-eGR] --------------------------------------------------------------------------
[NR-eGR] Total eGR-routed clock nets wire length: 411um, number of vias: 193
[NR-eGR] --------------------------------------------------------------------------
[NR-eGR] Finished Early Global Route kernel ( CPU: 0.03 sec, Real: 0.03 sec, Curr Mem: 2315.98 MB )
Extraction called for design 'alarm_clock_top' of instances=338 and nets=366 using extraction engine 'preRoute' .
**WARN: (IMPEXT-3530):	The process node is not set. Use the command setDesignMode -process <process node> prior to extraction for maximum accuracy and optimal automatic threshold setting.
Type 'man IMPEXT-3530' for more detail.
PreRoute RC Extraction called for design alarm_clock_top.
RC Extraction called in multi-corner(1) mode.
RCMode: PreRoute
      RC Corner Indexes            0   
Capacitance Scaling Factor   : 1.00000 
Resistance Scaling Factor    : 1.00000 
Clock Cap. Scaling Factor    : 1.00000 
Clock Res. Scaling Factor    : 1.00000 
Shrink Factor                : 1.00000
PreRoute extraction is honoring NDR/Shielding/ExtraSpace for clock nets.
Using capacitance table file ...
Updating RC grid for preRoute extraction ...
Initializing multi-corner capacitance tables ... 
Initializing multi-corner resistance tables ...
PreRoute RC Extraction DONE (CPU Time: 0:00:00.0  Real Time: 0:00:00.0  MEM: 2315.980M)
Compute RC Scale Done ...
[hotspot] +------------+---------------+---------------+
[hotspot] |            |   max hotspot | total hotspot |
[hotspot] +------------+---------------+---------------+
[hotspot] | normalized |          0.00 |          0.00 |
[hotspot] +------------+---------------+---------------+
Local HotSpot Analysis: normalized max congestion hotspot area = 0.00, normalized total congestion hotspot area = 0.00 (area is in unit of 4 std-cell row bins)
Begin: GigaOpt Route Type Constraints Refinement
*** CongRefineRouteType #2 [begin] (optDesign #5) : totSession cpu/real = 0:01:49.5/0:15:48.1 (0.1), mem = 2335.1M
Updated routing constraints on 0 nets.
Bottom Preferred Layer:
    None
Via Pillar Rule:
    None
*** CongRefineRouteType #2 [finish] (optDesign #5) : cpu/real = 0:00:00.0/0:00:00.0 (0.0), totSession cpu/real = 0:01:49.5/0:15:48.1 (0.1), mem = 2335.1M
End: GigaOpt Route Type Constraints Refinement
skip EGR on cluster skew clock nets.
AAE_INFO: opIsDesignInPostRouteState() is 0
#################################################################################
# Design Stage: PreRoute
# Design Name: alarm_clock_top
# Design Mode: 90nm
# Analysis Mode: MMMC Non-OCV 
# Parasitics Mode: No SPEF/RCDB 
# Signoff Settings: SI Off 
#################################################################################
Calculate delays in BcWc mode...
Start delay calculation (fullDC) (1 T). (MEM=2333.06)
Total number of fetched objects 358
End delay calculation. (MEM=2374.73 CPU=0:00:00.0 REAL=0:00:00.0)
End delay calculation (fullDC). (MEM=2374.73 CPU=0:00:00.0 REAL=0:00:00.0)
Begin: GigaOpt postEco DRV Optimization
*** DrvOpt #2 [begin] (optDesign #5) : totSession cpu/real = 0:01:49.6/0:15:48.3 (0.1), mem = 2374.7M
Info: 0 don't touch net , 1 undriven net  excluded from IPO operation.
Info: 1 clock net  excluded from IPO operation.
+-------------------------------------------------------------------------------------------------------------------------------------------------------+
|        max-tran       |        max-cap        |  max-fanout |  max-length |       setup       |        |        |        |       |          |         |
+-------------------------------------------------------------------------------------------------------------------------------------------------------+
| nets | terms|  wViol  | nets | terms|  wViol  | nets | terms| nets | terms|   WNS   |   TNS   |  #Buf  |  #Inv  | #Resize|Density|   Real   |   Mem   |
+-------------------------------------------------------------------------------------------------------------------------------------------------------+
|     0|     0|     0.00|     1|     1|    -0.00|     0|     0|     0|     0|     5.98|     0.00|       0|       0|       0| 70.28%|          |         |
|     0|     0|     0.00|     0|     0|     0.00|     0|     0|     0|     0|     6.03|     0.00|       1|       0|       0| 70.42%| 0:00:00.0|  2444.1M|
|     0|     0|     0.00|     0|     0|     0.00|     0|     0|     0|     0|     6.03|     0.00|       0|       0|       0| 70.42%| 0:00:00.0|  2444.1M|
+-------------------------------------------------------------------------------------------------------------------------------------------------------+
Bottom Preferred Layer:
    None
Via Pillar Rule:
    None

*** Finish DRV Fixing (cpu=0:00:00.0 real=0:00:00.0 mem=2444.1M) ***

*** DrvOpt #2 [finish] (optDesign #5) : cpu/real = 0:00:00.1/0:00:00.1 (1.1), totSession cpu/real = 0:01:49.7/0:15:48.4 (0.1), mem = 2362.1M
End: GigaOpt postEco DRV Optimization
Running refinePlace -preserveRouting true -hardFence false
*** Starting refinePlace (0:01:50 mem=2362.1M) ***
**WARN: (IMPSP-5140):	Global net connect rules have not been created. Added  insts would have no supply connectivity, and would fail DRC.
Type 'man IMPSP-5140' for more detail.
**WARN: (IMPSP-315):	Found 339 instances insts with no PG Term connections.
Type 'man IMPSP-315' for more detail.

Starting Small incrNP...
Density distribution unevenness ratio = 5.011%
Skipped incrNP (cpu=0:00:00.0, real=0:00:00.0, mem=2362.1M)
End of Small incrNP (cpu=0:00:00.0, real=0:00:00.0)
Move report: Detail placement moves 4 insts, mean move: 0.94 um, max move: 2.61 um 
	Max move on inst (tc/g1810__2346): (20.88, 36.54) --> (20.88, 33.93)
	Runtime: CPU: 0:00:00.0 REAL: 0:00:00.0 MEM: 2362.1MB
Summary Report:
Instances move: 4 (out of 339 movable)
Instances flipped: 0
Mean displacement: 0.94 um
Max displacement: 2.61 um (Instance: tc/g1810__2346) (20.88, 36.54) -> (20.88, 33.93)
	Length: 4 sites, height: 1 rows, site name: gsclib090site, cell type: NAND2XL
Runtime: CPU: 0:00:00.0 REAL: 0:00:00.0 MEM: 2362.1MB
*** Finished refinePlace (0:01:50 mem=2362.1M) ***
Register exp ratio and priority group on 0 nets on 360 nets : 

Active setup views:
 worst_case
  Dominating endpoints: 0
  Dominating TNS: -0.000

Extraction called for design 'alarm_clock_top' of instances=339 and nets=367 using extraction engine 'preRoute' .
**WARN: (IMPEXT-3530):	The process node is not set. Use the command setDesignMode -process <process node> prior to extraction for maximum accuracy and optimal automatic threshold setting.
Type 'man IMPEXT-3530' for more detail.
PreRoute RC Extraction called for design alarm_clock_top.
RC Extraction called in multi-corner(1) mode.
RCMode: PreRoute
      RC Corner Indexes            0   
Capacitance Scaling Factor   : 1.00000 
Resistance Scaling Factor    : 1.00000 
Clock Cap. Scaling Factor    : 1.00000 
Clock Res. Scaling Factor    : 1.00000 
Shrink Factor                : 1.00000
PreRoute extraction is honoring NDR/Shielding/ExtraSpace for clock nets.
Using capacitance table file ...
Updating RC grid for preRoute extraction ...
Initializing multi-corner capacitance tables ... 
Initializing multi-corner resistance tables ...
PreRoute RC Extraction DONE (CPU Time: 0:00:00.0  Real Time: 0:00:00.0  MEM: 2346.711M)
Starting delay calculation for Setup views
AAE_INFO: opIsDesignInPostRouteState() is 0
#################################################################################
# Design Stage: PreRoute
# Design Name: alarm_clock_top
# Design Mode: 90nm
# Analysis Mode: MMMC Non-OCV 
# Parasitics Mode: No SPEF/RCDB 
# Signoff Settings: SI Off 
#################################################################################
Calculate delays in BcWc mode...
Start delay calculation (fullDC) (1 T). (MEM=2350.73)
Total number of fetched objects 359
End delay calculation. (MEM=2378.68 CPU=0:00:00.0 REAL=0:00:00.0)
End delay calculation (fullDC). (MEM=2378.68 CPU=0:00:00.0 REAL=0:00:00.0)
*** Done Building Timing Graph (cpu=0:00:00.2 real=0:00:00.0 totSessionCpu=0:01:50 mem=2378.7M)
Reported timing to dir ./timingReports
**optDesign ... cpu = 0:00:04, real = 0:00:04, mem = 2073.4M, totSessionCpu=0:01:50 **

------------------------------------------------------------------
     optDesign Final Summary
------------------------------------------------------------------

Setup views included:
 worst_case 

+--------------------+---------+---------+---------+
|     Setup mode     |   all   | reg2reg | default |
+--------------------+---------+---------+---------+
|           WNS (ns):|  6.026  |  6.026  |  6.898  |
|           TNS (ns):|  0.000  |  0.000  |  0.000  |
|    Violating Paths:|    0    |    0    |    0    |
|          All Paths:|   102   |   67    |   52    |
+--------------------+---------+---------+---------+

+----------------+-------------------------------+------------------+
|                |              Real             |       Total      |
|    DRVs        +------------------+------------+------------------|
|                |  Nr nets(terms)  | Worst Vio  |  Nr nets(terms)  |
+----------------+------------------+------------+------------------+
|   max_cap      |      0 (0)       |   0.000    |      0 (0)       |
|   max_tran     |      0 (0)       |   0.000    |      0 (0)       |
|   max_fanout   |      0 (0)       |     0      |      0 (0)       |
|   max_length   |      0 (0)       |     0      |      0 (0)       |
+----------------+------------------+------------+------------------+

Density: 70.420%
Routing Overflow: 0.00% H and 0.00% V
------------------------------------------------------------------
**optDesign ... cpu = 0:00:04, real = 0:00:05, mem = 2074.3M, totSessionCpu=0:01:50 **
*** Finished optDesign ***
Info: Destroy the CCOpt slew target map.
*** optDesign #5 [finish] : cpu/real = 0:00:03.7/0:00:04.4 (0.8), totSession cpu/real = 0:01:50.1/0:15:49.4 (0.1), mem = 2347.1M
<CMD> optDesign -postCTS -hold
**optDesign ... cpu = 0:00:00, real = 0:00:00, mem = 1984.8M, totSessionCpu=0:01:50 **
*** optDesign #6 [begin] : totSession cpu/real = 0:01:50.1/0:15:49.4 (0.1), mem = 2268.1M
GigaOpt running with 1 threads.
*** InitOpt #1 [begin] (optDesign #6) : totSession cpu/real = 0:01:50.1/0:15:49.4 (0.1), mem = 2268.1M
**INFO: User settings:
setExtractRCMode -engine                            preRoute
setUsefulSkewMode -ecoRoute                         false
setUsefulSkewMode -maxAllowedDelay                  1
setUsefulSkewMode -noBoundary                       false
setDelayCalMode -enable_high_fanout                 true
setDelayCalMode -engine                             aae
setDelayCalMode -ignoreNetLoad                      false
setDelayCalMode -socv_accuracy_mode                 low
setOptMode -activeSetupViews                        { worst_case }
setOptMode -autoSetupViews                          { worst_case}
setOptMode -autoTDGRSetupViews                      { worst_case}
setOptMode -drcMargin                               0
setOptMode -fixCap                                  true
setOptMode -fixDrc                                  true
setOptMode -fixFanoutLoad                           true
setOptMode -fixTran                                 true
setOptMode -optimizeFF                              true
setOptMode -preserveAllSequential                   false
setOptMode -setupTargetSlack                        0
setPlaceMode -place_design_floorplan_mode           false
setPlaceMode -place_detail_check_route              false
setPlaceMode -place_detail_preserve_routing         true
setPlaceMode -place_detail_remove_affected_routing  false
setPlaceMode -place_detail_swap_eeq_cells           false
setPlaceMode -place_global_clock_gate_aware         true
setPlaceMode -place_global_cong_effort              auto
setPlaceMode -place_global_ignore_scan              true
setPlaceMode -place_global_ignore_spare             false
setPlaceMode -place_global_module_aware_spare       false
setPlaceMode -place_global_place_io_pins            true
setPlaceMode -place_global_reorder_scan             true
setPlaceMode -powerDriven                           false
setPlaceMode -timingDriven                          true
setAnalysisMode -analysisType                       bcwc
setAnalysisMode -checkType                          setup
setAnalysisMode -clkSrcPath                         true
setAnalysisMode -clockPropagation                   sdcControl
setAnalysisMode -skew                               true
setAnalysisMode -usefulSkew                         true
setAnalysisMode -virtualIPO                         false
setRouteMode -earlyGlobalHonorMsvRouteConstraint    false
setRouteMode -earlyGlobalRoutePartitionPinGuide     true

**INFO: setDesignMode -flowEffort standard -> setting 'setOptMode -allEndPoints true' for the duration of this command.
Need call spDPlaceInit before registerPrioInstLoc.
**optDesign ... cpu = 0:00:00, real = 0:00:00, mem = 1990.1M, totSessionCpu=0:01:51 **
*** optDesign -postCTS ***
DRC Margin: user margin 0.0
Hold Target Slack: user slack 0
Setup Target Slack: user slack 0;
setUsefulSkewMode -ecoRoute false
Start to check current routing status for nets...
All nets are already routed correctly.
End to check current routing status for nets (mem=2284.1M)
Compute RC Scale Done ...
*** InitOpt #1 [finish] (optDesign #6) : cpu/real = 0:00:00.9/0:00:00.9 (1.0), totSession cpu/real = 0:01:51.0/0:15:50.3 (0.1), mem = 2464.3M
GigaOpt Hold Optimizer is used
Starting initialization (fixHold) cpu=0:00:00.0 real=0:00:00.0 totSessionCpu=0:01:51 mem=2368.3M ***
*** BuildHoldData #1 [begin] (optDesign #6) : totSession cpu/real = 0:01:51.4/0:15:50.7 (0.1), mem = 2368.3M
Saving timing graph ...
Done save timing graph
Starting delay calculation for Hold views
AAE_INFO: opIsDesignInPostRouteState() is 0
#################################################################################
# Design Stage: PreRoute
# Design Name: alarm_clock_top
# Design Mode: 90nm
# Analysis Mode: MMMC Non-OCV 
# Parasitics Mode: No SPEF/RCDB 
# Signoff Settings: SI Off 
#################################################################################
Calculate delays in BcWc mode...
Start delay calculation (fullDC) (1 T). (MEM=2389.35)
*** Calculating scaling factor for min_timing libraries using the default operating condition of each library.
Total number of fetched objects 359
End delay calculation. (MEM=2388.68 CPU=0:00:00.0 REAL=0:00:00.0)
End delay calculation (fullDC). (MEM=2388.68 CPU=0:00:00.0 REAL=0:00:00.0)
*** Done Building Timing Graph (cpu=0:00:00.1 real=0:00:00.0 totSessionCpu=0:01:52 mem=2388.7M)

Active hold views:
 best_case
  Dominating endpoints: 0
  Dominating TNS: -0.000

Done building cte hold timing graph (fixHold) cpu=0:00:00.3 real=0:00:00.0 totSessionCpu=0:01:52 mem=2419.9M ***
Done building hold timer [1190 node(s), 1578 edge(s), 1 view(s)] (fixHold) cpu=0:00:00.3 real=0:00:00.0 totSessionCpu=0:01:52 mem=2419.9M ***
Restoring timing graph ...
**WARN: (IMPCTE-290):	Could not locate cell INVX1 in any library for view best_case.
Type 'man IMPCTE-290' for more detail.
**WARN: (IMPCTE-290):	Could not locate cell INVX1 in any library for view best_case.
Type 'man IMPCTE-290' for more detail.
**WARN: (IMPCTE-290):	Could not locate cell INVX1 in any library for view best_case.
Type 'man IMPCTE-290' for more detail.
**WARN: (IMPCTE-290):	Could not locate cell INVX1 in any library for view best_case.
Type 'man IMPCTE-290' for more detail.
**WARN: (IMPCTE-290):	Could not locate cell INVX1 in any library for view best_case.
Type 'man IMPCTE-290' for more detail.
**WARN: (IMPCTE-290):	Could not locate cell INVX1 in any library for view best_case.
Type 'man IMPCTE-290' for more detail.
**WARN: (IMPCTE-290):	Could not locate cell INVX1 in any library for view best_case.
Type 'man IMPCTE-290' for more detail.
**WARN: (IMPCTE-290):	Could not locate cell INVX1 in any library for view best_case.
Type 'man IMPCTE-290' for more detail.
**WARN: (IMPCTE-290):	Could not locate cell INVX1 in any library for view best_case.
Type 'man IMPCTE-290' for more detail.
**WARN: (IMPCTE-290):	Could not locate cell INVX1 in any library for view best_case.
Type 'man IMPCTE-290' for more detail.
**WARN: (IMPCTE-290):	Could not locate cell INVX1 in any library for view best_case.
Type 'man IMPCTE-290' for more detail.
**WARN: (IMPCTE-290):	Could not locate cell INVX1 in any library for view best_case.
Type 'man IMPCTE-290' for more detail.
**WARN: (IMPCTE-290):	Could not locate cell INVX1 in any library for view best_case.
Type 'man IMPCTE-290' for more detail.
**WARN: (IMPCTE-290):	Could not locate cell INVX1 in any library for view best_case.
Type 'man IMPCTE-290' for more detail.
**WARN: (IMPCTE-290):	Could not locate cell INVX1 in any library for view best_case.
Type 'man IMPCTE-290' for more detail.
**WARN: (IMPCTE-290):	Could not locate cell INVX1 in any library for view best_case.
Type 'man IMPCTE-290' for more detail.
**WARN: (IMPCTE-290):	Could not locate cell INVX1 in any library for view best_case.
Type 'man IMPCTE-290' for more detail.
**WARN: (IMPCTE-290):	Could not locate cell INVX1 in any library for view best_case.
Type 'man IMPCTE-290' for more detail.
**WARN: (IMPCTE-290):	Could not locate cell INVX1 in any library for view best_case.
Type 'man IMPCTE-290' for more detail.
**WARN: (IMPCTE-290):	Could not locate cell INVX1 in any library for view best_case.
Type 'man IMPCTE-290' for more detail.
**WARN: (EMS-27):	Message (IMPCTE-290) has exceeded the current message display limit of 20.
To increase the message display limit, refer to the product command reference manual.
AAE_INFO: Resetting and re-constructing cache for AAE clocks ...
Done restore timing graph
Done building cte setup timing graph (fixHold) cpu=0:00:00.5 real=0:00:00.0 totSessionCpu=0:01:52 mem=2454.5M ***

*Info: minBufDelay = 99.6 ps, libStdDelay = 36.0 ps, minBufSize = 18165600 (6.0)
*Info: worst delay setup view: worst_case

------------------------------------------------------------------
     Hold Opt Initial Summary
------------------------------------------------------------------

Setup views included:
 worst_case
Hold views included:
 best_case

+--------------------+---------+---------+---------+
|     Setup mode     |   all   | reg2reg | default |
+--------------------+---------+---------+---------+
|           WNS (ns):|  6.026  |  6.026  |  6.898  |
|           TNS (ns):|  0.000  |  0.000  |  0.000  |
|    Violating Paths:|    0    |    0    |    0    |
|          All Paths:|   102   |   67    |   52    |
+--------------------+---------+---------+---------+

+--------------------+---------+---------+---------+
|     Hold mode      |   all   | reg2reg | default |
+--------------------+---------+---------+---------+
|           WNS (ns):| -0.212  | -0.212  |  1.736  |
|           TNS (ns):| -8.341  | -8.341  |  0.000  |
|    Violating Paths:|   64    |   64    |    0    |
|          All Paths:|   102   |   67    |   52    |
+--------------------+---------+---------+---------+

+----------------+-------------------------------+------------------+
|                |              Real             |       Total      |
|    DRVs        +------------------+------------+------------------|
|                |  Nr nets(terms)  | Worst Vio  |  Nr nets(terms)  |
+----------------+------------------+------------+------------------+
|   max_cap      |      0 (0)       |   0.000    |      0 (0)       |
|   max_tran     |      0 (0)       |   0.000    |      0 (0)       |
|   max_fanout   |      0 (0)       |     0      |      0 (0)       |
|   max_length   |      0 (0)       |     0      |      0 (0)       |
+----------------+------------------+------------+------------------+

Density: 70.420%
------------------------------------------------------------------
**optDesign ... cpu = 0:00:02, real = 0:00:02, mem = 2069.6M, totSessionCpu=0:01:52 **
*** BuildHoldData #1 [finish] (optDesign #6) : cpu/real = 0:00:01.0/0:00:01.0 (1.0), totSession cpu/real = 0:01:52.3/0:15:51.6 (0.1), mem = 2366.6M
*** HoldOpt #1 [begin] (optDesign #6) : totSession cpu/real = 0:01:52.3/0:15:51.6 (0.1), mem = 2366.6M
*info: Run optDesign holdfix with 1 thread.
Info: 0 don't touch net , 1 undriven net  excluded from IPO operation.
Info: 1 clock net  excluded from IPO operation.
Info: Done creating the CCOpt slew target map.

*** Starting Core Fixing (fixHold) cpu=0:00:01.0 real=0:00:01.0 totSessionCpu=0:01:52 mem=2423.8M density=70.420% ***

Phase I ......
Executing transform: ECO Safe Resize
+----+--------+---------+--------+-----------+----------------+---------+------------+---------+
|Iter|  WNS   |  TNS    |  #VP   |  #Buffer  |  #Resize(F/F)  | Density |    Real    |   Mem   |
+----+--------+---------+--------+-----------+----------------+---------+------------+---------+
|   0|  -0.212|    -8.34|      64|          0|       0(     0)|   70.42%|   0:00:00.0|  2433.8M|
|   1|  -0.212|    -8.34|      64|          0|       0(     0)|   70.42%|   0:00:00.0|  2433.8M|
+----+--------+---------+--------+-----------+----------------+---------+------------+---------+
Executing transform: AddBuffer + LegalResize
+----+--------+---------+--------+-----------+----------------+---------+------------+---------+
|Iter|  WNS   |  TNS    |  #VP   |  #Buffer  |  #Resize(F/F)  | Density |    Real    |   Mem   |
+----+--------+---------+--------+-----------+----------------+---------+------------+---------+
|   0|  -0.212|    -8.34|      64|          0|       0(     0)|   70.42%|   0:00:00.0|  2433.8M|
|   1|  -0.212|    -6.20|      46|         25|       0(     0)|   83.42%|   0:00:00.0|  2466.5M|
|   2|  -0.212|    -4.50|      40|         17|       0(     0)|   88.08%|   0:00:00.0|  2466.5M|
|   3|  -0.212|    -3.25|      36|         29|       0(     0)|   92.31%|   0:00:00.0|  2466.5M|
|   4|  -0.212|    -3.21|      34|          0|       8(     0)|   92.47%|   0:00:01.0|  2466.5M|
|   5|  -0.212|    -3.19|      33|          0|       1(     0)|   92.47%|   0:00:00.0|  2466.5M|
|   6|  -0.212|    -3.19|      33|          0|       0(     0)|   92.47%|   0:00:00.0|  2466.5M|
+----+--------+---------+--------+-----------+----------------+---------+------------+---------+

*info:    Total 71 cells added for Phase I
*info:        in which 0 is ripple commits (0.000%)
*info:    Total 9 instances resized for Phase I
*info:        in which 0 FF resizing 
*info:        in which 0 ripple resizing (0.000%)

Phase II ......
Executing transform: AddBuffer
+----+--------+---------+--------+-----------+----------------+---------+------------+---------+
|Iter|  WNS   |  TNS    |  #VP   |  #Buffer  |  #Resize(F/F)  | Density |    Real    |   Mem   |
+----+--------+---------+--------+-----------+----------------+---------+------------+---------+
|   0|  -0.212|    -3.19|      33|          0|       0(     0)|   92.47%|   0:00:00.0|  2476.5M|
|   1|  -0.212|    -3.19|      33|          0|       0(     0)|   92.47%|   0:00:00.0|  2476.5M|
+----+--------+---------+--------+-----------+----------------+---------+------------+---------+

Phase III ......
Executing transform: AddBuffer + LegalResize
+----+--------+---------+--------+-----------+----------------+---------+------------+---------+
|Iter|  WNS   |  TNS    |  #VP   |  #Buffer  |  #Resize(F/F)  | Density |    Real    |   Mem   |
+----+--------+---------+--------+-----------+----------------+---------+------------+---------+
|   0|  -0.212|    -3.19|      33|          0|       0(     0)|   92.47%|   0:00:00.0|  2476.5M|
|   1|  -0.212|    -3.14|      33|          0|       4(     1)|   92.56%|   0:00:00.0|  2476.5M|
|   2|  -0.212|    -3.11|      32|          0|       1(     0)|   92.56%|   0:00:00.0|  2484.5M|
|   3|  -0.212|    -3.11|      32|          0|       0(     0)|   92.56%|   0:00:00.0|  2484.5M|
+----+--------+---------+--------+-----------+----------------+---------+------------+---------+
*info:    Total 5 instances resized for Phase III
*info:        in which 1 FF resizing 
*info:        in which 0 ripple resizing (0.000%)

Phase IV ......
Executing transform: AddBuffer + Resize
+----+--------+---------+--------+-----------+----------------+---------+------------+---------+
|Iter|  WNS   |  TNS    |  #VP   |  #Buffer  |  #Resize(F/F)  | Density |    Real    |   Mem   |
+----+--------+---------+--------+-----------+----------------+---------+------------+---------+
|   0|  -0.212|    -3.11|      32|          0|       0(     0)|   92.56%|   0:00:00.0|  2484.5M|
**Info: Stopping hold fixing due to density exceeding max design density 95.000%
|   1|  -0.212|    -2.49|      29|          5|       0(     0)|   95.36%|   0:00:00.0|  2484.5M|
+----+--------+---------+--------+-----------+----------------+---------+------------+---------+

*info:    Total 5 cells added for Phase IV
*info:        in which 0 is ripple commits (0.000%)


=======================================================================
                Reasons for remaining hold violations
=======================================================================
*info: Total 168 net(s) have violated hold timing slacks.

Buffering failure reasons
------------------------------------------------

Resizing failure reasons
------------------------------------------------
*info:    26 net(s): Could not be fixed because of no legal loc.
*info:    16 net(s): Could not be fixed because of hold slack degradation.


*** Finished Core Fixing (fixHold) cpu=0:00:02.4 real=0:00:02.0 totSessionCpu=0:01:54 mem=2484.5M density=95.355% ***

*info:
*info: Added a total of 76 cells to fix/reduce hold violation
*info:
*info: Summary: 
*info:           27 cells of type 'CLKBUFX2' used
*info:            3 cells of type 'CLKBUFX3' used
*info:           13 cells of type 'DLY1X1' used
*info:            8 cells of type 'DLY1X4' used
*info:           10 cells of type 'DLY2X1' used
*info:           13 cells of type 'DLY3X1' used
*info:            2 cells of type 'DLY4X1' used
*info:
*info: Total 14 instances resized
*info:       in which 1 FF resizing
*info:

*** Starting refinePlace (0:01:54 mem=2468.5M) ***
Total net bbox length = 6.034e+03 (3.020e+03 3.015e+03) (ext = 4.040e+02)
**WARN: (IMPSP-5140):	Global net connect rules have not been created. Added  insts would have no supply connectivity, and would fail DRC.
Type 'man IMPSP-5140' for more detail.
**WARN: (IMPSP-315):	Found 415 instances insts with no PG Term connections.
Type 'man IMPSP-315' for more detail.
Move report: Detail placement moves 237 insts, mean move: 2.10 um, max move: 7.54 um 
	Max move on inst (tg/FE_PHC76_div_cnt_6): (50.75, 39.15) --> (45.82, 41.76)
	Runtime: CPU: 0:00:00.0 REAL: 0:00:00.0 MEM: 2468.5MB
Summary Report:
Instances move: 237 (out of 415 movable)
Instances flipped: 0
Mean displacement: 2.10 um
Max displacement: 7.54 um (Instance: tg/FE_PHC76_div_cnt_6) (50.75, 39.15) -> (45.82, 41.76)
	Length: 27 sites, height: 1 rows, site name: gsclib090site, cell type: DLY3X1
Total net bbox length = 6.290e+03 (3.202e+03 3.088e+03) (ext = 4.034e+02)
Runtime: CPU: 0:00:00.0 REAL: 0:00:00.0 MEM: 2468.5MB
*** Finished refinePlace (0:01:54 mem=2468.5M) ***
*** maximum move = 7.54 um ***
*** Finished re-routing un-routed nets (2468.5M) ***

*** Finish Physical Update (cpu=0:00:00.0 real=0:00:00.0 mem=2468.5M) ***
*** Finish Post CTS Hold Fixing (cpu=0:00:02.4 real=0:00:02.0 totSessionCpu=0:01:54 mem=2478.5M density=95.355%) ***
**INFO: total 400 insts, 400 nets marked don't touch
**INFO: total 400 insts, 400 nets marked don't touch DB property
**INFO: total 400 insts, 400 nets unmarked don't touch

*** HoldOpt #1 [finish] (optDesign #6) : cpu/real = 0:00:01.5/0:00:01.5 (1.0), totSession cpu/real = 0:01:53.8/0:15:53.1 (0.1), mem = 2384.4M
*** Steiner Routed Nets: 32.339%; Threshold: 100; Threshold for Hold: 100
Re-routed 0 nets
GigaOpt_HOLD: Recover setup timing after hold fixing
GigaOpt_HOLD: max_tran 0 => 0, max_cap 0 => 0 (threshold 10) - Skip drv recovery
GigaOpt: WNS changes after routing: 0.000 -> 0.000 (bump = 0.0)
GigaOpt: WNS bump threshold: 0.018
GigaOpt: Skipping postEco optimization
GigaOpt: WNS changes after postEco optimization: 0.000 -> 0.000 (bump = 0.0)
GigaOpt: Skipping nonLegal postEco optimization

Active setup views:
 worst_case
  Dominating endpoints: 0
  Dominating TNS: -0.000

[NR-eGR] Track table information for default rule: 
[NR-eGR] Metal1 has single uniform track structure
[NR-eGR] Metal2 has single uniform track structure
[NR-eGR] Metal3 has single uniform track structure
[NR-eGR] Metal4 has single uniform track structure
[NR-eGR] Metal5 has single uniform track structure
[NR-eGR] Metal6 has single uniform track structure
[NR-eGR] Metal7 has single uniform track structure
[NR-eGR] Metal8 has single uniform track structure
[NR-eGR] Metal9 has single uniform track structure
[NR-eGR] Read 224 PG shapes
[NR-eGR] Read 0 clock shapes
[NR-eGR] Read 0 other shapes
[NR-eGR] #Routing Blockages  : 0
[NR-eGR] #Instance Blockages : 0
[NR-eGR] #PG Blockages       : 224
[NR-eGR] #Halo Blockages     : 0
[NR-eGR] #Boundary Blockages : 0
[NR-eGR] #Clock Blockages    : 0
[NR-eGR] #Other Blockages    : 0
[NR-eGR] Num Prerouted Nets = 0  Num Prerouted Wires = 0
[NR-eGR] Read 436 nets ( ignored 0 )
[NR-eGR] There are 1 clock nets ( 0 with NDR ).
[NR-eGR] ============ Routing rule table ============
[NR-eGR] Rule id: 0  Nets: 436
[NR-eGR] ========================================
[NR-eGR] 
[NR-eGR] Layer group 1: route 436 net(s) in layer range [2, 9]
[NR-eGR] Early Global Route overflow of layer group 1: 0.00% H + 0.00% V. EstWL: 6.799050e+03um
[NR-eGR] Congestion Analysis By layer: (blocked Gcells are excluded) 
[NR-eGR]                        OverCon            
[NR-eGR]                         #Gcell     %Gcell
[NR-eGR]        Layer             (1-0)    OverCon
[NR-eGR] ----------------------------------------------
[NR-eGR]  Metal1 ( 1)         0( 0.00%)   ( 0.00%) 
[NR-eGR]  Metal2 ( 2)         0( 0.00%)   ( 0.00%) 
[NR-eGR]  Metal3 ( 3)         0( 0.00%)   ( 0.00%) 
[NR-eGR]  Metal4 ( 4)         0( 0.00%)   ( 0.00%) 
[NR-eGR]  Metal5 ( 5)         0( 0.00%)   ( 0.00%) 
[NR-eGR]  Metal6 ( 6)         0( 0.00%)   ( 0.00%) 
[NR-eGR]  Metal7 ( 7)         0( 0.00%)   ( 0.00%) 
[NR-eGR]  Metal8 ( 8)         0( 0.00%)   ( 0.00%) 
[NR-eGR]  Metal9 ( 9)         0( 0.00%)   ( 0.00%) 
[NR-eGR] ----------------------------------------------
[NR-eGR]        Total         0( 0.00%)   ( 0.00%) 
[NR-eGR] 
[NR-eGR] Overflow after Early Global Route 0.00% H + 0.00% V
[NR-eGR] Finished Early Global Route kernel ( CPU: 0.01 sec, Real: 0.01 sec, Curr Mem: 2422.55 MB )
[hotspot] +------------+---------------+---------------+
[hotspot] |            |   max hotspot | total hotspot |
[hotspot] +------------+---------------+---------------+
[hotspot] | normalized |          0.00 |          0.00 |
[hotspot] +------------+---------------+---------------+
Local HotSpot Analysis: normalized max congestion hotspot area = 0.00, normalized total congestion hotspot area = 0.00 (area is in unit of 4 std-cell row bins)
[hotspot] Hotspot report including placement blocked areas
[hotspot] +------------+---------------+---------------+
[hotspot] |            |   max hotspot | total hotspot |
[hotspot] +------------+---------------+---------------+
[hotspot] | normalized |          0.00 |          0.00 |
[hotspot] +------------+---------------+---------------+
Local HotSpot Analysis (blockage included): normalized max congestion hotspot area = 0.00, normalized total congestion hotspot area = 0.00 (area is in unit of 4 std-cell row bins)
Reported timing to dir ./timingReports
**optDesign ... cpu = 0:00:04, real = 0:00:03, mem = 2039.5M, totSessionCpu=0:01:54 **
Starting delay calculation for Hold views
AAE_INFO: opIsDesignInPostRouteState() is 0
#################################################################################
# Design Stage: PreRoute
# Design Name: alarm_clock_top
# Design Mode: 90nm
# Analysis Mode: MMMC Non-OCV 
# Parasitics Mode: No SPEF/RCDB 
# Signoff Settings: SI Off 
#################################################################################
Calculate delays in BcWc mode...
Start delay calculation (fullDC) (1 T). (MEM=2357.05)
*** Calculating scaling factor for min_timing libraries using the default operating condition of each library.
Total number of fetched objects 435
End delay calculation. (MEM=2385 CPU=0:00:00.0 REAL=0:00:00.0)
End delay calculation (fullDC). (MEM=2385 CPU=0:00:00.0 REAL=0:00:00.0)
*** Done Building Timing Graph (cpu=0:00:00.1 real=0:00:01.0 totSessionCpu=0:01:54 mem=2385.0M)
Starting delay calculation for Setup views
AAE_INFO: opIsDesignInPostRouteState() is 0
#################################################################################
# Design Stage: PreRoute
# Design Name: alarm_clock_top
# Design Mode: 90nm
# Analysis Mode: MMMC Non-OCV 
# Parasitics Mode: No SPEF/RCDB 
# Signoff Settings: SI Off 
#################################################################################
Calculate delays in BcWc mode...
Start delay calculation (fullDC) (1 T). (MEM=2328.49)
*** Calculating scaling factor for max_timing libraries using the default operating condition of each library.
Total number of fetched objects 435
End delay calculation. (MEM=2387.7 CPU=0:00:00.0 REAL=0:00:00.0)
End delay calculation (fullDC). (MEM=2387.7 CPU=0:00:00.0 REAL=0:00:00.0)
*** Done Building Timing Graph (cpu=0:00:00.1 real=0:00:00.0 totSessionCpu=0:01:54 mem=2387.7M)

------------------------------------------------------------------
     optDesign Final Summary
------------------------------------------------------------------

Setup views included:
 worst_case 
Hold views included:
 best_case

+--------------------+---------+---------+---------+
|     Setup mode     |   all   | reg2reg | default |
+--------------------+---------+---------+---------+
|           WNS (ns):|  5.797  |  5.797  |  6.898  |
|           TNS (ns):|  0.000  |  0.000  |  0.000  |
|    Violating Paths:|    0    |    0    |    0    |
|          All Paths:|   102   |   67    |   52    |
+--------------------+---------+---------+---------+

+--------------------+---------+---------+---------+
|     Hold mode      |   all   | reg2reg | default |
+--------------------+---------+---------+---------+
|           WNS (ns):| -0.212  | -0.212  |  1.736  |
|           TNS (ns):| -2.536  | -2.536  |  0.000  |
|    Violating Paths:|   33    |   33    |    0    |
|          All Paths:|   102   |   67    |   52    |
+--------------------+---------+---------+---------+

+----------------+-------------------------------+------------------+
|                |              Real             |       Total      |
|    DRVs        +------------------+------------+------------------|
|                |  Nr nets(terms)  | Worst Vio  |  Nr nets(terms)  |
+----------------+------------------+------------+------------------+
|   max_cap      |      0 (0)       |   0.000    |      0 (0)       |
|   max_tran     |      0 (0)       |   0.000    |      0 (0)       |
|   max_fanout   |      0 (0)       |     0      |      0 (0)       |
|   max_length   |      0 (0)       |     0      |      0 (0)       |
+----------------+------------------+------------+------------------+

Density: 95.355%
Routing Overflow: 0.00% H and 0.00% V
------------------------------------------------------------------
**optDesign ... cpu = 0:00:04, real = 0:00:04, mem = 2079.3M, totSessionCpu=0:01:54 **
*** Finished optDesign ***
Info: Destroy the CCOpt slew target map.
*** optDesign #6 [finish] : cpu/real = 0:00:04.2/0:00:04.8 (0.9), totSession cpu/real = 0:01:54.3/0:15:54.2 (0.1), mem = 2357.1M
<CMD> optDesign -postRoute -hold
**optDesign ... cpu = 0:00:00, real = 0:00:00, mem = 1994.0M, totSessionCpu=0:02:00 **
**ERROR: (IMPOPT-608):	Design is not routed yet.
   _____________________________________________________________
  /  Design State
 +--------------------------------------------------------------
 | signal nets: 
 |    routed nets:      141 (32.4% routed)
 |     total nets:      435
 | clock nets: 
 |    routed nets:        0 (0.0% routed)
 |     total nets:        1
 +--------------------------------------------------------------
**INFO: Design is not detail routed
1
<CMD> setNanoRouteMode -quiet -routeTopRoutingLayer 9
#WARNING (NRIF-91) Option setNanoRouteMode -routeTopRoutingLayer is obsolete. It will continue to work for the current release. To ensure compatibility with future releases, use option setDesignMode -topRoutingLayer instead.
<CMD> setNanoRouteMode -quiet -routeBottomRoutingLayer 1
#WARNING (NRIF-90) Option setNanoRouteMode -routeBottomRoutingLayer is obsolete. It will continue to work for the current release. To ensure compatibility with future releases, use option setDesignMode -bottomRoutingLayer instead.
<CMD> setNanoRouteMode -quiet -drouteEndIteration 1
<CMD> setNanoRouteMode -quiet -routeWithTimingDriven false
<CMD> setNanoRouteMode -quiet -routeWithSiDriven false
<CMD> routeDesign -globalDetail -viaOpt -wireOpt
#routeDesign: cpu time = 00:00:00, elapsed time = 00:00:00, memory = 1995.48 (MB), peak = 2163.47 (MB)
AAE_INFO: Pre Route call back at the beginning of routeDesign
#**INFO: setDesignMode -flowEffort standard
#**INFO: setDesignMode -powerEffort none
#WARNING (NRIG-96) Selected single pass global detail route "-globalDetail". Clock eco and post optimizations will not be run. See "man NRIG-96" for more details.
#WARNING (NRIG-144) Cannot combine -viaOpt with -globalDetail option. The -viaOpt will be ignored.
**INFO: User settings:
setNanoRouteMode -drouteEndIteration            1
setNanoRouteMode -droutePostRouteSpreadWire     1
setNanoRouteMode -droutePostRouteWidenWireRule  LEFDefaultRouteSpec_gpdk090
setNanoRouteMode -extractThirdPartyCompatible   false
setNanoRouteMode -grouteExpTdStdDelay           36
setNanoRouteMode -routeBottomRoutingLayer       1
setNanoRouteMode -routeTopRoutingLayer          9
setNanoRouteMode -routeWithSiDriven             false
setNanoRouteMode -routeWithTimingDriven         false
setNanoRouteMode -timingEngine                  {}
setExtractRCMode -engine                        preRoute
setDelayCalMode -enable_high_fanout             true
setDelayCalMode -engine                         aae
setDelayCalMode -ignoreNetLoad                  false
setDelayCalMode -socv_accuracy_mode             low
setSIMode -separate_delta_delay_on_data         true

#**INFO: multi-cut via swapping will not be performed after routing.
#**INFO: All auto set options tuned by routeDesign will be restored to their original settings on command completion.
Begin checking placement ... (start mem=2289.3M, init mem=2289.3M)
*info: Placed = 415           
*info: Unplaced = 0           
Placement Density:95.36%(3077/3227)
Placement Density (including fixed std cells):95.36%(3077/3227)
Finished checkPlace (total: cpu=0:00:00.0, real=0:00:00.0; vio checks: cpu=0:00:00.0, real=0:00:00.0; mem=2289.3M)

changeUseClockNetStatus Option :  -noFixedNetWires 
*** Changed status on (0) nets in Clock.
*** End changeUseClockNetStatus (cpu=0:00:00.0, real=0:00:00.0, mem=2289.3M) ***

globalDetailRoute

#Start globalDetailRoute on Sun Mar  1 16:57:38 2026
#
#WARNING (NRIG-1303) The congestion map does not match the GCELL grid. Clearing the map.
#Invoke dbWirePreImport deleteTR=1 convert_unrouted=0 selected_only=0 (nr_selected_net=0)
#num needed restored net=0
#need_extraction net=0 (total=442)
#WARNING (NRDB-2005) SPECIAL_NET VDD has special wires but no definitions for instance pins or top level pins. This will cause routability problems later.
#WARNING (NRDB-2005) SPECIAL_NET VSS has special wires but no definitions for instance pins or top level pins. This will cause routability problems later.
#NanoRoute Version 21.15-s110_1 NR220912-2004/21_15-UB
#Total number of trivial nets (e.g. < 2 pins) = 6 (skipped).
#Total number of routable nets = 436.
#Total number of nets in the design = 442.
#436 routable nets do not have any wires.
#436 nets will be global routed.
#Start routing data preparation on Sun Mar  1 16:57:38 2026
#
#Minimum voltage of a net in the design = 0.000.
#Maximum voltage of a net in the design = 1.100.
#Voltage range [0.000 - 1.100] has 440 nets.
#Voltage range [0.900 - 1.100] has 1 net.
#Voltage range [0.000 - 0.000] has 1 net.
#Build and mark too close pins for the same net.
#Rebuild pin access data for design.
#Initial pin access analysis.
#Detail pin access analysis.
# Metal1       H   Track-Pitch = 0.29000    Line-2-Via Pitch = 0.25500
# Metal2       V   Track-Pitch = 0.29000    Line-2-Via Pitch = 0.28500
# Metal3       H   Track-Pitch = 0.29000    Line-2-Via Pitch = 0.28500
# Metal4       V   Track-Pitch = 0.29000    Line-2-Via Pitch = 0.28500
# Metal5       H   Track-Pitch = 0.29000    Line-2-Via Pitch = 0.28500
# Metal6       V   Track-Pitch = 0.29000    Line-2-Via Pitch = 0.28500
# Metal7       H   Track-Pitch = 0.29000    Line-2-Via Pitch = 0.28500
# Metal8       V   Track-Pitch = 0.87000    Line-2-Via Pitch = 0.85000
# Metal9       H   Track-Pitch = 0.87000    Line-2-Via Pitch = 0.85000
#cpu time = 00:00:00, elapsed time = 00:00:00, memory = 2002.00 (MB), peak = 2163.47 (MB)
#Regenerating Ggrids automatically.
#Auto generating G-grids with size=15 tracks, using layer Metal3's pitch = 0.29000.
#Using automatically generated G-grids.
#(check_and_prepare_match_target_file) no match_target_file in constraint. quit
#Done routing data preparation.
#cpu time = 00:00:01, elapsed time = 00:00:01, memory = 2006.04 (MB), peak = 2163.47 (MB)
#
#Finished routing data preparation on Sun Mar  1 16:57:39 2026
#
#Cpu time = 00:00:01
#Elapsed time = 00:00:01
#Increased memory = 9.71 (MB)
#Total memory = 2006.04 (MB)
#Peak memory = 2163.47 (MB)
#
#
#Start global routing on Sun Mar  1 16:57:39 2026
#
#
#Start global routing initialization on Sun Mar  1 16:57:39 2026
#
#Number of eco nets is 0
#
#Start global routing data preparation on Sun Mar  1 16:57:39 2026
#
#Start routing resource analysis on Sun Mar  1 16:57:39 2026
#
#Routing resource analysis is done on Sun Mar  1 16:57:39 2026
#
#  Resource Analysis:
#
#               Routing  #Avail      #Track     #Total     %Gcell
#  Layer      Direction   Track     Blocked      Gcell    Blocked
#  --------------------------------------------------------------
#  Metal1         H          18         189         210    79.52%
#  Metal2         V         219           2         210     0.00%
#  Metal3         H         205           2         210     0.00%
#  Metal4         V         220           1         210     0.00%
#  Metal5         H         206           1         210     0.00%
#  Metal6         V         221           0         210     0.00%
#  Metal7         H         207           0         210     0.00%
#  Metal8         V          51          22         210    13.33%
#  Metal9         H          47          21         210    14.29%
#  --------------------------------------------------------------
#  Total                   1395      17.18%        1890    11.90%
#
#
#
#
#Global routing data preparation is done on Sun Mar  1 16:57:39 2026
#
#cpu time = 00:00:00, elapsed time = 00:00:00, memory = 2006.04 (MB), peak = 2163.47 (MB)
#
#
#Global routing initialization is done on Sun Mar  1 16:57:39 2026
#
#cpu time = 00:00:00, elapsed time = 00:00:00, memory = 2006.04 (MB), peak = 2163.47 (MB)
#
#start global routing iteration 1...
#cpu time = 00:00:00, elapsed time = 00:00:00, memory = 2007.85 (MB), peak = 2163.47 (MB)
#
#start global routing iteration 2...
#cpu time = 00:00:00, elapsed time = 00:00:00, memory = 2007.85 (MB), peak = 2163.47 (MB)
#
#
#Total number of trivial nets (e.g. < 2 pins) = 6 (skipped).
#Total number of routable nets = 436.
#Total number of nets in the design = 442.
#
#436 routable nets have routed wires.
#
#Routed nets constraints summary:
#-----------------------------
#        Rules   Unconstrained  
#-----------------------------
#      Default             436  
#-----------------------------
#        Total             436  
#-----------------------------
#
#Routing constraints summary of the whole design:
#-----------------------------
#        Rules   Unconstrained  
#-----------------------------
#      Default             436  
#-----------------------------
#        Total             436  
#-----------------------------
#
#
#  Congestion Analysis: (blocked Gcells are excluded)
#
#                 OverCon          
#                  #Gcell    %Gcell
#     Layer           (1)   OverCon
#  --------------------------------
#  Metal1        0(0.00%)   (0.00%)
#  Metal2        1(0.48%)   (0.48%)
#  Metal3        0(0.00%)   (0.00%)
#  Metal4        0(0.00%)   (0.00%)
#  Metal5        0(0.00%)   (0.00%)
#  Metal6        0(0.00%)   (0.00%)
#  Metal7        0(0.00%)   (0.00%)
#  Metal8        0(0.00%)   (0.00%)
#  Metal9        0(0.00%)   (0.00%)
#  --------------------------------
#     Total      1(0.06%)   (0.06%)
#
#  The worst congested Gcell overcon (routing demand over resource in number of tracks) = 1
#  Overflow after GR: 0.00% H + 0.06% V
#
#Hotspot report including placement blocked areas
[hotspot] +----------------+-------------------+-------------------+-------------------------------------+
[hotspot] |      layer     |    max hotspot    |   total hotspot   |            hotspot bbox             |
[hotspot] +----------------+-------------------+-------------------+-------------------------------------+
[hotspot] |   Metal1(H)    |              0.00 |              0.00 |   (none)                            |
[hotspot] |   Metal2(V)    |              0.00 |              0.00 |   (none)                            |
[hotspot] |   Metal3(H)    |              0.00 |              0.00 |   (none)                            |
[hotspot] |   Metal4(V)    |              0.00 |              0.00 |   (none)                            |
[hotspot] |   Metal5(H)    |              0.00 |              0.00 |   (none)                            |
[hotspot] |   Metal6(V)    |              0.00 |              0.00 |   (none)                            |
[hotspot] |   Metal7(H)    |              0.00 |              0.00 |   (none)                            |
[hotspot] |   Metal8(V)    |              0.00 |              0.00 |   (none)                            |
[hotspot] |   Metal9(H)    |              0.00 |              0.00 |   (none)                            |
[hotspot] +----------------+-------------------+-------------------+-------------------------------------+
[hotspot] |      worst     |              0.00 |              0.00 |                                     |
[hotspot] +----------------+-------------------+-------------------+-------------------------------------+
[hotspot] |   all layers   |              0.00 |              0.00 |                                     |
[hotspot] +----------------+-------------------+-------------------+-------------------------------------+
Local HotSpot Analysis (blockage included) (3d): normalized congestion max/total hotspot area = 0.00/0.00 (area is in unit of 4 std-cell row bins)
#Complete Global Routing.
#Total wire length = 6622 um.
#Total half perimeter of net bounding box = 6800 um.
#Total wire length on LAYER Metal1 = 52 um.
#Total wire length on LAYER Metal2 = 2821 um.
#Total wire length on LAYER Metal3 = 3255 um.
#Total wire length on LAYER Metal4 = 485 um.
#Total wire length on LAYER Metal5 = 9 um.
#Total wire length on LAYER Metal6 = 0 um.
#Total wire length on LAYER Metal7 = 0 um.
#Total wire length on LAYER Metal8 = 0 um.
#Total wire length on LAYER Metal9 = 0 um.
#Total number of vias = 2050
#Up-Via Summary (total 2050):
#           
#-----------------------
# Metal1           1234
# Metal2            771
# Metal3             42
# Metal4              3
#-----------------------
#                  2050 
#
#Max overcon = 1 tracks.
#Total overcon = 0.06%.
#Worst layer Gcell overcon rate = 0.00%.
#
#Global routing statistics:
#Cpu time = 00:00:00
#Elapsed time = 00:00:00
#Increased memory = 2.14 (MB)
#Total memory = 2008.18 (MB)
#Peak memory = 2163.47 (MB)
#
#Finished global routing on Sun Mar  1 16:57:39 2026
#
#
#cpu time = 00:00:00, elapsed time = 00:00:00, memory = 2008.18 (MB), peak = 2163.47 (MB)
#Start Track Assignment.
#Done with 524 horizontal wires in 1 hboxes and 542 vertical wires in 1 hboxes.
#Done with 128 horizontal wires in 1 hboxes and 115 vertical wires in 1 hboxes.
#Done with 1 horizontal wires in 1 hboxes and 1 vertical wires in 1 hboxes.
#
#Track assignment summary:
# layer   (wire length)   (overlap)     (long ovlp)	(with obs/pg/clk)  
#------------------------------------------------------------------------
# Metal1        48.33 	  0.00%  	  0.00% 	  0.00%
# Metal2      2790.25 	  0.04%  	  0.00% 	  0.00%
# Metal3      3213.59 	  0.15%  	  0.00% 	  0.00%
# Metal4       484.05 	  0.00%  	  0.00% 	  0.00%
# Metal5         7.11 	  0.00%  	  0.00% 	  0.00%
# Metal6         0.00 	  0.00%  	  0.00% 	  0.00%
# Metal7         0.00 	  0.00%  	  0.00% 	  0.00%
# Metal8         0.00 	  0.00%  	  0.00% 	  0.00%
# Metal9         0.00 	  0.00%  	  0.00% 	  0.00%
#------------------------------------------------------------------------
# All        6543.33  	  0.09% 	  0.00% 	  0.00%
#Complete Track Assignment.
#Total wire length = 6455 um.
#Total half perimeter of net bounding box = 6800 um.
#Total wire length on LAYER Metal1 = 48 um.
#Total wire length on LAYER Metal2 = 2739 um.
#Total wire length on LAYER Metal3 = 3180 um.
#Total wire length on LAYER Metal4 = 481 um.
#Total wire length on LAYER Metal5 = 7 um.
#Total wire length on LAYER Metal6 = 0 um.
#Total wire length on LAYER Metal7 = 0 um.
#Total wire length on LAYER Metal8 = 0 um.
#Total wire length on LAYER Metal9 = 0 um.
#Total number of vias = 2050
#Up-Via Summary (total 2050):
#           
#-----------------------
# Metal1           1234
# Metal2            771
# Metal3             42
# Metal4              3
#-----------------------
#                  2050 
#
#cpu time = 00:00:00, elapsed time = 00:00:00, memory = 2008.24 (MB), peak = 2163.47 (MB)
#
#Routing data preparation, pin analysis, global routing and track assignment statistics:
#Cpu time = 00:00:01
#Elapsed time = 00:00:01
#Increased memory = 11.92 (MB)
#Total memory = 2008.24 (MB)
#Peak memory = 2163.47 (MB)
#
#Start Detail Routing..
#start initial detail routing ...
#   number of violations = 0
#cpu time = 00:00:01, elapsed time = 00:00:01, memory = 2019.12 (MB), peak = 2163.47 (MB)
#Complete Detail Routing.
#Total wire length = 7349 um.
#Total half perimeter of net bounding box = 6800 um.
#Total wire length on LAYER Metal1 = 246 um.
#Total wire length on LAYER Metal2 = 2952 um.
#Total wire length on LAYER Metal3 = 3177 um.
#Total wire length on LAYER Metal4 = 946 um.
#Total wire length on LAYER Metal5 = 28 um.
#Total wire length on LAYER Metal6 = 0 um.
#Total wire length on LAYER Metal7 = 0 um.
#Total wire length on LAYER Metal8 = 0 um.
#Total wire length on LAYER Metal9 = 0 um.
#Total number of vias = 2375
#Up-Via Summary (total 2375):
#           
#-----------------------
# Metal1           1298
# Metal2            950
# Metal3            124
# Metal4              3
#-----------------------
#                  2375 
#
#Total number of DRC violations = 0
#Cpu time = 00:00:01
#Elapsed time = 00:00:01
#Increased memory = 10.88 (MB)
#Total memory = 2019.12 (MB)
#Peak memory = 2163.47 (MB)
#
#Start Post Route wire spreading..
#
#Start DRC checking..
#   number of violations = 0
#cpu time = 00:00:00, elapsed time = 00:00:00, memory = 2019.59 (MB), peak = 2163.47 (MB)
#CELL_VIEW alarm_clock_top,init has no DRC violation.
#Total number of DRC violations = 0
#Total number of process antenna violations = 0
#Total number of net violated process antenna rule = 0
#
#Start data preparation for wire spreading...
#
#Data preparation is done on Sun Mar  1 16:57:40 2026
#
#
#Start Post Route Wire Spread.
#Done with 104 horizontal wires in 1 hboxes and 74 vertical wires in 1 hboxes.
#Complete Post Route Wire Spread.
#
#Total wire length = 7444 um.
#Total half perimeter of net bounding box = 6800 um.
#Total wire length on LAYER Metal1 = 249 um.
#Total wire length on LAYER Metal2 = 2977 um.
#Total wire length on LAYER Metal3 = 3228 um.
#Total wire length on LAYER Metal4 = 963 um.
#Total wire length on LAYER Metal5 = 28 um.
#Total wire length on LAYER Metal6 = 0 um.
#Total wire length on LAYER Metal7 = 0 um.
#Total wire length on LAYER Metal8 = 0 um.
#Total wire length on LAYER Metal9 = 0 um.
#Total number of vias = 2375
#Up-Via Summary (total 2375):
#           
#-----------------------
# Metal1           1298
# Metal2            950
# Metal3            124
# Metal4              3
#-----------------------
#                  2375 
#
#
#Start DRC checking..
#   number of violations = 0
#cpu time = 00:00:00, elapsed time = 00:00:00, memory = 2019.48 (MB), peak = 2163.47 (MB)
#CELL_VIEW alarm_clock_top,init has no DRC violation.
#Total number of DRC violations = 0
#Total number of process antenna violations = 0
#Total number of net violated process antenna rule = 0
#   number of violations = 0
#cpu time = 00:00:00, elapsed time = 00:00:00, memory = 2019.48 (MB), peak = 2163.47 (MB)
#CELL_VIEW alarm_clock_top,init has no DRC violation.
#Total number of DRC violations = 0
#Total number of process antenna violations = 0
#Total number of net violated process antenna rule = 0
#Post Route wire spread is done.
#Total wire length = 7444 um.
#Total half perimeter of net bounding box = 6800 um.
#Total wire length on LAYER Metal1 = 249 um.
#Total wire length on LAYER Metal2 = 2977 um.
#Total wire length on LAYER Metal3 = 3228 um.
#Total wire length on LAYER Metal4 = 963 um.
#Total wire length on LAYER Metal5 = 28 um.
#Total wire length on LAYER Metal6 = 0 um.
#Total wire length on LAYER Metal7 = 0 um.
#Total wire length on LAYER Metal8 = 0 um.
#Total wire length on LAYER Metal9 = 0 um.
#Total number of vias = 2375
#Up-Via Summary (total 2375):
#           
#-----------------------
# Metal1           1298
# Metal2            950
# Metal3            124
# Metal4              3
#-----------------------
#                  2375 
#
#detailRoute Statistics:
#Cpu time = 00:00:01
#Elapsed time = 00:00:01
#Increased memory = 11.23 (MB)
#Total memory = 2019.48 (MB)
#Peak memory = 2163.47 (MB)
#	no debugging net set
#
#globalDetailRoute statistics:
#Cpu time = 00:00:02
#Elapsed time = 00:00:02
#Increased memory = -0.91 (MB)
#Total memory = 1994.57 (MB)
#Peak memory = 2163.47 (MB)
#Number of warnings = 3
#Total number of warnings = 7
#Number of fails = 0
#Total number of fails = 0
#Complete globalDetailRoute on Sun Mar  1 16:57:40 2026
#
#Default setup view is reset to worst_case.

detailRoute

#Start detailRoute on Sun Mar  1 16:57:40 2026
#
#Invoke dbWirePreImport deleteTR=1 convert_unrouted=0 selected_only=0 (nr_selected_net=0)
#num needed restored net=0
#need_extraction net=0 (total=442)
#WARNING (NRDB-2005) SPECIAL_NET VDD has special wires but no definitions for instance pins or top level pins. This will cause routability problems later.
#WARNING (NRDB-2005) SPECIAL_NET VSS has special wires but no definitions for instance pins or top level pins. This will cause routability problems later.
#NanoRoute Version 21.15-s110_1 NR220912-2004/21_15-UB
#Start routing data preparation on Sun Mar  1 16:57:40 2026
#
#Minimum voltage of a net in the design = 0.000.
#Maximum voltage of a net in the design = 1.100.
#Voltage range [0.000 - 1.100] has 440 nets.
#Voltage range [0.900 - 1.100] has 1 net.
#Voltage range [0.000 - 0.000] has 1 net.
#Build and mark too close pins for the same net.
#Initial pin access analysis.
#Detail pin access analysis.
# Metal1       H   Track-Pitch = 0.29000    Line-2-Via Pitch = 0.25500
# Metal2       V   Track-Pitch = 0.29000    Line-2-Via Pitch = 0.28500
# Metal3       H   Track-Pitch = 0.29000    Line-2-Via Pitch = 0.28500
# Metal4       V   Track-Pitch = 0.29000    Line-2-Via Pitch = 0.28500
# Metal5       H   Track-Pitch = 0.29000    Line-2-Via Pitch = 0.28500
# Metal6       V   Track-Pitch = 0.29000    Line-2-Via Pitch = 0.28500
# Metal7       H   Track-Pitch = 0.29000    Line-2-Via Pitch = 0.28500
# Metal8       V   Track-Pitch = 0.87000    Line-2-Via Pitch = 0.85000
# Metal9       H   Track-Pitch = 0.87000    Line-2-Via Pitch = 0.85000
#cpu time = 00:00:00, elapsed time = 00:00:00, memory = 1991.03 (MB), peak = 2163.47 (MB)
#Regenerating Ggrids automatically.
#Auto generating G-grids with size=15 tracks, using layer Metal3's pitch = 0.29000.
#Using automatically generated G-grids.
#(check_and_prepare_match_target_file) no match_target_file in constraint. quit
#Done routing data preparation.
#cpu time = 00:00:00, elapsed time = 00:00:00, memory = 1994.83 (MB), peak = 2163.47 (MB)
#
#Start Post Route wire spreading..
#
#Start data preparation for wire spreading...
#
#Data preparation is done on Sun Mar  1 16:57:41 2026
#
#
#Start Post Route Wire Spread.
#Done with 14 horizontal wires in 1 hboxes and 15 vertical wires in 1 hboxes.
#Complete Post Route Wire Spread.
#
#Total wire length = 7452 um.
#Total half perimeter of net bounding box = 6800 um.
#Total wire length on LAYER Metal1 = 249 um.
#Total wire length on LAYER Metal2 = 2980 um.
#Total wire length on LAYER Metal3 = 3230 um.
#Total wire length on LAYER Metal4 = 966 um.
#Total wire length on LAYER Metal5 = 28 um.
#Total wire length on LAYER Metal6 = 0 um.
#Total wire length on LAYER Metal7 = 0 um.
#Total wire length on LAYER Metal8 = 0 um.
#Total wire length on LAYER Metal9 = 0 um.
#Total number of vias = 2375
#Up-Via Summary (total 2375):
#           
#-----------------------
# Metal1           1298
# Metal2            950
# Metal3            124
# Metal4              3
#-----------------------
#                  2375 
#
#   number of violations = 0
#cpu time = 00:00:00, elapsed time = 00:00:00, memory = 1994.84 (MB), peak = 2163.47 (MB)
#CELL_VIEW alarm_clock_top,init has no DRC violation.
#Total number of DRC violations = 0
#Total number of process antenna violations = 0
#Total number of net violated process antenna rule = 0
#Post Route wire spread is done.
#Total wire length = 7452 um.
#Total half perimeter of net bounding box = 6800 um.
#Total wire length on LAYER Metal1 = 249 um.
#Total wire length on LAYER Metal2 = 2980 um.
#Total wire length on LAYER Metal3 = 3230 um.
#Total wire length on LAYER Metal4 = 966 um.
#Total wire length on LAYER Metal5 = 28 um.
#Total wire length on LAYER Metal6 = 0 um.
#Total wire length on LAYER Metal7 = 0 um.
#Total wire length on LAYER Metal8 = 0 um.
#Total wire length on LAYER Metal9 = 0 um.
#Total number of vias = 2375
#Up-Via Summary (total 2375):
#           
#-----------------------
# Metal1           1298
# Metal2            950
# Metal3            124
# Metal4              3
#-----------------------
#                  2375 
#
#	no debugging net set
#
#detailRoute statistics:
#Cpu time = 00:00:00
#Elapsed time = 00:00:00
#Increased memory = 1.86 (MB)
#Total memory = 1990.55 (MB)
#Peak memory = 2163.47 (MB)
#Number of warnings = 2
#Total number of warnings = 9
#Number of fails = 0
#Total number of fails = 0
#Complete detailRoute on Sun Mar  1 16:57:41 2026
#
#Default setup view is reset to worst_case.
AAE_INFO: Post Route call back at the end of routeDesign
#routeDesign: cpu time = 00:00:03, elapsed time = 00:00:03, memory = 1990.60 (MB), peak = 2163.47 (MB)
*** Message Summary: 0 warning(s), 0 error(s)

<CMD> saveDesign postRoute.enc
#% Begin save design ... (date=03/01 16:57:50, mem=1990.5M)
% Begin Save ccopt configuration ... (date=03/01 16:57:50, mem=1990.5M)
% End Save ccopt configuration ... (date=03/01 16:57:50, total cpu=0:00:00.0, real=0:00:00.0, peak res=1990.9M, current mem=1990.9M)
% Begin Save netlist data ... (date=03/01 16:57:50, mem=1990.9M)
Writing Binary DB to postRoute.enc.dat/alarm_clock_top.v.bin in single-threaded mode...
% End Save netlist data ... (date=03/01 16:57:50, total cpu=0:00:00.0, real=0:00:00.0, peak res=1990.9M, current mem=1990.9M)
Saving symbol-table file ...
Saving congestion map file postRoute.enc.dat/alarm_clock_top.route.congmap.gz ...
% Begin Save AAE data ... (date=03/01 16:57:50, mem=1991.1M)
Saving AAE Data ...
AAE DB initialization (MEM=2276.91 CPU=0:00:00.0 REAL=0:00:00.0) 
% End Save AAE data ... (date=03/01 16:57:50, total cpu=0:00:00.0, real=0:00:00.0, peak res=1991.8M, current mem=1991.8M)
Saving preference file postRoute.enc.dat/gui.pref.tcl ...
Saving mode setting ...
Saving global file ...
% Begin Save floorplan data ... (date=03/01 16:57:51, mem=1992.3M)
Saving floorplan file ...
% End Save floorplan data ... (date=03/01 16:57:51, total cpu=0:00:00.0, real=0:00:00.0, peak res=1992.3M, current mem=1992.3M)
Saving Drc markers ...
... No Drc file written since there is no markers found.
% Begin Save placement data ... (date=03/01 16:57:51, mem=1992.3M)
** Saving stdCellPlacement_binary (version# 2) ...
Save Adaptive View Pruning View Names to Binary file
% End Save placement data ... (date=03/01 16:57:51, total cpu=0:00:00.0, real=0:00:00.0, peak res=1992.3M, current mem=1992.3M)
% Begin Save routing data ... (date=03/01 16:57:51, mem=1992.3M)
Saving route file ...
*** Completed saveRoute (cpu=0:00:00.0 real=0:00:00.0 mem=2277.4M) ***
% End Save routing data ... (date=03/01 16:57:51, total cpu=0:00:00.0, real=0:00:00.0, peak res=1992.4M, current mem=1992.4M)
Saving property file postRoute.enc.dat/alarm_clock_top.prop
*** Completed saveProperty (cpu=0:00:00.0 real=0:00:00.0 mem=2280.4M) ***
#Saving pin access data to file postRoute.enc.dat/alarm_clock_top.apa ...
#
% Begin Save power constraints data ... (date=03/01 16:57:51, mem=1992.6M)
% End Save power constraints data ... (date=03/01 16:57:51, total cpu=0:00:00.0, real=0:00:00.0, peak res=1992.6M, current mem=1992.6M)
rc_corners
Generated self-contained design postRoute.enc.dat
#% End save design ... (date=03/01 16:57:51, total cpu=0:00:00.3, real=0:00:01.0, peak res=1993.8M, current mem=1993.8M)
*** Message Summary: 0 warning(s), 0 error(s)

<CMD> optDesign -postRoute -hold
**optDesign ... cpu = 0:00:00, real = 0:00:00, mem = 1993.8M, totSessionCpu=0:02:05 **
*** optDesign #7 [begin] : totSession cpu/real = 0:02:05.4/0:18:00.9 (0.1), mem = 2291.8M
GigaOpt running with 1 threads.
*** InitOpt #1 [begin] (optDesign #7) : totSession cpu/real = 0:02:05.4/0:18:00.9 (0.1), mem = 2291.8M
**INFO: User settings:
setNanoRouteMode -drouteEndIteration                            1
setNanoRouteMode -droutePostRouteSpreadWire                     1
setNanoRouteMode -droutePostRouteWidenWireRule                  LEFDefaultRouteSpec_gpdk090
setNanoRouteMode -extractThirdPartyCompatible                   false
setNanoRouteMode -grouteExpTdStdDelay                           36
setNanoRouteMode -grouteExpTdUseTifTimingEngineForImportDesign  false
setNanoRouteMode -routeBottomRoutingLayer                       1
setNanoRouteMode -routeTopRoutingLayer                          9
setNanoRouteMode -routeWithSiDriven                             false
setNanoRouteMode -routeWithTimingDriven                         false
setNanoRouteMode -timingEngine                                  {}
setExtractRCMode -engine                                        preRoute
setUsefulSkewMode -ecoRoute                                     false
setUsefulSkewMode -maxAllowedDelay                              1
setUsefulSkewMode -noBoundary                                   false
setDelayCalMode -enable_high_fanout                             true
setDelayCalMode -engine                                         aae
setDelayCalMode -ignoreNetLoad                                  false
setDelayCalMode -socv_accuracy_mode                             low
setOptMode -activeHoldViews                                     { best_case }
setOptMode -activeSetupViews                                    { worst_case }
setOptMode -autoHoldViews                                       { best_case}
setOptMode -autoSetupViews                                      { worst_case}
setOptMode -autoTDGRSetupViews                                  { worst_case}
setOptMode -autoViewHoldTargetSlack                             0
setOptMode -drcMargin                                           0
setOptMode -fixCap                                              true
setOptMode -fixDrc                                              true
setOptMode -fixFanoutLoad                                       true
setOptMode -fixTran                                             true
setOptMode -optimizeFF                                          true
setOptMode -preserveAllSequential                               false
setOptMode -setupTargetSlack                                    0
setSIMode -separate_delta_delay_on_data                         true
setPlaceMode -place_design_floorplan_mode                       false
setPlaceMode -place_detail_check_route                          false
setPlaceMode -place_detail_preserve_routing                     true
setPlaceMode -place_detail_remove_affected_routing              false
setPlaceMode -place_detail_swap_eeq_cells                       false
setPlaceMode -place_global_clock_gate_aware                     true
setPlaceMode -place_global_cong_effort                          auto
setPlaceMode -place_global_ignore_scan                          true
setPlaceMode -place_global_ignore_spare                         false
setPlaceMode -place_global_module_aware_spare                   false
setPlaceMode -place_global_place_io_pins                        true
setPlaceMode -place_global_reorder_scan                         true
setPlaceMode -powerDriven                                       false
setPlaceMode -timingDriven                                      true
setAnalysisMode -analysisType                                   bcwc
setAnalysisMode -checkType                                      setup
setAnalysisMode -clkSrcPath                                     true
setAnalysisMode -clockPropagation                               sdcControl
setAnalysisMode -skew                                           true
setAnalysisMode -usefulSkew                                     true
setAnalysisMode -virtualIPO                                     false

**INFO: setDesignMode -flowEffort standard -> setting 'setOptMode -allEndPoints true' for the duration of this command.
Disable merging buffers from different footprints for postRoute code for non-MSV designs
Need call spDPlaceInit before registerPrioInstLoc.
Switching SI Aware to true by default in postroute mode   
AAE_INFO: switching -siAware from false to true ...
AAE_INFO: The setting is changed from false to true in setDelayCalMode -SIAware
Updating RC grid for preRoute extraction ...
Initializing multi-corner capacitance tables ... 
Initializing multi-corner resistance tables ...
**WARN: (IMPOPT-7320):	Glitch fixing is enabled but glitch report is disabled. Glitch reporting can be enabled using command setSIMode -enable_glitch_report true
**optDesign ... cpu = 0:00:00, real = 0:00:01, mem = 2017.5M, totSessionCpu=0:02:06 **
Existing Dirty Nets : 0
New Signature Flow (optDesignCheckOptions) ....
#Taking db snapshot
#Taking db snapshot ... done
Begin checking placement ... (start mem=2330.1M, init mem=2330.1M)
*info: Placed = 415           
*info: Unplaced = 0           
Placement Density:95.36%(3077/3227)
Placement Density (including fixed std cells):95.36%(3077/3227)
Finished checkPlace (total: cpu=0:00:00.0, real=0:00:00.0; vio checks: cpu=0:00:00.0, real=0:00:00.0; mem=2330.1M)

**ERROR: (IMPOPT-6080):	AAE-SI Optimization can only be turned on when the timing analysis mode is set to OCV.

Info: Destroy the CCOpt slew target map.
*** InitOpt #1 [finish] (optDesign #7) : cpu/real = 0:00:00.5/0:00:00.5 (1.0), totSession cpu/real = 0:02:05.8/0:18:01.4 (0.1), mem = 2330.1M
*** optDesign #7 [finish] : cpu/real = 0:00:00.5/0:00:00.5 (1.0), totSession cpu/real = 0:02:05.8/0:18:01.4 (0.1), mem = 2330.1M

<CMD> report_timing -hold
**ERROR: (TCLCMD-981):	Unsupported extra argument '-hold' in command 'report_timing'.

<CMD> setAnalysisMode -analysisType onChipVariation
<CMD> optDesign -postRoute -hold
**optDesign ... cpu = 0:00:00, real = 0:00:00, mem = 1994.4M, totSessionCpu=0:02:12 **
*** optDesign #8 [begin] : totSession cpu/real = 0:02:12.1/0:19:40.6 (0.1), mem = 2300.2M
GigaOpt running with 1 threads.
*** InitOpt #1 [begin] (optDesign #8) : totSession cpu/real = 0:02:12.1/0:19:40.6 (0.1), mem = 2300.2M
**INFO: User settings:
setNanoRouteMode -drouteEndIteration                            1
setNanoRouteMode -droutePostRouteSpreadWire                     1
setNanoRouteMode -droutePostRouteWidenWireRule                  LEFDefaultRouteSpec_gpdk090
setNanoRouteMode -extractThirdPartyCompatible                   false
setNanoRouteMode -grouteExpTdStdDelay                           36
setNanoRouteMode -grouteExpTdUseTifTimingEngineForImportDesign  false
setNanoRouteMode -routeBottomRoutingLayer                       1
setNanoRouteMode -routeTopRoutingLayer                          9
setNanoRouteMode -routeWithSiDriven                             false
setNanoRouteMode -routeWithTimingDriven                         false
setNanoRouteMode -timingEngine                                  {}
setExtractRCMode -coupled                                       true
setExtractRCMode -engine                                        postRoute
setUsefulSkewMode -ecoRoute                                     false
setUsefulSkewMode -maxAllowedDelay                              1
setUsefulSkewMode -noBoundary                                   false
setDelayCalMode -enable_high_fanout                             true
setDelayCalMode -engine                                         aae
setDelayCalMode -ignoreNetLoad                                  false
setDelayCalMode -SIAware                                        true
setDelayCalMode -socv_accuracy_mode                             low
setOptMode -activeHoldViews                                     { best_case }
setOptMode -activeSetupViews                                    { worst_case }
setOptMode -autoHoldViews                                       { best_case}
setOptMode -autoSetupViews                                      { worst_case}
setOptMode -autoTDGRSetupViews                                  { worst_case}
setOptMode -autoViewHoldTargetSlack                             0
setOptMode -drcMargin                                           0
setOptMode -fixCap                                              true
setOptMode -fixDrc                                              true
setOptMode -fixFanoutLoad                                       true
setOptMode -fixTran                                             true
setOptMode -optimizeFF                                          true
setOptMode -preserveAllSequential                               false
setOptMode -setupTargetSlack                                    0
setSIMode -separate_delta_delay_on_data                         true
setPlaceMode -place_design_floorplan_mode                       false
setPlaceMode -place_detail_check_route                          false
setPlaceMode -place_detail_preserve_routing                     true
setPlaceMode -place_detail_remove_affected_routing              false
setPlaceMode -place_detail_swap_eeq_cells                       false
setPlaceMode -place_global_clock_gate_aware                     true
setPlaceMode -place_global_cong_effort                          auto
setPlaceMode -place_global_ignore_scan                          true
setPlaceMode -place_global_ignore_spare                         false
setPlaceMode -place_global_module_aware_spare                   false
setPlaceMode -place_global_place_io_pins                        true
setPlaceMode -place_global_reorder_scan                         true
setPlaceMode -powerDriven                                       false
setPlaceMode -timingDriven                                      true
setAnalysisMode -analysisType                                   onChipVariation
setAnalysisMode -checkType                                      setup
setAnalysisMode -clkSrcPath                                     true
setAnalysisMode -clockPropagation                               sdcControl
setAnalysisMode -skew                                           true
setAnalysisMode -usefulSkew                                     true
setAnalysisMode -virtualIPO                                     false

**INFO: setDesignMode -flowEffort standard -> setting 'setOptMode -allEndPoints true' for the duration of this command.
Disable merging buffers from different footprints for postRoute code for non-MSV designs
Need call spDPlaceInit before registerPrioInstLoc.
**WARN: (IMPOPT-7320):	Glitch fixing is enabled but glitch report is disabled. Glitch reporting can be enabled using command setSIMode -enable_glitch_report true
**optDesign ... cpu = 0:00:00, real = 0:00:00, mem = 2020.5M, totSessionCpu=0:02:13 **
Existing Dirty Nets : 0
New Signature Flow (optDesignCheckOptions) ....
#Taking db snapshot
#Taking db snapshot ... done
Begin checking placement ... (start mem=2325.1M, init mem=2325.1M)
*info: Placed = 415           
*info: Unplaced = 0           
Placement Density:95.36%(3077/3227)
Placement Density (including fixed std cells):95.36%(3077/3227)
Finished checkPlace (total: cpu=0:00:00.0, real=0:00:00.0; vio checks: cpu=0:00:00.0, real=0:00:00.0; mem=2325.1M)
 Initial DC engine is -> aae
 
 AAE-Opt:: Current number of nets in RC Memory -> 100 K
 
 
 AAE-Opt:: New number of nets in RC Memory -> 100 K
 
Reset EOS DB
Ignoring AAE DB Resetting ...
 Set Options for AAE Based Opt flow 
*** optDesign -postRoute ***
DRC Margin: user margin 0.0; extra margin 0
Setup Target Slack: user slack 0
Hold Target Slack: user slack 0
Opt: RC extraction mode changed to 'detail'
*** InitOpt #1 [finish] (optDesign #8) : cpu/real = 0:00:00.5/0:00:00.5 (1.0), totSession cpu/real = 0:02:12.6/0:19:41.1 (0.1), mem = 2323.1M
Include MVT Delays for Hold Opt
** INFO : this run is activating 'postRoute' automaton
**INFO: flowCheckPoint #1 InitialSummary
Extraction called for design 'alarm_clock_top' of instances=415 and nets=442 using extraction engine 'postRoute' at effort level 'low' .
**WARN: (IMPEXT-3530):	The process node is not set. Use the command setDesignMode -process <process node> prior to extraction for maximum accuracy and optimal automatic threshold setting.
Type 'man IMPEXT-3530' for more detail.
PostRoute (effortLevel low) RC Extraction called for design alarm_clock_top.
RC Extraction called in multi-corner(1) mode.
Process corner(s) are loaded.
 Corner: rc_corners
extractDetailRC Option : -outfile /tmp/innovus_temp_138570_ic312.vit.ac.in_vlsi_ODfMbH/alarm_clock_top_138570_nNGoNB.rcdb.d  -extended
RC Mode: PostRoute -effortLevel low [Extended CapTable, RC Table Resistances]
      RC Corner Indexes            0   
Capacitance Scaling Factor   : 1.00000 
Coupling Cap. Scaling Factor : 1.00000 
Resistance Scaling Factor    : 1.00000 
Clock Cap. Scaling Factor    : 1.00000 
Clock Res. Scaling Factor    : 1.00000 
Shrink Factor                : 1.00000
Initializing multi-corner capacitance tables ... 
Initializing multi-corner resistance tables ...
Checking LVS Completed (CPU Time= 0:00:00.0  MEM= 2319.1M)
Extracted 10.0521% (CPU Time= 0:00:00.0  MEM= 2339.1M)
Extracted 20.0463% (CPU Time= 0:00:00.0  MEM= 2363.1M)
Extracted 30.0406% (CPU Time= 0:00:00.0  MEM= 2363.1M)
Extracted 40.0348% (CPU Time= 0:00:00.0  MEM= 2363.1M)
Extracted 50.0579% (CPU Time= 0:00:00.0  MEM= 2363.1M)
Extracted 60.0521% (CPU Time= 0:00:00.0  MEM= 2363.1M)
Extracted 70.0463% (CPU Time= 0:00:00.0  MEM= 2363.1M)
Extracted 80.0406% (CPU Time= 0:00:00.0  MEM= 2363.1M)
Extracted 90.0348% (CPU Time= 0:00:00.0  MEM= 2363.1M)
Extracted 100% (CPU Time= 0:00:00.0  MEM= 2363.1M)
Number of Extracted Resistors     : 6147
Number of Extracted Ground Cap.   : 6243
Number of Extracted Coupling Cap. : 10420
Filtering XCap in 'relativeOnly' mode using values relative_c_threshold=0.03 and total_c_threshold=5fF.
 Corner: rc_corners
Checking LVS Completed (CPU Time= 0:00:00.0  MEM= 2339.1M)
PostRoute (effortLevel low) RC Extraction DONE (CPU Time: 0:00:00.2  Real Time: 0:00:01.0  MEM: 2347.070M)
**ERROR: (IMPOPT-310):	Design density (95.36%) exceeds/equals limit (95.00%).
AAE DB initialization (MEM=2385.23 CPU=0:00:00.0 REAL=0:00:00.0) 
**INFO: flowCheckPoint #2 OptimizationHold
**ERROR: (IMPOPT-310):	Design density (95.36%) exceeds/equals limit (95.00%).
GigaOpt Hold Optimizer is used
Initializing multi-corner capacitance tables ... 
Initializing multi-corner resistance tables ...
Starting initialization (fixHold) cpu=0:00:00.0 real=0:00:00.0 totSessionCpu=0:02:13 mem=2404.3M ***
*** BuildHoldData #1 [begin] (optDesign #8) : totSession cpu/real = 0:02:13.3/0:19:42.0 (0.1), mem = 2404.3M
Starting delay calculation for Hold views
AAE_INFO: opIsDesignInPostRouteState() is 1
AAE_INFO: deleting AAE DB due to opIsDesignInPostRouteState() is changed ...
AAE DB initialization (MEM=2383.23 CPU=0:00:00.0 REAL=0:00:00.0) 
AAE_INFO: resetNetProps viewIdx 1 
Starting SI iteration 1 using Infinite Timing Windows
#################################################################################
# Design Stage: PostRoute
# Design Name: alarm_clock_top
# Design Mode: 90nm
# Analysis Mode: MMMC OCV 
# Parasitics Mode: SPEF/RCDB 
# Signoff Settings: SI On 
#################################################################################
AAE_INFO: 1 threads acquired from CTE.
Start delay calculation (fullDC) (1 T). (MEM=2383.23)
*** Calculating scaling factor for min_timing libraries using the default operating condition of each library.
Total number of fetched objects 435
AAE_INFO-618: Total number of nets in the design is 442,  100.0 percent of the nets selected for SI analysis
End delay calculation. (MEM=2447.15 CPU=0:00:00.0 REAL=0:00:00.0)
End delay calculation (fullDC). (MEM=2447.15 CPU=0:00:00.1 REAL=0:00:00.0)
Loading CTE timing window with TwFlowType 0...(CPU = 0:00:00.0, REAL = 0:00:00.0, MEM = 2439.1M)
Add other clocks and setupCteToAAEClockMapping during iter 1
Loading CTE timing window is completed (CPU = 0:00:00.0, REAL = 0:00:00.0, MEM = 2439.1M)

Executing IPO callback for view pruning ..
Starting SI iteration 2
Start delay calculation (fullDC) (1 T). (MEM=2380.27)
Glitch Analysis: View best_case -- Total Number of Nets Skipped = 0. 
Glitch Analysis: View best_case -- Total Number of Nets Analyzed = 435. 
Total number of fetched objects 435
AAE_INFO-618: Total number of nets in the design is 442,  30.3 percent of the nets selected for SI analysis
End delay calculation. (MEM=2424.96 CPU=0:00:00.0 REAL=0:00:01.0)
End delay calculation (fullDC). (MEM=2424.96 CPU=0:00:00.0 REAL=0:00:01.0)
*** Done Building Timing Graph (cpu=0:00:00.3 real=0:00:01.0 totSessionCpu=0:02:14 mem=2425.0M)
Done building cte hold timing graph (fixHold) cpu=0:00:00.4 real=0:00:01.0 totSessionCpu=0:02:14 mem=2425.0M ***
Done building hold timer [1288 node(s), 1553 edge(s), 1 view(s)] (fixHold) cpu=0:00:00.4 real=0:00:01.0 totSessionCpu=0:02:14 mem=2440.2M ***
Starting delay calculation for Setup views
AAE_INFO: opIsDesignInPostRouteState() is 1
AAE_INFO: resetNetProps viewIdx 0 
Starting SI iteration 1 using Infinite Timing Windows
#################################################################################
# Design Stage: PostRoute
# Design Name: alarm_clock_top
# Design Mode: 90nm
# Analysis Mode: MMMC OCV 
# Parasitics Mode: SPEF/RCDB 
# Signoff Settings: SI On 
#################################################################################
AAE_INFO: 1 threads acquired from CTE.
Start delay calculation (fullDC) (1 T). (MEM=2420.5)
*** Calculating scaling factor for max_timing libraries using the default operating condition of each library.
Total number of fetched objects 435
AAE_INFO-618: Total number of nets in the design is 442,  100.0 percent of the nets selected for SI analysis
End delay calculation. (MEM=2421.37 CPU=0:00:00.0 REAL=0:00:00.0)
End delay calculation (fullDC). (MEM=2421.37 CPU=0:00:00.1 REAL=0:00:00.0)
Loading CTE timing window with TwFlowType 0...(CPU = 0:00:00.0, REAL = 0:00:00.0, MEM = 2421.4M)
Add other clocks and setupCteToAAEClockMapping during iter 1
Loading CTE timing window is completed (CPU = 0:00:00.0, REAL = 0:00:00.0, MEM = 2421.4M)

Executing IPO callback for view pruning ..
Starting SI iteration 2
Start delay calculation (fullDC) (1 T). (MEM=2385.48)
Glitch Analysis: View worst_case -- Total Number of Nets Skipped = 0. 
Glitch Analysis: View worst_case -- Total Number of Nets Analyzed = 435. 
Total number of fetched objects 435
AAE_INFO-618: Total number of nets in the design is 442,  0.2 percent of the nets selected for SI analysis
End delay calculation. (MEM=2429.17 CPU=0:00:00.0 REAL=0:00:00.0)
End delay calculation (fullDC). (MEM=2429.17 CPU=0:00:00.0 REAL=0:00:00.0)
*** Done Building Timing Graph (cpu=0:00:00.3 real=0:00:00.0 totSessionCpu=0:02:14 mem=2429.2M)
Done building cte setup timing graph (fixHold) cpu=0:00:00.7 real=0:00:01.0 totSessionCpu=0:02:14 mem=2429.2M ***
OPTC: m1 20.0 20.0
Setting latch borrow mode to budget during optimization.

*Info: minBufDelay = 99.6 ps, libStdDelay = 36.0 ps, minBufSize = 18165600 (6.0)
*Info: worst delay setup view: worst_case

------------------------------------------------------------------
     Hold Opt Initial Summary
------------------------------------------------------------------

Setup views included:
 worst_case
Hold views included:
 best_case

+--------------------+---------+---------+---------+
|     Setup mode     |   all   | reg2reg | default |
+--------------------+---------+---------+---------+
|           WNS (ns):|  5.745  |  5.745  |  6.891  |
|           TNS (ns):|  0.000  |  0.000  |  0.000  |
|    Violating Paths:|    0    |    0    |    0    |
|          All Paths:|   102   |   67    |   52    |
+--------------------+---------+---------+---------+

+--------------------+---------+---------+---------+
|     Hold mode      |   all   | reg2reg | default |
+--------------------+---------+---------+---------+
|           WNS (ns):| -0.208  | -0.208  |  1.747  |
|           TNS (ns):| -2.287  | -2.287  |  0.000  |
|    Violating Paths:|   26    |   26    |    0    |
|          All Paths:|   102   |   67    |   52    |
+--------------------+---------+---------+---------+

+----------------+-------------------------------+------------------+
|                |              Real             |       Total      |
|    DRVs        +------------------+------------+------------------|
|                |  Nr nets(terms)  | Worst Vio  |  Nr nets(terms)  |
+----------------+------------------+------------+------------------+
|   max_cap      |      0 (0)       |   0.000    |      0 (0)       |
|   max_tran     |      0 (0)       |   0.000    |      0 (0)       |
|   max_fanout   |      0 (0)       |     0      |      0 (0)       |
|   max_length   |      0 (0)       |     0      |      0 (0)       |
+----------------+------------------+------------+------------------+

Density: 95.355%
------------------------------------------------------------------
**optDesign ... cpu = 0:00:03, real = 0:00:03, mem = 2068.7M, totSessionCpu=0:02:15 **
*** BuildHoldData #1 [finish] (optDesign #8) : cpu/real = 0:00:01.6/0:00:01.6 (1.0), totSession cpu/real = 0:02:14.9/0:19:43.5 (0.1), mem = 2424.5M
*** HoldOpt #1 [begin] (optDesign #8) : totSession cpu/real = 0:02:14.9/0:19:43.5 (0.1), mem = 2424.5M
*info: Run optDesign holdfix with 1 thread.
Info: 0 don't touch net , 1 undriven net  excluded from IPO operation.
Info: 1 clock net  excluded from IPO operation.
Info: Done creating the CCOpt slew target map.

*** Starting Core Fixing (fixHold) cpu=0:00:01.7 real=0:00:02.0 totSessionCpu=0:02:15 mem=2606.6M density=95.355% ***

Phase I ......
Executing transform: ECO Safe Resize
+----+--------+---------+--------+-----------+----------------+---------+------------+---------+
|Iter|  WNS   |  TNS    |  #VP   |  #Buffer  |  #Resize(F/F)  | Density |    Real    |   Mem   |
+----+--------+---------+--------+-----------+----------------+---------+------------+---------+
**Info: Stopping hold fixing due to density exceeding max design density 95.000%
|   0|  -0.208|    -2.29|      26|          0|       0(     0)|   95.36%|   0:00:00.0|  2606.6M|
+----+--------+---------+--------+-----------+----------------+---------+------------+---------+
Executing transform: AddBuffer + LegalResize
+----+--------+---------+--------+-----------+----------------+---------+------------+---------+
|Iter|  WNS   |  TNS    |  #VP   |  #Buffer  |  #Resize(F/F)  | Density |    Real    |   Mem   |
+----+--------+---------+--------+-----------+----------------+---------+------------+---------+
**Info: Stopping hold fixing due to density exceeding max design density 95.000%
|   0|  -0.208|    -2.29|      26|          0|       0(     0)|   95.36%|   0:00:00.0|  2606.6M|
+----+--------+---------+--------+-----------+----------------+---------+------------+---------+


=======================================================================
                Reasons for remaining hold violations
=======================================================================
*info: Total 141 net(s) have violated hold timing slacks.

Buffering failure reasons
------------------------------------------------

Resizing failure reasons
------------------------------------------------


*** Finished Core Fixing (fixHold) cpu=0:00:01.7 real=0:00:02.0 totSessionCpu=0:02:15 mem=2606.6M density=95.355% ***


*** Finish Post Route Hold Fixing (cpu=0:00:01.7 real=0:00:02.0 totSessionCpu=0:02:15 mem=2606.6M density=95.355%) ***
**INFO: total 0 insts, 0 nets marked don't touch
**INFO: total 0 insts, 0 nets marked don't touch DB property
**INFO: total 0 insts, 0 nets unmarked don't touch

*** HoldOpt #1 [finish] (optDesign #8) : cpu/real = 0:00:00.1/0:00:00.1 (1.0), totSession cpu/real = 0:02:15.0/0:19:43.6 (0.1), mem = 2509.5M
Running postRoute recovery in preEcoRoute mode
**optDesign ... cpu = 0:00:03, real = 0:00:03, mem = 2154.1M, totSessionCpu=0:02:15 **
Checking DRV degradation...
**INFO: Skipping DRV recovery as drv did not degrade beyond margin
Finish postRoute recovery in preEcoRoute mode (cpu=0:00:00, real=0:00:00, mem=2509.67M, totSessionCpu=0:02:15).
**optDesign ... cpu = 0:00:03, real = 0:00:03, mem = 2154.1M, totSessionCpu=0:02:15 **

**INFO: Skipping refine place as no legal commits were detected
Latch borrow mode reset to max_borrow
**INFO: flowCheckPoint #3 FinalSummary
Reported timing to dir ./timingReports
**optDesign ... cpu = 0:00:03, real = 0:00:03, mem = 2154.2M, totSessionCpu=0:02:15 **
Saving timing graph ...
Done save timing graph
Starting delay calculation for Hold views
AAE_INFO: opIsDesignInPostRouteState() is 1
AAE_INFO: resetNetProps viewIdx 1 
Starting SI iteration 1 using Infinite Timing Windows
#################################################################################
# Design Stage: PostRoute
# Design Name: alarm_clock_top
# Design Mode: 90nm
# Analysis Mode: MMMC OCV 
# Parasitics Mode: SPEF/RCDB 
# Signoff Settings: SI On 
#################################################################################
AAE_INFO: 1 threads acquired from CTE.
Start delay calculation (fullDC) (1 T). (MEM=2520.62)
*** Calculating scaling factor for min_timing libraries using the default operating condition of each library.
Total number of fetched objects 435
AAE_INFO-618: Total number of nets in the design is 442,  100.0 percent of the nets selected for SI analysis
End delay calculation. (MEM=2520.05 CPU=0:00:00.0 REAL=0:00:00.0)
End delay calculation (fullDC). (MEM=2520.05 CPU=0:00:00.0 REAL=0:00:00.0)
Loading CTE timing window with TwFlowType 0...(CPU = 0:00:00.0, REAL = 0:00:00.0, MEM = 2520.0M)
Add other clocks and setupCteToAAEClockMapping during iter 1
Loading CTE timing window is completed (CPU = 0:00:00.0, REAL = 0:00:00.0, MEM = 2520.0M)
Starting SI iteration 2
Start delay calculation (fullDC) (1 T). (MEM=2473.16)
Glitch Analysis: View best_case -- Total Number of Nets Skipped = 0. 
Glitch Analysis: View best_case -- Total Number of Nets Analyzed = 435. 
Total number of fetched objects 435
AAE_INFO-618: Total number of nets in the design is 442,  30.3 percent of the nets selected for SI analysis
End delay calculation. (MEM=2517.86 CPU=0:00:00.0 REAL=0:00:00.0)
End delay calculation (fullDC). (MEM=2517.86 CPU=0:00:00.0 REAL=0:00:00.0)
*** Done Building Timing Graph (cpu=0:00:00.3 real=0:00:00.0 totSessionCpu=0:02:15 mem=2517.9M)
Restoring timing graph ...
**WARN: (IMPCTE-290):	Could not locate cell INVX1 in any library for view best_case.
Type 'man IMPCTE-290' for more detail.
**WARN: (IMPCTE-290):	Could not locate cell INVX1 in any library for view best_case.
Type 'man IMPCTE-290' for more detail.
**WARN: (IMPCTE-290):	Could not locate cell INVX1 in any library for view best_case.
Type 'man IMPCTE-290' for more detail.
**WARN: (IMPCTE-290):	Could not locate cell INVX1 in any library for view best_case.
Type 'man IMPCTE-290' for more detail.
**WARN: (IMPCTE-290):	Could not locate cell INVX1 in any library for view best_case.
Type 'man IMPCTE-290' for more detail.
**WARN: (IMPCTE-290):	Could not locate cell INVX1 in any library for view best_case.
Type 'man IMPCTE-290' for more detail.
**WARN: (IMPCTE-290):	Could not locate cell INVX1 in any library for view best_case.
Type 'man IMPCTE-290' for more detail.
**WARN: (IMPCTE-290):	Could not locate cell INVX1 in any library for view best_case.
Type 'man IMPCTE-290' for more detail.
**WARN: (IMPCTE-290):	Could not locate cell INVX1 in any library for view best_case.
Type 'man IMPCTE-290' for more detail.
**WARN: (IMPCTE-290):	Could not locate cell INVX1 in any library for view best_case.
Type 'man IMPCTE-290' for more detail.
**WARN: (IMPCTE-290):	Could not locate cell INVX1 in any library for view best_case.
Type 'man IMPCTE-290' for more detail.
**WARN: (IMPCTE-290):	Could not locate cell INVX1 in any library for view best_case.
Type 'man IMPCTE-290' for more detail.
**WARN: (IMPCTE-290):	Could not locate cell INVX1 in any library for view best_case.
Type 'man IMPCTE-290' for more detail.
**WARN: (IMPCTE-290):	Could not locate cell INVX1 in any library for view best_case.
Type 'man IMPCTE-290' for more detail.
**WARN: (IMPCTE-290):	Could not locate cell INVX1 in any library for view best_case.
Type 'man IMPCTE-290' for more detail.
**WARN: (IMPCTE-290):	Could not locate cell INVX1 in any library for view best_case.
Type 'man IMPCTE-290' for more detail.
**WARN: (IMPCTE-290):	Could not locate cell INVX1 in any library for view best_case.
Type 'man IMPCTE-290' for more detail.
**WARN: (IMPCTE-290):	Could not locate cell INVX1 in any library for view best_case.
Type 'man IMPCTE-290' for more detail.
**WARN: (IMPCTE-290):	Could not locate cell INVX1 in any library for view best_case.
Type 'man IMPCTE-290' for more detail.
**WARN: (IMPCTE-290):	Could not locate cell INVX1 in any library for view best_case.
Type 'man IMPCTE-290' for more detail.
**WARN: (EMS-27):	Message (IMPCTE-290) has exceeded the current message display limit of 20.
To increase the message display limit, refer to the product command reference manual.
AAE_INFO: Resetting and re-constructing cache for AAE clocks ...
Done restore timing graph

------------------------------------------------------------------
     optDesign Final SI Timing Summary
------------------------------------------------------------------

Setup views included:
 worst_case 
Hold views included:
 best_case

+--------------------+---------+---------+---------+
|     Setup mode     |   all   | reg2reg | default |
+--------------------+---------+---------+---------+
|           WNS (ns):|  5.745  |  5.745  |  6.891  |
|           TNS (ns):|  0.000  |  0.000  |  0.000  |
|    Violating Paths:|    0    |    0    |    0    |
|          All Paths:|   102   |   67    |   52    |
+--------------------+---------+---------+---------+

+--------------------+---------+---------+---------+
|     Hold mode      |   all   | reg2reg | default |
+--------------------+---------+---------+---------+
|           WNS (ns):| -0.208  | -0.208  |  1.747  |
|           TNS (ns):| -2.287  | -2.287  |  0.000  |
|    Violating Paths:|   26    |   26    |    0    |
|          All Paths:|   102   |   67    |   52    |
+--------------------+---------+---------+---------+

+----------------+-------------------------------+------------------+
|                |              Real             |       Total      |
|    DRVs        +------------------+------------+------------------|
|                |  Nr nets(terms)  | Worst Vio  |  Nr nets(terms)  |
+----------------+------------------+------------+------------------+
|   max_cap      |      0 (0)       |   0.000    |      0 (0)       |
|   max_tran     |      0 (0)       |   0.000    |      0 (0)       |
|   max_fanout   |      0 (0)       |     0      |      0 (0)       |
|   max_length   |      0 (0)       |     0      |      0 (0)       |
+----------------+------------------+------------+------------------+

Density: 95.355%
------------------------------------------------------------------
**optDesign ... cpu = 0:00:04, real = 0:00:04, mem = 2192.6M, totSessionCpu=0:02:16 **
 ReSet Options after AAE Based Opt flow 
Opt: RC extraction mode changed to 'detail'
*** Finished optDesign ***
Info: Destroy the CCOpt slew target map.
*** optDesign #8 [finish] : cpu/real = 0:00:03.7/0:00:04.5 (0.8), totSession cpu/real = 0:02:15.8/0:19:45.0 (0.1), mem = 2535.3M
<CMD> setLayerPreference node_layer -isVisible 0
<CMD> setLayerPreference node_layer -isVisible 1
<CMD> setLayerPreference node_layer -isVisible 0
<CMD> setLayerPreference Metal8 -isVisible 1
<CMD> setLayerPreference Via8 -isVisible 1
<CMD> setLayerPreference Metal9 -isVisible 1
<CMD> setLayerPreference Via7 -isVisible 1
<CMD> setLayerPreference Metal7 -isVisible 1
<CMD> setLayerPreference Poly -isVisible 1
<CMD> setLayerPreference node_layer -isVisible 1
<CMD> setAnalysisMode -checkType hold
<CMD> report_timing
AAE_INFO: opIsDesignInPostRouteState() is 1
AAE_INFO: resetNetProps viewIdx 1 
Starting SI iteration 1 using Infinite Timing Windows
#################################################################################
# Design Stage: PostRoute
# Design Name: alarm_clock_top
# Design Mode: 90nm
# Analysis Mode: MMMC OCV 
# Parasitics Mode: SPEF/RCDB 
# Signoff Settings: SI On 
#################################################################################
AAE_INFO: 1 threads acquired from CTE.
Start delay calculation (fullDC) (1 T). (MEM=2515.62)
*** Calculating scaling factor for min_timing libraries using the default operating condition of each library.
Total number of fetched objects 435
AAE_INFO-618: Total number of nets in the design is 442,  100.0 percent of the nets selected for SI analysis
End delay calculation. (MEM=2550.12 CPU=0:00:00.0 REAL=0:00:00.0)
End delay calculation (fullDC). (MEM=2550.12 CPU=0:00:00.0 REAL=0:00:00.0)
Loading CTE timing window with TwFlowType 0...(CPU = 0:00:00.0, REAL = 0:00:00.0, MEM = 2550.1M)
Add other clocks and setupCteToAAEClockMapping during iter 1
Loading CTE timing window is completed (CPU = 0:00:00.0, REAL = 0:00:00.0, MEM = 2550.1M)
Starting SI iteration 2
Start delay calculation (fullDC) (1 T). (MEM=2405.24)
Glitch Analysis: View best_case -- Total Number of Nets Skipped = 0. 
Glitch Analysis: View best_case -- Total Number of Nets Analyzed = 435. 
Total number of fetched objects 435
AAE_INFO-618: Total number of nets in the design is 442,  30.3 percent of the nets selected for SI analysis
End delay calculation. (MEM=2447.92 CPU=0:00:00.0 REAL=0:00:00.0)
End delay calculation (fullDC). (MEM=2447.92 CPU=0:00:00.0 REAL=0:00:00.0)
Path 1: VIOLATED Hold Check with Pin tg/div_cnt_reg[21]/CK 
Endpoint:   tg/div_cnt_reg[21]/D (v) checked with  leading edge of 'clk'
Beginpoint: tg/div_cnt_reg[21]/Q (^) triggered by  leading edge of 'clk'
Path Groups: {clk}
Analysis View: best_case
Other End Arrival Time          0.000
+ Hold                          0.148
+ Phase Shift                   0.000
+ Uncertainty                   0.200
= Required Time                 0.348
  Arrival Time                  0.141
  Slack Time                   -0.208
     Clock Rise Edge                 0.000
     + Clock Network Latency (Ideal) 0.000
     = Beginpoint Arrival Time       0.000
     +----------------------------------------------------------------------------------+ 
     |          Instance           |     Arc     |  Cell   | Delay | Arrival | Required | 
     |                             |             |         |       |  Time   |   Time   | 
     |-----------------------------+-------------+---------+-------+---------+----------| 
     | tg/div_cnt_reg[21]          | CK ^        |         |       |   0.000 |    0.208 | 
     | tg/div_cnt_reg[21]          | CK ^ -> Q ^ | DFFQX1  | 0.093 |   0.093 |    0.300 | 
     | tg/inc_add_20_32_g403__1881 | A0 ^ -> Y v | OAI21X1 | 0.020 |   0.113 |    0.320 | 
     | tg/g737__1666               | AN v -> Y v | NOR2BX1 | 0.028 |   0.141 |    0.348 | 
     | tg/div_cnt_reg[21]          | D v         | DFFQX1  | 0.000 |   0.141 |    0.348 | 
     +----------------------------------------------------------------------------------+ 

<CMD> floorPlan -core_util 65 -aspect_ratio 1

Usage: floorPlan [-help] [-adjustToSite] [-coreMarginsBy {io die}] [-dieSizeByIoHeight {min max}] [-flip {n s f}] [-fplanOrigin {center llcorner}] [-noResize] [-noSnapToGrid] [-overlapSameSiteRow] {-b <die_box io_box core_box> | -s <W H Left Bottom Right Top> | -d <W H Left Bottom Right Top> | -r <aspectRatio [rowDensity [Left Bottom Right Top]]> | -su <aspectRatio [stdCellDensity [Left Bottom Right Top]]> | -keepShape <util>} [-site <site> | -siteOnly <site>]

**ERROR: (IMPTCM-48):	"-core_util" is not a legal option for command "floorPlan". Either the current option or an option prior to it is not specified correctly.

<CMD> floorPlan -r 1 0.65
Original cellDensity(chipDen)=0.650, nrRow=26.
Number of standard cell rows = 26.
**WARN: (IMPFP-3961):	The techSite 'pad' has no related standard cells in the LEF/OA library. The calculations for this site type cannot be made unless standard cell models of this type exist in the LEF/OA library. Ignore this warning if the SITE is not used by the library. Alternatively, remove the SITE definition for the LEF/OA library to avoid this message.
Type 'man IMPFP-3961' for more detail.
**WARN: (IMPFP-3961):	The techSite 'corner' has no related standard cells in the LEF/OA library. The calculations for this site type cannot be made unless standard cell models of this type exist in the LEF/OA library. Ignore this warning if the SITE is not used by the library. Alternatively, remove the SITE definition for the LEF/OA library to avoid this message.
Type 'man IMPFP-3961' for more detail.
Horizontal Layer M1 offset = 290 (derived)
Vertical Layer M2 offset = 290 (derived)
Start create_tracks
Generated pitch 0.29 in Metal8 is different from 0.87 defined in technology file in unpreferred direction.
**WARN: (IMPFP-325):	Floorplan of the design is resized. All current floorplan objects are automatically derived based on specified new floorplan. This may change blocks, fixed standard cells, existing routes and blockages.
<CMD> zoomBox -23.07750 -0.79650 93.01900 55.33200
<CMD> zoomBox -11.88300 1.07800 86.79900 48.78700
<CMD> zoomBox -36.24800 -3.00200 100.33750 63.03200
<CMD> zoomBox -51.71300 -5.58250 108.97600 72.10500
<CMD> fit
<CMD> place_design
*** placeDesign #3 [begin] : totSession cpu/real = 0:02:32.7/0:23:52.2 (0.1), mem = 2447.9M
**WARN: (IMPEXT-3493):	The design extraction status has been reset by set_analysis_view/update_rc_corner or setExtractRCMode  command. The parasitic data can be regenerated either by extracting the design using the extractRC command or by loading the SPEF or RCDB file(s). To prevent resetting of the extraction status, avoid changing extraction modes.
Type 'man IMPEXT-3493' for more detail.
*** Starting placeDesign default flow ***
*** Start deleteBufferTree ***
Info: Detect buffers to remove automatically.
Analyzing netlist ...
Updating netlist

*summary: 79 instances (buffers/inverters) removed
*** Finish deleteBufferTree (0:00:00.0) ***
**INFO: Enable pre-place timing setting for timing analysis
Set Using Default Delay Limit as 101.
**WARN: (IMPDC-1629):	The default delay limit was set to 101. This is less than the default of 1000 and may result in inaccurate delay calculation for nets with a fanout higher than the setting.  If needed, the default delay limit may be adjusted by running the command 'set delaycal_use_default_delay_limit'.
Set Default Net Delay as 0 ps.
Set Default Net Load as 0 pF. 
**INFO: Analyzing IO path groups for slack adjustment
Effort level <high> specified for reg2reg_tmp.138570 path_group
AAE_INFO: opIsDesignInPostRouteState() is 0
AAE_INFO: deleting AAE DB due to opIsDesignInPostRouteState() is changed ...
AAE DB initialization (MEM=2361.87 CPU=0:00:00.0 REAL=0:00:00.0) 
#################################################################################
# Design Stage: PreRoute
# Design Name: alarm_clock_top
# Design Mode: 90nm
# Analysis Mode: MMMC OCV 
# Parasitics Mode: No SPEF/RCDB 
# Signoff Settings: SI On 
#################################################################################
Start delay calculation (fullDC) (1 T). (MEM=2361.87)
*** Calculating scaling factor for max_timing libraries using the default operating condition of each library.
Total number of fetched objects 356
End delay calculation. (MEM=2457.91 CPU=0:00:00.0 REAL=0:00:00.0)
End delay calculation (fullDC). (MEM=2457.91 CPU=0:00:00.1 REAL=0:00:00.0)
**INFO: Disable pre-place timing setting for timing analysis
Set Using Default Delay Limit as 1000.
Set Default Net Delay as 1000 ps.
Set Default Net Load as 0.5 pF. 
**INFO: Pre-place timing setting for timing analysis already disabled
Deleted 0 physical inst  (cell - / prefix -).
INFO: #ExclusiveGroups=0
INFO: There are no Exclusive Groups.
*** Starting "NanoPlace(TM) placement v#6 (mem=2432.2M)" ...
AAE_INFO: switching -siAware from true to false ...
AAE_INFO: The setting is changed from true to false in setDelayCalMode -SIAware
*** Build Buffered Sizing Timing Model
(cpu=0:00:00.8 mem=2440.2M) ***
*** Build Virtual Sizing Timing Model
(cpu=0:00:00.9 mem=2440.2M) ***
No user-set net weight.
Net fanout histogram:
2		: 220 (61.6%) nets
3		: 38 (10.6%) nets
4     -	14	: 95 (26.6%) nets
15    -	39	: 2 (0.6%) nets
40    -	79	: 2 (0.6%) nets
80    -	159	: 0 (0.0%) nets
160   -	319	: 0 (0.0%) nets
320   -	639	: 0 (0.0%) nets
640   -	1279	: 0 (0.0%) nets
1280  -	2559	: 0 (0.0%) nets
2560  -	5119	: 0 (0.0%) nets
5120+		: 0 (0.0%) nets
Options: timingDriven clkGateAware ignoreScan pinGuide congEffort=auto gpeffort=medium 
**WARN: (IMPSP-9042):	Scan chains were not defined, -place_global_ignore_scan option will be ignored.
Define the scan chains before using this option.
Type 'man IMPSP-9042' for more detail.
#std cell=336 (0 fixed + 336 movable) #buf cell=0 #inv cell=32 #block=0 (0 floating + 0 preplaced)
#ioInst=0 #net=357 #term=1190 #term/net=3.33, #fixedIo=0, #floatIo=0, #fixedPin=0, #floatPin=54
stdCell: 336 single + 0 double + 0 multi
Total standard cell length = 0.8674 (mm), area = 0.0023 (mm^2)
Average module density = 0.479.
Density for the design = 0.479.
       = stdcell_area 2991 sites (2264 um^2) / alloc_area 6240 sites (4723 um^2).
Pin Density = 0.1907.
            = total # of pins 1190 / total area 6240.
=== lastAutoLevel = 6 
Clock gating cells determined by native netlist tracing.
Iteration  1: Total net bbox = 8.586e-12 (1.02e-13 8.48e-12)
              Est.  stn bbox = 9.028e-12 (1.41e-13 8.89e-12)
              cpu = 0:00:00.0 real = 0:00:00.0 mem = 2434.5M
Iteration  2: Total net bbox = 8.586e-12 (1.02e-13 8.48e-12)
              Est.  stn bbox = 9.028e-12 (1.41e-13 8.89e-12)
              cpu = 0:00:00.0 real = 0:00:00.0 mem = 2434.5M
Iteration  3: Total net bbox = 1.655e+02 (8.40e+01 8.15e+01)
              Est.  stn bbox = 2.000e+02 (1.01e+02 9.88e+01)
              cpu = 0:00:00.0 real = 0:00:00.0 mem = 2435.9M
Active setup views:
    worst_case
Iteration  4: Total net bbox = 1.385e+03 (8.58e+02 5.27e+02)
              Est.  stn bbox = 1.776e+03 (1.08e+03 6.96e+02)
              cpu = 0:00:00.1 real = 0:00:00.0 mem = 2435.9M
Iteration  5: Total net bbox = 2.135e+03 (1.20e+03 9.36e+02)
              Est.  stn bbox = 2.675e+03 (1.52e+03 1.16e+03)
              cpu = 0:00:00.1 real = 0:00:00.0 mem = 2435.9M
Iteration  6: Total net bbox = 2.728e+03 (1.54e+03 1.19e+03)
              Est.  stn bbox = 3.320e+03 (1.89e+03 1.43e+03)
              cpu = 0:00:00.1 real = 0:00:00.0 mem = 2436.9M
Iteration  7: Total net bbox = 3.428e+03 (1.90e+03 1.53e+03)
              Est.  stn bbox = 4.035e+03 (2.26e+03 1.78e+03)
              cpu = 0:00:00.2 real = 0:00:00.0 mem = 2437.9M
Iteration  8: Total net bbox = 2.807e+03 (1.45e+03 1.36e+03)
              Est.  stn bbox = 3.342e+03 (1.74e+03 1.60e+03)
              cpu = 0:00:00.1 real = 0:00:00.0 mem = 2437.9M
**WARN: (IMPPSP-1003):	Found use of 'setRouteMode -earlyGlobalMaxRouteLayer'. This will continue to work in this release; however, it is recommended to use 'setDesignMode -topRoutingLayer' instead.
**WARN: (IMPPSP-1003):	Found use of 'setRouteMode -earlyGlobalMinRouteLayer'. This will continue to work in this release; however, it is recommended to use 'setDesignMode -bottomRoutingLayer' instead.
**WARN: (IMPPSP-1003):	Found use of 'setRouteMode -earlyGlobalMinRouteLayer'. This will continue to work in this release; however, it is recommended to use 'setDesignMode -bottomRoutingLayer' instead.
**WARN: (IMPPSP-1003):	Found use of 'setRouteMode -earlyGlobalMaxRouteLayer'. This will continue to work in this release; however, it is recommended to use 'setDesignMode -topRoutingLayer' instead.
Iteration  9: Total net bbox = 3.475e+03 (1.86e+03 1.61e+03)
              Est.  stn bbox = 4.069e+03 (2.18e+03 1.89e+03)
              cpu = 0:00:00.3 real = 0:00:01.0 mem = 2440.9M
Iteration 10: Total net bbox = 3.475e+03 (1.86e+03 1.61e+03)
              Est.  stn bbox = 4.069e+03 (2.18e+03 1.89e+03)
              cpu = 0:00:00.0 real = 0:00:00.0 mem = 2440.9M
*** cost = 3.475e+03 (1.86e+03 1.61e+03) (cpu for global=0:00:00.8) real=0:00:01.0***
Info: 0 clock gating cells identified, 0 (on average) moved 0/2
Solver runtime cpu: 0:00:00.8 real: 0:00:00.8
Core Placement runtime cpu: 0:00:00.8 real: 0:00:01.0
**WARN: (IMPSP-9025):	No scan chain specified/traced.
Type 'man IMPSP-9025' for more detail.
*** Starting refinePlace (0:02:35 mem=2440.9M) ***
Total net bbox length = 3.508e+03 (1.906e+03 1.602e+03) (ext = 7.129e+02)
Move report: Detail placement moves 336 insts, mean move: 0.42 um, max move: 6.04 um 
	Max move on inst (ar/g95__2802): (51.10, 36.53) --> (57.13, 36.54)
	Runtime: CPU: 0:00:00.0 REAL: 0:00:00.0 MEM: 2464.9MB
Summary Report:
Instances move: 336 (out of 336 movable)
Instances flipped: 0
Mean displacement: 0.42 um
Max displacement: 6.04 um (Instance: ar/g95__2802) (51.102, 36.5285) -> (57.13, 36.54)
	Length: 8 sites, height: 1 rows, site name: gsclib090site, cell type: MXI2XL
Total net bbox length = 3.366e+03 (1.759e+03 1.607e+03) (ext = 6.888e+02)
Runtime: CPU: 0:00:00.0 REAL: 0:00:00.0 MEM: 2464.9MB
*** Finished refinePlace (0:02:35 mem=2464.9M) ***
*** End of Placement (cpu=0:00:01.9, real=0:00:02.0, mem=2464.9M) ***
default core: bins with density > 0.750 =  0.00 % ( 0 / 9 )
Density distribution unevenness ratio = 10.912%
*** Free Virtual Timing Model ...(mem=2464.9M)
Starting IO pin assignment...
The design is not routed. Using placement based method for pin assignment.
Completed IO pin assignment.
AAE_INFO: switching -siAware from false to true ...
AAE_INFO: The setting is changed from false to true in setDelayCalMode -SIAware
**INFO: Enable pre-place timing setting for timing analysis
Set Using Default Delay Limit as 101.
**WARN: (IMPDC-1629):	The default delay limit was set to 101. This is less than the default of 1000 and may result in inaccurate delay calculation for nets with a fanout higher than the setting.  If needed, the default delay limit may be adjusted by running the command 'set delaycal_use_default_delay_limit'.
Set Default Net Delay as 0 ps.
Set Default Net Load as 0 pF. 
**INFO: Analyzing IO path groups for slack adjustment
Effort level <high> specified for reg2reg_tmp.138570 path_group
AAE_INFO: opIsDesignInPostRouteState() is 0
#################################################################################
# Design Stage: PreRoute
# Design Name: alarm_clock_top
# Design Mode: 90nm
# Analysis Mode: MMMC OCV 
# Parasitics Mode: No SPEF/RCDB 
# Signoff Settings: SI On 
#################################################################################
Start delay calculation (fullDC) (1 T). (MEM=2445.2)
Total number of fetched objects 356
End delay calculation. (MEM=2496.62 CPU=0:00:00.0 REAL=0:00:00.0)
End delay calculation (fullDC). (MEM=2496.62 CPU=0:00:00.0 REAL=0:00:00.0)
**INFO: Disable pre-place timing setting for timing analysis
Set Using Default Delay Limit as 1000.
Set Default Net Delay as 1000 ps.
Set Default Net Load as 0.5 pF. 
Info: Disable timing driven in postCTS congRepair.

Starting congRepair ...
**WARN: (IMPPSP-1003):	Found use of 'setRouteMode -earlyGlobalMaxRouteLayer'. This will continue to work in this release; however, it is recommended to use 'setDesignMode -topRoutingLayer' instead.
**WARN: (IMPPSP-1003):	Found use of 'setRouteMode -earlyGlobalMinRouteLayer'. This will continue to work in this release; however, it is recommended to use 'setDesignMode -bottomRoutingLayer' instead.
[NR-eGR] Track table information for default rule: 
[NR-eGR] Metal1 has single uniform track structure
[NR-eGR] Metal2 has single uniform track structure
[NR-eGR] Metal3 has single uniform track structure
[NR-eGR] Metal4 has single uniform track structure
[NR-eGR] Metal5 has single uniform track structure
[NR-eGR] Metal6 has single uniform track structure
[NR-eGR] Metal7 has single uniform track structure
[NR-eGR] Metal8 has single uniform track structure
[NR-eGR] Metal9 has single uniform track structure
[NR-eGR] Read 0 PG shapes
[NR-eGR] Read 0 clock shapes
[NR-eGR] Read 0 other shapes
[NR-eGR] #Routing Blockages  : 0
[NR-eGR] #Instance Blockages : 10788
[NR-eGR] #PG Blockages       : 0
[NR-eGR] #Halo Blockages     : 0
[NR-eGR] #Boundary Blockages : 0
[NR-eGR] #Clock Blockages    : 0
[NR-eGR] #Other Blockages    : 0
[NR-eGR] Num Prerouted Nets = 0  Num Prerouted Wires = 0
[NR-eGR] Read 357 nets ( ignored 0 )
[NR-eGR] There are 1 clock nets ( 0 with NDR ).
[NR-eGR] ============ Routing rule table ============
[NR-eGR] Rule id: 0  Nets: 357
[NR-eGR] ========================================
[NR-eGR] 
[NR-eGR] Layer group 1: route 357 net(s) in layer range [1, 9]
[NR-eGR] Early Global Route overflow of layer group 1: 0.00% H + 0.00% V. EstWL: 3.943710e+03um
[NR-eGR] Congestion Analysis By layer: (blocked Gcells are excluded) 
[NR-eGR]                        OverCon            
[NR-eGR]                         #Gcell     %Gcell
[NR-eGR]        Layer             (1-2)    OverCon
[NR-eGR] ----------------------------------------------
[NR-eGR]  Metal1 ( 1)         1( 0.48%)   ( 0.48%) 
[NR-eGR]  Metal2 ( 2)         0( 0.00%)   ( 0.00%) 
[NR-eGR]  Metal3 ( 3)         0( 0.00%)   ( 0.00%) 
[NR-eGR]  Metal4 ( 4)         0( 0.00%)   ( 0.00%) 
[NR-eGR]  Metal5 ( 5)         0( 0.00%)   ( 0.00%) 
[NR-eGR]  Metal6 ( 6)         0( 0.00%)   ( 0.00%) 
[NR-eGR]  Metal7 ( 7)         0( 0.00%)   ( 0.00%) 
[NR-eGR]  Metal8 ( 8)         0( 0.00%)   ( 0.00%) 
[NR-eGR]  Metal9 ( 9)         0( 0.00%)   ( 0.00%) 
[NR-eGR] ----------------------------------------------
[NR-eGR]        Total         1( 0.02%)   ( 0.02%) 
[NR-eGR] 
[NR-eGR] Overflow after Early Global Route 0.00% H + 0.00% V
Early Global Route congestion estimation runtime: 0.01 seconds, mem = 2486.9M
Local HotSpot Analysis: normalized max congestion hotspot area = 0.00, normalized total congestion hotspot area = 0.00 (area is in unit of 4 std-cell row bins)
Skipped repairing congestion.
[NR-eGR]                 Length (um)  Vias 
[NR-eGR] ----------------------------------
[NR-eGR]  Metal1  (1H)           669  1192 
[NR-eGR]  Metal2  (2V)          1948   531 
[NR-eGR]  Metal3  (3H)          1367    22 
[NR-eGR]  Metal4  (4V)            67     9 
[NR-eGR]  Metal5  (5H)            57     5 
[NR-eGR]  Metal6  (6V)            35     2 
[NR-eGR]  Metal7  (7H)            33     0 
[NR-eGR]  Metal8  (8V)             0     0 
[NR-eGR]  Metal9  (9H)             0     0 
[NR-eGR] ----------------------------------
[NR-eGR]          Total         4177  1761 
[NR-eGR] --------------------------------------------------------------------------
[NR-eGR] Total half perimeter of net bounding box: 3337um
[NR-eGR] Total length: 4177um, number of vias: 1761
[NR-eGR] --------------------------------------------------------------------------
[NR-eGR] Total eGR-routed clock nets wire length: 389um, number of vias: 135
[NR-eGR] --------------------------------------------------------------------------
Early Global Route wiring runtime: 0.01 seconds, mem = 2426.9M
**WARN: (IMPPSP-1003):	Found use of 'setRouteMode -earlyGlobalMinRouteLayer'. This will continue to work in this release; however, it is recommended to use 'setDesignMode -bottomRoutingLayer' instead.
**WARN: (IMPPSP-1003):	Found use of 'setRouteMode -earlyGlobalMaxRouteLayer'. This will continue to work in this release; however, it is recommended to use 'setDesignMode -topRoutingLayer' instead.
Tdgp not successfully inited but do clear! skip clearing
End of congRepair (cpu=0:00:00.0, real=0:00:00.0)
*** Finishing placeDesign default flow ***
**placeDesign ... cpu = 0: 0: 2, real = 0: 0: 3, mem = 2426.9M **
Tdgp not successfully inited but do clear! skip clearing

*** Summary of all messages that are not suppressed in this session:
Severity  ID               Count  Summary                                  
WARNING   IMPEXT-3493          1  The design extraction status has been re...
WARNING   IMPDC-1629           2  The default delay limit was set to %d. T...
WARNING   IMPSP-9025           1  No scan chain specified/traced.          
WARNING   IMPSP-9042           1  Scan chains were not defined, -place_glo...
WARNING   IMPPSP-1003          8  Found use of '%s'. This will continue to...
*** Message Summary: 13 warning(s), 0 error(s)

*** placeDesign #3 [finish] : cpu/real = 0:00:02.3/0:00:02.3 (1.0), totSession cpu/real = 0:02:35.0/0:23:54.6 (0.1), mem = 2426.9M
<CMD> clock_opt_design
Warning: clock_opt_design requires beta feature innovusClockOptFlow enabled.
invalid command name "route_design"
<CMD> getPlaceMode -place_hierarchical_flow -quiet
<CMD> report_message -start_cmd
<CMD> getRouteMode -maxRouteLayer -quiet
<CMD> getRouteMode -user -maxRouteLayer
<CMD> getPlaceMode -place_global_place_io_pins -quiet
<CMD> getPlaceMode -user -maxRouteLayer
<CMD> getPlaceMode -quiet -adaptiveFlowMode
<CMD> getPlaceMode -timingDriven -quiet
<CMD> getPlaceMode -adaptive -quiet
<CMD> getPlaceMode -relaxSoftBlockageMode -quiet
<CMD> getPlaceMode -user -relaxSoftBlockageMode
<CMD> getPlaceMode -ignoreScan -quiet
<CMD> getPlaceMode -user -ignoreScan
<CMD> getPlaceMode -repairPlace -quiet
<CMD> getPlaceMode -user -repairPlace
<CMD> getPlaceMode -inPlaceOptMode -quiet
<CMD> getPlaceMode -quiet -bypassFlowEffortHighChecking
<CMD> getPlaceMode -quiet -place_global_exp_enable_3d
*** placeDesign #4 [begin] : totSession cpu/real = 0:02:38.9/0:24:56.7 (0.1), mem = 2437.1M
<CMD> getPlaceMode -exp_slack_driven -quiet
<CMD> um::push_snapshot_stack
<CMD> getDesignMode -quiet -flowEffort
<CMD> getDesignMode -highSpeedCore -quiet
<CMD> getPlaceMode -quiet -adaptive
<CMD> set spgFlowInInitialPlace 1
<CMD> getPlaceMode -sdpAlignment -quiet
<CMD> getPlaceMode -softGuide -quiet
<CMD> getPlaceMode -useSdpGroup -quiet
<CMD> getPlaceMode -sdpAlignment -quiet
<CMD> getPlaceMode -enableDbSaveAreaPadding -quiet
<CMD> getPlaceMode -quiet -wireLenOptEffort
<CMD> getPlaceMode -sdpPlace -quiet
<CMD> getPlaceMode -exp_slack_driven -quiet
<CMD> getPlaceMode -sdpPlace -quiet
<CMD> getPlaceMode -groupHighLevelClkGate -quiet
<CMD_INTERNAL> setvar spgRptErrorForScanConnection 0
<CMD> getPlaceMode -place_global_exp_allow_missing_scan_chain -quiet
<CMD> getPlaceMode -place_check_library -quiet
<CMD> getPlaceMode -trimView -quiet
<CMD> getPlaceMode -expTrimOptBeforeTDGP -quiet
<CMD> getPlaceMode -quiet -useNonTimingDeleteBufferTree
<CMD> getPlaceMode -congEffort -quiet
<CMD> getPlaceMode -relaxSoftBlockageMode -quiet
<CMD> getPlaceMode -user -relaxSoftBlockageMode
<CMD> getPlaceMode -ignoreScan -quiet
<CMD> getPlaceMode -user -ignoreScan
<CMD> getPlaceMode -repairPlace -quiet
<CMD> getPlaceMode -user -repairPlace
<CMD> getPlaceMode -congEffort -quiet
<CMD> getPlaceMode -fp -quiet
<CMD> getPlaceMode -timingDriven -quiet
<CMD> getPlaceMode -user -timingDriven
<CMD> getPlaceMode -fastFp -quiet
<CMD> getPlaceMode -clusterMode -quiet
<CMD> get_proto_model -type_match {flex_module flex_instgroup} -committed -name -tcl
<CMD> getPlaceMode -inPlaceOptMode -quiet
<CMD> getPlaceMode -quiet -bypassFlowEffortHighChecking
<CMD> getPlaceMode -ultraCongEffortFlow -quiet
<CMD> getPlaceMode -forceTiming -quiet
<CMD> getPlaceMode -fp -quiet
<CMD> getPlaceMode -fastfp -quiet
<CMD> getPlaceMode -timingDriven -quiet
<CMD> getPlaceMode -fp -quiet
<CMD> getPlaceMode -fastfp -quiet
<CMD> getPlaceMode -powerDriven -quiet
<CMD> getExtractRCMode -quiet -engine
<CMD> getAnalysisMode -quiet -clkSrcPath
<CMD> getAnalysisMode -quiet -clockPropagation
<CMD> getAnalysisMode -quiet -cppr
<CMD> setExtractRCMode -engine preRoute
<CMD> setAnalysisMode -clkSrcPath false -clockPropagation forcedIdeal
<CMD> getPlaceMode -exp_slack_driven -quiet
<CMD_INTERNAL> isAnalysisModeSetup
<CMD> getPlaceMode -quiet -place_global_exp_solve_unbalance_path
<CMD> getPlaceMode -quiet -NMPsuppressInfo
<CMD> getPlaceMode -quiet -place_global_exp_wns_focus_v2
<CMD> getPlaceMode -quiet -place_incr_exp_isolation_flow
<CMD> getPlaceMode -enableDistPlace -quiet
<CMD> getPlaceMode -quiet -clusterMode
<CMD> getPlaceMode -wl_budget_mode -quiet
<CMD> setPlaceMode -reset -place_global_exp_balance_buffer_chain
<CMD> getPlaceMode -wl_budget_mode -quiet
<CMD> setPlaceMode -reset -place_global_exp_balance_pipeline
<CMD> getPlaceMode -place_global_exp_balance_buffer_chain -quiet
<CMD> getPlaceMode -place_global_exp_balance_pipeline -quiet
<CMD> getPlaceMode -tdgpMemFlow -quiet
<CMD> getPlaceMode -user -resetCombineRFLevel
<CMD> getPlaceMode -quiet -resetCombineRFLevel
<CMD> setPlaceMode -resetCombineRFLevel 1000
<CMD_INTERNAL> setvar spgSpeedupBuildVSM 1
<CMD> getPlaceMode -tdgpResetCteTG -quiet
<CMD> getPlaceMode -macroPlaceMode -quiet
<CMD> getPlaceMode -place_global_replace_QP -quiet
<CMD> getPlaceMode -macroPlaceMode -quiet
<CMD> getPlaceMode -enableDistPlace -quiet
<CMD> getPlaceMode -exp_slack_driven -quiet
<CMD> getPlaceMode -place_global_ignore_spare -quiet
<CMD> getPlaceMode -enableDistPlace -quiet
<CMD> getPlaceMode -quiet -expNewFastMode
<CMD> setPlaceMode -expHiddenFastMode 1
<CMD> setPlaceMode -ignoreScan 1
<CMD> getPlaceMode -quiet -place_global_exp_auto_finish_floorplan
<CMD_INTERNAL> colorizeGeometry
<CMD> getPlaceMode -quiet -IOSlackAdjust
*** Starting placeDesign default flow ***
<CMD> getPlaceMode -tdgpCteZeroDelayModeDelBuf -quiet
<CMD> set_global timing_enable_zero_delay_analysis_mode true
<CMD> getPlaceMode -quiet -useNonTimingDeleteBufferTree
<CMD> getPlaceMode -quiet -prePlaceOptSimplifyNetlist
<CMD> getPlaceMode -quiet -enablePrePlaceOptimizations
<CMD> getPlaceMode -quiet -prePlaceOptDecloneInv
<CMD> deleteBufferTree -decloneInv
*** Start deleteBufferTree ***
Info: Detect buffers to remove automatically.
Analyzing netlist ...
Updating netlist

*summary: 0 instances (buffers/inverters) removed
*** Finish deleteBufferTree (0:00:00.0) ***
<CMD> getPlaceMode -tdgpCteZeroDelayModeDelBuf -quiet
<CMD> set_global timing_enable_zero_delay_analysis_mode false
<CMD> getAnalysisMode -quiet -honorClockDomains
<CMD> getPlaceMode -honorUserPathGroup -quiet
<CMD> getAnalysisMode -quiet -honorClockDomains
**INFO: Enable pre-place timing setting for timing analysis
Set Using Default Delay Limit as 101.
**WARN: (IMPDC-1629):	The default delay limit was set to 101. This is less than the default of 1000 and may result in inaccurate delay calculation for nets with a fanout higher than the setting.  If needed, the default delay limit may be adjusted by running the command 'set delaycal_use_default_delay_limit'.
<CMD> set delaycal_use_default_delay_limit 101
Set Default Net Delay as 0 ps.
<CMD> set delaycal_default_net_delay 0
Set Default Net Load as 0 pF. 
<CMD> set delaycal_default_net_load 0
<CMD> set delaycal_default_net_load_ignore_for_ilm 0
<CMD> getAnalysisMode -clkSrcPath -quiet
<CMD> getAnalysisMode -clockPropagation -quiet
<CMD> getAnalysisMode -checkType -quiet
<CMD> buildTimingGraph
<CMD> getDelayCalMode -ignoreNetLoad -quiet
<CMD> getDelayCalMode -ignoreNetLoad -quiet
<CMD> setDelayCalMode -ignoreNetLoad true -quiet
**INFO: Analyzing IO path groups for slack adjustment
<CMD> get_global timing_enable_path_group_priority
<CMD> get_global timing_constraint_enable_group_path_resetting
<CMD> set_global timing_enable_path_group_priority false
<CMD> set_global timing_constraint_enable_group_path_resetting false
<CMD> getOptMode -allowPreCTSClkSrcPaths -quiet
<CMD> set_global _is_ipo_interactive_path_groups 1
<CMD> group_path -name in2reg_tmp.138570 -from {0x3a6 0x3a9} -to 0x3aa -ignore_source_of_trigger_arc
<CMD> getOptMode -allowPreCTSClkSrcPaths -quiet
<CMD> set_global _is_ipo_interactive_path_groups 1
<CMD> group_path -name in2out_tmp.138570 -from {0x3ad 0x3b0} -to 0x3b1 -ignore_source_of_trigger_arc
<CMD> set_global _is_ipo_interactive_path_groups 1
<CMD> group_path -name reg2reg_tmp.138570 -from 0x3b3 -to 0x3b4
<CMD> set_global _is_ipo_interactive_path_groups 1
<CMD> group_path -name reg2out_tmp.138570 -from 0x3b7 -to 0x3b8
<CMD> setPathGroupOptions reg2reg_tmp.138570 -effortLevel high
Effort level <high> specified for reg2reg_tmp.138570 path_group
AAE_INFO: opIsDesignInPostRouteState() is 0
#################################################################################
# Design Stage: PreRoute
# Design Name: alarm_clock_top
# Design Mode: 90nm
# Analysis Mode: MMMC OCV 
# Parasitics Mode: No SPEF/RCDB 
# Signoff Settings: SI On 
#################################################################################
Start delay calculation (fullDC) (1 T). (MEM=2439.9)
<CMD> getNanoRouteMode -routeStrictlyHonorNonDefaultRule -quiet
<CMD> getNanoRouteMode -routeBottomRoutingLayer -quiet
<CMD> getNanoRouteMode -routeTopRoutingLayer -quiet
Updating RC grid for preRoute extraction ...
Initializing multi-corner capacitance tables ... 
Initializing multi-corner resistance tables ...
Total number of fetched objects 356
End delay calculation. (MEM=2491.32 CPU=0:00:00.0 REAL=0:00:00.0)
End delay calculation (fullDC). (MEM=2491.32 CPU=0:00:00.0 REAL=0:00:00.0)
<CMD> reset_path_group -name reg2out_tmp.138570
<CMD> set_global _is_ipo_interactive_path_groups 0
<CMD> reset_path_group -name in2reg_tmp.138570
<CMD> set_global _is_ipo_interactive_path_groups 0
<CMD> reset_path_group -name in2out_tmp.138570
<CMD> set_global _is_ipo_interactive_path_groups 0
<CMD> reset_path_group -name reg2reg_tmp.138570
<CMD> set_global _is_ipo_interactive_path_groups 0
**INFO: Disable pre-place timing setting for timing analysis
<CMD> setDelayCalMode -ignoreNetLoad false
Set Using Default Delay Limit as 1000.
<CMD> set delaycal_use_default_delay_limit 1000
Set Default Net Delay as 1000 ps.
<CMD> set delaycal_default_net_delay 1000ps
Set Default Net Load as 0.5 pF. 
<CMD> set delaycal_default_net_load 0.5pf
<CMD> set delaycal_default_net_load_ignore_for_ilm 0
<CMD> all_setup_analysis_views
<CMD> getPlaceMode -place_global_exp_ignore_low_effort_path_groups -quiet
<CMD> getPlaceMode -exp_slack_driven -quiet
<CMD> getAnalysisMode -quiet -honorClockDomains
**INFO: Pre-place timing setting for timing analysis already disabled
<CMD> getPlaceMode -ignoreUnproperPowerInit -quiet
<CMD> getPlaceMode -quiet -expSkipGP
Deleted 0 physical inst  (cell - / prefix -).
INFO: #ExclusiveGroups=0
INFO: There are no Exclusive Groups.
*** Starting "NanoPlace(TM) placement v#6 (mem=2473.6M)" ...
<CMD> setDelayCalMode -SIAware false
AAE_INFO: switching -siAware from true to false ...
AAE_INFO: The setting is changed from true to false in setDelayCalMode -SIAware
<CMD> setDelayCalMode -engine feDc
*** Build Buffered Sizing Timing Model
(cpu=0:00:00.8 mem=2473.6M) ***
*** Build Virtual Sizing Timing Model
(cpu=0:00:00.9 mem=2473.6M) ***
No user-set net weight.
Net fanout histogram:
2		: 220 (61.6%) nets
3		: 38 (10.6%) nets
4     -	14	: 95 (26.6%) nets
15    -	39	: 2 (0.6%) nets
40    -	79	: 2 (0.6%) nets
80    -	159	: 0 (0.0%) nets
160   -	319	: 0 (0.0%) nets
320   -	639	: 0 (0.0%) nets
640   -	1279	: 0 (0.0%) nets
1280  -	2559	: 0 (0.0%) nets
2560  -	5119	: 0 (0.0%) nets
5120+		: 0 (0.0%) nets
Options: timingDriven clkGateAware ignoreScan pinGuide congEffort=auto gpeffort=medium 
**WARN: (IMPSP-9042):	Scan chains were not defined, -place_global_ignore_scan option will be ignored.
Define the scan chains before using this option.
Type 'man IMPSP-9042' for more detail.
#std cell=336 (0 fixed + 336 movable) #buf cell=0 #inv cell=32 #block=0 (0 floating + 0 preplaced)
#ioInst=0 #net=357 #term=1190 #term/net=3.33, #fixedIo=0, #floatIo=0, #fixedPin=0, #floatPin=54
stdCell: 336 single + 0 double + 0 multi
Total standard cell length = 0.8674 (mm), area = 0.0023 (mm^2)
Average module density = 0.479.
Density for the design = 0.479.
       = stdcell_area 2991 sites (2264 um^2) / alloc_area 6240 sites (4723 um^2).
Pin Density = 0.1907.
            = total # of pins 1190 / total area 6240.
=== lastAutoLevel = 6 
Clock gating cells determined by native netlist tracing.
<CMD> createBasicPathGroups -quiet
Iteration  1: Total net bbox = 3.001e+03 (1.38e+03 1.62e+03)
              Est.  stn bbox = 3.353e+03 (1.50e+03 1.85e+03)
              cpu = 0:00:00.0 real = 0:00:00.0 mem = 2448.4M
Iteration  2: Total net bbox = 3.001e+03 (1.38e+03 1.62e+03)
              Est.  stn bbox = 3.353e+03 (1.50e+03 1.85e+03)
              cpu = 0:00:00.0 real = 0:00:00.0 mem = 2448.4M
Iteration  3: Total net bbox = 1.890e+03 (9.89e+02 9.01e+02)
              Est.  stn bbox = 2.362e+03 (1.23e+03 1.13e+03)
              cpu = 0:00:00.0 real = 0:00:00.0 mem = 2449.8M
Active setup views:
    worst_case
Iteration  4: Total net bbox = 2.248e+03 (1.29e+03 9.55e+02)
              Est.  stn bbox = 2.821e+03 (1.61e+03 1.21e+03)
              cpu = 0:00:00.0 real = 0:00:00.0 mem = 2449.8M
Iteration  5: Total net bbox = 2.766e+03 (1.42e+03 1.35e+03)
              Est.  stn bbox = 3.431e+03 (1.78e+03 1.65e+03)
              cpu = 0:00:00.1 real = 0:00:00.0 mem = 2449.8M
Iteration  6: Total net bbox = 3.224e+03 (1.70e+03 1.53e+03)
              Est.  stn bbox = 3.915e+03 (2.08e+03 1.84e+03)
              cpu = 0:00:00.1 real = 0:00:00.0 mem = 2450.8M
Iteration  7: Total net bbox = 3.763e+03 (1.92e+03 1.85e+03)
              Est.  stn bbox = 4.470e+03 (2.31e+03 2.16e+03)
              cpu = 0:00:00.1 real = 0:00:00.0 mem = 2451.8M
Iteration  8: Total net bbox = 3.280e+03 (1.61e+03 1.67e+03)
              Est.  stn bbox = 3.938e+03 (1.96e+03 1.97e+03)
              cpu = 0:00:00.1 real = 0:00:00.0 mem = 2451.8M
<CMD> psp::embedded_egr_init_
**WARN: (IMPPSP-1003):	Found use of 'setRouteMode -earlyGlobalMaxRouteLayer'. This will continue to work in this release; however, it is recommended to use 'setDesignMode -topRoutingLayer' instead.
**WARN: (IMPPSP-1003):	Found use of 'setRouteMode -earlyGlobalMinRouteLayer'. This will continue to work in this release; however, it is recommended to use 'setDesignMode -bottomRoutingLayer' instead.
<CMD> psp::embedded_egr_term_
**WARN: (IMPPSP-1003):	Found use of 'setRouteMode -earlyGlobalMinRouteLayer'. This will continue to work in this release; however, it is recommended to use 'setDesignMode -bottomRoutingLayer' instead.
**WARN: (IMPPSP-1003):	Found use of 'setRouteMode -earlyGlobalMaxRouteLayer'. This will continue to work in this release; however, it is recommended to use 'setDesignMode -topRoutingLayer' instead.
Iteration  9: Total net bbox = 3.444e+03 (1.76e+03 1.68e+03)
              Est.  stn bbox = 4.110e+03 (2.13e+03 1.98e+03)
              cpu = 0:00:00.0 real = 0:00:00.0 mem = 2452.8M
Iteration 10: Total net bbox = 3.444e+03 (1.76e+03 1.68e+03)
              Est.  stn bbox = 4.110e+03 (2.13e+03 1.98e+03)
              cpu = 0:00:00.0 real = 0:00:00.0 mem = 2452.8M
*** cost = 3.444e+03 (1.76e+03 1.68e+03) (cpu for global=0:00:00.4) real=0:00:00.0***
Info: 0 clock gating cells identified, 0 (on average) moved 0/2
<CMD> reset_path_group
<CMD> set_global _is_ipo_interactive_path_groups 0
Solver runtime cpu: 0:00:00.3 real: 0:00:00.3
Core Placement runtime cpu: 0:00:00.3 real: 0:00:00.0
<CMD> scanReorder
**WARN: (IMPSP-9025):	No scan chain specified/traced.
Type 'man IMPSP-9025' for more detail.
*** Starting refinePlace (0:02:40 mem=2452.8M) ***
Total net bbox length = 3.470e+03 (1.773e+03 1.698e+03) (ext = 3.023e+02)
Move report: Detail placement moves 336 insts, mean move: 0.39 um, max move: 6.92 um 
	Max move on inst (tc/g1841__9945): (54.19, 41.76) --> (47.27, 41.76)
	Runtime: CPU: 0:00:00.0 REAL: 0:00:00.0 MEM: 2476.8MB
Summary Report:
Instances move: 336 (out of 336 movable)
Instances flipped: 0
Mean displacement: 0.39 um
Max displacement: 6.92 um (Instance: tc/g1841__9945) (54.1895, 41.7645) -> (47.27, 41.76)
	Length: 4 sites, height: 1 rows, site name: gsclib090site, cell type: NAND2XL
Total net bbox length = 3.313e+03 (1.623e+03 1.690e+03) (ext = 3.029e+02)
Runtime: CPU: 0:00:00.0 REAL: 0:00:00.0 MEM: 2476.8MB
*** Finished refinePlace (0:02:40 mem=2476.8M) ***
*** End of Placement (cpu=0:00:01.4, real=0:00:01.0, mem=2476.8M) ***
default core: bins with density > 0.750 =  0.00 % ( 0 / 9 )
Density distribution unevenness ratio = 5.309%
*** Free Virtual Timing Model ...(mem=2476.8M)
Starting IO pin assignment...
The design is not routed. Using placement based method for pin assignment.
Completed IO pin assignment.
<CMD> setDelayCalMode -engine aae
<CMD> setDelayCalMode -SIAware true
AAE_INFO: switching -siAware from false to true ...
AAE_INFO: The setting is changed from false to true in setDelayCalMode -SIAware
<CMD> all_setup_analysis_views
<CMD> getPlaceMode -exp_slack_driven -quiet
<CMD> set_global timing_enable_path_group_priority $gpsPrivate::optSave_ctePGPriority
<CMD> set_global timing_constraint_enable_group_path_resetting $gpsPrivate::optSave_ctePGResetting
<CMD> getPlaceMode -quiet -tdgpAdjustNetWeightBySlack
<CMD> get_ccopt_clock_trees *
<CMD> getPlaceMode -exp_insert_guidance_clock_tree -quiet
<CMD> getPlaceMode -exp_cluster_based_high_fanout_buffering -quiet
<CMD> getPlaceMode -place_global_exp_incr_skp_preserve_mode_v2 -quiet
<CMD> getPlaceMode -quiet -place_global_exp_netlist_balance_flow
<CMD> getPlaceMode -quiet -timingEffort
<CMD> getAnalysisMode -quiet -honorClockDomains
<CMD> getPlaceMode -honorUserPathGroup -quiet
<CMD> getAnalysisMode -quiet -honorClockDomains
**INFO: Enable pre-place timing setting for timing analysis
Set Using Default Delay Limit as 101.
**WARN: (IMPDC-1629):	The default delay limit was set to 101. This is less than the default of 1000 and may result in inaccurate delay calculation for nets with a fanout higher than the setting.  If needed, the default delay limit may be adjusted by running the command 'set delaycal_use_default_delay_limit'.
<CMD> set delaycal_use_default_delay_limit 101
Set Default Net Delay as 0 ps.
<CMD> set delaycal_default_net_delay 0
Set Default Net Load as 0 pF. 
<CMD> set delaycal_default_net_load 0
<CMD> set delaycal_default_net_load_ignore_for_ilm 0
<CMD> getAnalysisMode -clkSrcPath -quiet
<CMD> getAnalysisMode -clockPropagation -quiet
<CMD> getAnalysisMode -checkType -quiet
<CMD> buildTimingGraph
<CMD> getDelayCalMode -ignoreNetLoad -quiet
<CMD> getDelayCalMode -ignoreNetLoad -quiet
<CMD> setDelayCalMode -ignoreNetLoad true -quiet
**INFO: Analyzing IO path groups for slack adjustment
<CMD> get_global timing_enable_path_group_priority
<CMD> get_global timing_constraint_enable_group_path_resetting
<CMD> set_global timing_enable_path_group_priority false
<CMD> set_global timing_constraint_enable_group_path_resetting false
<CMD> getOptMode -allowPreCTSClkSrcPaths -quiet
<CMD> set_global _is_ipo_interactive_path_groups 1
<CMD> group_path -name in2reg_tmp.138570 -from {0x3c1 0x3c4} -to 0x3c5 -ignore_source_of_trigger_arc
<CMD> getOptMode -allowPreCTSClkSrcPaths -quiet
<CMD> set_global _is_ipo_interactive_path_groups 1
<CMD> group_path -name in2out_tmp.138570 -from {0x3c8 0x3cb} -to 0x3cc -ignore_source_of_trigger_arc
<CMD> set_global _is_ipo_interactive_path_groups 1
<CMD> group_path -name reg2reg_tmp.138570 -from 0x3ce -to 0x3cf
<CMD> set_global _is_ipo_interactive_path_groups 1
<CMD> group_path -name reg2out_tmp.138570 -from 0x3d2 -to 0x3d3
<CMD> setPathGroupOptions reg2reg_tmp.138570 -effortLevel high
Effort level <high> specified for reg2reg_tmp.138570 path_group
AAE_INFO: opIsDesignInPostRouteState() is 0
#################################################################################
# Design Stage: PreRoute
# Design Name: alarm_clock_top
# Design Mode: 90nm
# Analysis Mode: MMMC OCV 
# Parasitics Mode: No SPEF/RCDB 
# Signoff Settings: SI On 
#################################################################################
Start delay calculation (fullDC) (1 T). (MEM=2460.05)
Total number of fetched objects 356
End delay calculation. (MEM=2511.47 CPU=0:00:00.0 REAL=0:00:00.0)
End delay calculation (fullDC). (MEM=2511.47 CPU=0:00:00.0 REAL=0:00:00.0)
<CMD> reset_path_group -name reg2out_tmp.138570
<CMD> set_global _is_ipo_interactive_path_groups 0
<CMD> reset_path_group -name in2reg_tmp.138570
<CMD> set_global _is_ipo_interactive_path_groups 0
<CMD> reset_path_group -name in2out_tmp.138570
<CMD> set_global _is_ipo_interactive_path_groups 0
<CMD> reset_path_group -name reg2reg_tmp.138570
<CMD> set_global _is_ipo_interactive_path_groups 0
**INFO: Disable pre-place timing setting for timing analysis
<CMD> setDelayCalMode -ignoreNetLoad false
Set Using Default Delay Limit as 1000.
<CMD> set delaycal_use_default_delay_limit 1000
Set Default Net Delay as 1000 ps.
<CMD> set delaycal_default_net_delay 1000ps
Set Default Net Load as 0.5 pF. 
<CMD> set delaycal_default_net_load 0.5pf
<CMD> set delaycal_default_net_load_ignore_for_ilm 0
<CMD> all_setup_analysis_views
<CMD> getPlaceMode -place_global_exp_ignore_low_effort_path_groups -quiet
<CMD> getPlaceMode -exp_slack_driven -quiet
<CMD> getPlaceMode -quiet -cong_repair_commit_clock_net_route_attr
<CMD> getPlaceMode -enableDbSaveAreaPadding -quiet
<CMD> getPlaceMode -quiet -wireLenOptEffort
<CMD> setPlaceMode -reset -improveWithPsp
<CMD> getPlaceMode -quiet -debugGlobalPlace
<CMD> getPlaceMode -congRepair -quiet
<CMD> getPlaceMode -fp -quiet
<CMD> getPlaceMode -user -rplaceIncrNPClkGateAwareMode
<CMD> getPlaceMode -user -congRepairMaxIter
<CMD> getPlaceMode -quiet -congRepairPDClkGateMode4
<CMD> setPlaceMode -rplaceIncrNPClkGateAwareMode 4
<CMD> getPlaceMode -quiet -expCongRepairPDOneLoop
<CMD> setPlaceMode -congRepairMaxIter 1
<CMD> getPlaceMode -quickCTS -quiet
<CMD> get_proto_model -type_match {flex_module flex_instgroup} -committed -name -tcl
<CMD> getPlaceMode -congRepairForceTrialRoute -quiet
<CMD> getPlaceMode -user -congRepairForceTrialRoute
<CMD> setPlaceMode -congRepairForceTrialRoute true
<CMD> ::goMC::is_advanced_metrics_collection_running
<CMD> congRepair
Info: Disable timing driven in postCTS congRepair.

Starting congRepair ...
**WARN: (IMPPSP-1003):	Found use of 'setRouteMode -earlyGlobalMaxRouteLayer'. This will continue to work in this release; however, it is recommended to use 'setDesignMode -topRoutingLayer' instead.
**WARN: (IMPPSP-1003):	Found use of 'setRouteMode -earlyGlobalMinRouteLayer'. This will continue to work in this release; however, it is recommended to use 'setDesignMode -bottomRoutingLayer' instead.
[NR-eGR] Track table information for default rule: 
[NR-eGR] Metal1 has single uniform track structure
[NR-eGR] Metal2 has single uniform track structure
[NR-eGR] Metal3 has single uniform track structure
[NR-eGR] Metal4 has single uniform track structure
[NR-eGR] Metal5 has single uniform track structure
[NR-eGR] Metal6 has single uniform track structure
[NR-eGR] Metal7 has single uniform track structure
[NR-eGR] Metal8 has single uniform track structure
[NR-eGR] Metal9 has single uniform track structure
[NR-eGR] Read 0 PG shapes
[NR-eGR] Read 0 clock shapes
[NR-eGR] Read 0 other shapes
[NR-eGR] #Routing Blockages  : 0
[NR-eGR] #Instance Blockages : 10788
[NR-eGR] #PG Blockages       : 0
[NR-eGR] #Halo Blockages     : 0
[NR-eGR] #Boundary Blockages : 0
[NR-eGR] #Clock Blockages    : 0
[NR-eGR] #Other Blockages    : 0
[NR-eGR] Num Prerouted Nets = 0  Num Prerouted Wires = 0
[NR-eGR] Read 357 nets ( ignored 0 )
[NR-eGR] There are 1 clock nets ( 0 with NDR ).
[NR-eGR] ============ Routing rule table ============
[NR-eGR] Rule id: 0  Nets: 357
[NR-eGR] ========================================
[NR-eGR] 
[NR-eGR] Layer group 1: route 357 net(s) in layer range [1, 9]
[NR-eGR] Early Global Route overflow of layer group 1: 0.00% H + 0.00% V. EstWL: 3.922830e+03um
[NR-eGR] Congestion Analysis By layer: (blocked Gcells are excluded) 
[NR-eGR]                        OverCon            
[NR-eGR]                         #Gcell     %Gcell
[NR-eGR]        Layer               (1)    OverCon
[NR-eGR] ----------------------------------------------
[NR-eGR]  Metal1 ( 1)         8( 3.85%)   ( 3.85%) 
[NR-eGR]  Metal2 ( 2)         0( 0.00%)   ( 0.00%) 
[NR-eGR]  Metal3 ( 3)         0( 0.00%)   ( 0.00%) 
[NR-eGR]  Metal4 ( 4)         0( 0.00%)   ( 0.00%) 
[NR-eGR]  Metal5 ( 5)         0( 0.00%)   ( 0.00%) 
[NR-eGR]  Metal6 ( 6)         0( 0.00%)   ( 0.00%) 
[NR-eGR]  Metal7 ( 7)         0( 0.00%)   ( 0.00%) 
[NR-eGR]  Metal8 ( 8)         0( 0.00%)   ( 0.00%) 
[NR-eGR]  Metal9 ( 9)         0( 0.00%)   ( 0.00%) 
[NR-eGR] ----------------------------------------------
[NR-eGR]        Total         8( 0.14%)   ( 0.14%) 
[NR-eGR] 
[NR-eGR] Overflow after Early Global Route 0.00% H + 0.00% V
Early Global Route congestion estimation runtime: 0.01 seconds, mem = 2501.7M
Local HotSpot Analysis: normalized max congestion hotspot area = 0.00, normalized total congestion hotspot area = 0.00 (area is in unit of 4 std-cell row bins)
Skipped repairing congestion.
[NR-eGR]                 Length (um)  Vias 
[NR-eGR] ----------------------------------
[NR-eGR]  Metal1  (1H)           625  1188 
[NR-eGR]  Metal2  (2V)          2064   595 
[NR-eGR]  Metal3  (3H)          1428    35 
[NR-eGR]  Metal4  (4V)            27     4 
[NR-eGR]  Metal5  (5H)             5     1 
[NR-eGR]  Metal6  (6V)             1     0 
[NR-eGR]  Metal7  (7H)             0     0 
[NR-eGR]  Metal8  (8V)             0     0 
[NR-eGR]  Metal9  (9H)             0     0 
[NR-eGR] ----------------------------------
[NR-eGR]          Total         4150  1823 
[NR-eGR] --------------------------------------------------------------------------
[NR-eGR] Total half perimeter of net bounding box: 3272um
[NR-eGR] Total length: 4150um, number of vias: 1823
[NR-eGR] --------------------------------------------------------------------------
[NR-eGR] Total eGR-routed clock nets wire length: 424um, number of vias: 139
[NR-eGR] --------------------------------------------------------------------------
Early Global Route wiring runtime: 0.01 seconds, mem = 2443.7M
**WARN: (IMPPSP-1003):	Found use of 'setRouteMode -earlyGlobalMinRouteLayer'. This will continue to work in this release; however, it is recommended to use 'setDesignMode -bottomRoutingLayer' instead.
**WARN: (IMPPSP-1003):	Found use of 'setRouteMode -earlyGlobalMaxRouteLayer'. This will continue to work in this release; however, it is recommended to use 'setDesignMode -topRoutingLayer' instead.
Tdgp not successfully inited but do clear! skip clearing
End of congRepair (cpu=0:00:00.0, real=0:00:00.0)
<CMD> ::goMC::is_advanced_metrics_collection_running
<CMD> ::goMC::is_advanced_metrics_collection_running
<CMD> ::goMC::is_advanced_metrics_collection_running
<CMD> setPlaceMode -reset -congRepairForceTrialRoute
<CMD> getPlaceMode -quiet -congRepairPDClkGateMode4
<CMD> setPlaceMode -reset -rplaceIncrNPClkGateAwareMode
<CMD> setPlaceMode -reset -congRepairMaxIter
<CMD> getPlaceMode -congRepairCleanupPadding -quiet
<CMD> getPlaceMode -quiet -wireLenOptEffort
<CMD> all_setup_analysis_views
<CMD> getPlaceMode -exp_slack_driven -quiet
<CMD> set_global timing_enable_path_group_priority $gpsPrivate::optSave_ctePGPriority
<CMD> set_global timing_constraint_enable_group_path_resetting $gpsPrivate::optSave_ctePGResetting
<CMD> getPlaceMode -place_global_exp_incr_skp_preserve_mode_v2 -quiet
<CMD> getPlaceMode -quiet -place_global_exp_netlist_balance_flow
<CMD> getPlaceMode -quiet -timingEffort
<CMD> getPlaceMode -tdgpDumpStageTiming -quiet
*** Finishing placeDesign default flow ***
<CMD> getPlaceMode -quiet -tdgpAdjustNetWeightBySlack
**placeDesign ... cpu = 0: 0: 2, real = 0: 0: 2, mem = 2443.7M **
<CMD> getPlaceMode -trimView -quiet
<CMD> getOptMode -quiet -viewOptPolishing
<CMD> getOptMode -quiet -fastViewOpt
<CMD_INTERNAL> spInternalUse deleteViewOptManager
<CMD_INTERNAL> spInternalUse tdgp clearSkpData
Tdgp not successfully inited but do clear! skip clearing
<CMD> setAnalysisMode -clkSrcPath true -clockPropagation sdcControl
<CMD> getPlaceMode -exp_slack_driven -quiet
<CMD> setExtractRCMode -engine postRoute
<CMD> setPlaceMode -reset -relaxSoftBlockageMode
<CMD> setPlaceMode -ignoreScan true -quiet
<CMD> setPlaceMode -reset -repairPlace
<CMD> getPlaceMode -quiet -NMPsuppressInfo
<CMD_INTERNAL> setvar spgSpeedupBuildVSM 0
<CMD> getPlaceMode -macroPlaceMode -quiet
<CMD> getPlaceMode -place_global_replace_QP -quiet
<CMD> getPlaceMode -macroPlaceMode -quiet
<CMD> getPlaceMode -exp_slack_driven -quiet
<CMD> getPlaceMode -enableDistPlace -quiet
<CMD> getPlaceMode -place_global_ignore_spare -quiet
<CMD> getPlaceMode -tdgpMemFlow -quiet
<CMD> setPlaceMode -reset -resetCombineRFLevel
<CMD> getPlaceMode -enableDistPlace -quiet
<CMD> getPlaceMode -quiet -clusterMode
<CMD> getPlaceMode -quiet -place_global_exp_solve_unbalance_path
<CMD> getPlaceMode -enableDistPlace -quiet
<CMD> setPlaceMode -reset -expHiddenFastMode
<CMD> getPlaceMode -tcg2Pass -quiet
<CMD> getPlaceMode -quiet -wireLenOptEffort
<CMD> getPlaceMode -fp -quiet
<CMD> getPlaceMode -fastfp -quiet
<CMD> getPlaceMode -doRPlace -quiet
<CMD> getPlaceMode -RTCPlaceDesignFlow -quiet
<CMD> remove_rf_constraint
<CMD> getPlaceMode -quickCTS -quiet
<CMD> set spgFlowInInitialPlace 0
<CMD> getPlaceMode -user -maxRouteLayer
<CMD_INTERNAL> spInternalUse TDGP resetIgnoreNetLoad
<CMD> getPlaceMode -place_global_exp_balance_pipeline -quiet
<CMD> getDesignMode -quiet -flowEffort
<CMD> report_message -end_cmd

*** Summary of all messages that are not suppressed in this session:
Severity  ID               Count  Summary                                  
WARNING   IMPDC-1629           2  The default delay limit was set to %d. T...
WARNING   IMPSP-9025           1  No scan chain specified/traced.          
WARNING   IMPSP-9042           1  Scan chains were not defined, -place_glo...
WARNING   IMPPSP-1003          8  Found use of '%s'. This will continue to...
*** Message Summary: 12 warning(s), 0 error(s)

<CMD> um::create_snapshot -name final -auto min
<CMD> um::pop_snapshot_stack
<CMD> um::create_snapshot -name place_design
*** placeDesign #4 [finish] : cpu/real = 0:00:01.8/0:00:01.8 (1.0), totSession cpu/real = 0:02:40.7/0:24:58.5 (0.1), mem = 2443.7M
<CMD> getPlaceMode -exp_slack_driven -quiet
<CMD> ccopt_design
#% Begin ccopt_design (date=03/01 17:05:08, mem=2069.4M)
*** ccopt_design #2 [begin] : totSession cpu/real = 0:02:41.6/0:25:12.4 (0.1), mem = 2443.9M
Runtime...
**INFO: User's settings:
setNanoRouteMode -drouteEndIteration                            1
setNanoRouteMode -droutePostRouteSpreadWire                     1
setNanoRouteMode -droutePostRouteWidenWireRule                  LEFDefaultRouteSpec_gpdk090
setNanoRouteMode -extractThirdPartyCompatible                   false
setNanoRouteMode -grouteExpTdStdDelay                           36
setNanoRouteMode -grouteExpTdUseTifTimingEngineForImportDesign  false
setNanoRouteMode -routeBottomRoutingLayer                       1
setNanoRouteMode -routeTopRoutingLayer                          9
setNanoRouteMode -routeWithSiDriven                             false
setNanoRouteMode -routeWithTimingDriven                         false
setNanoRouteMode -timingEngine                                  {}
setExtractRCMode -coupled                                       true
setExtractRCMode -engine                                        postRoute
setExtractRCMode -noCleanRCDB                                   true
setExtractRCMode -nrNetInMemory                                 100000
setDelayCalMode -enable_high_fanout                             true
setDelayCalMode -engine                                         aae
setDelayCalMode -ignoreNetLoad                                  false
setDelayCalMode -SIAware                                        true
setDelayCalMode -socv_accuracy_mode                             low
setOptMode -activeHoldViews                                     { best_case }
setOptMode -activeSetupViews                                    { worst_case }
setOptMode -autoHoldViews                                       { best_case}
setOptMode -autoSetupViews                                      { worst_case}
setOptMode -autoTDGRSetupViews                                  { worst_case}
setOptMode -autoViewHoldTargetSlack                             0
setOptMode -deleteInst                                          true
setOptMode -drcMargin                                           0
setOptMode -fixCap                                              true
setOptMode -fixDrc                                              true
setOptMode -fixFanoutLoad                                       true
setOptMode -fixTran                                             true
setOptMode -optimizeFF                                          true
setOptMode -preserveAllSequential                               true
setOptMode -setupTargetSlack                                    0
setPlaceMode -place_design_floorplan_mode                       false
setPlaceMode -place_detail_check_route                          false
setPlaceMode -place_detail_preserve_routing                     true
setPlaceMode -place_detail_remove_affected_routing              false
setPlaceMode -place_detail_swap_eeq_cells                       false
setPlaceMode -place_global_clock_gate_aware                     true
setPlaceMode -place_global_cong_effort                          auto
setPlaceMode -place_global_ignore_scan                          true
setPlaceMode -place_global_ignore_spare                         false
setPlaceMode -place_global_module_aware_spare                   false
setPlaceMode -place_global_place_io_pins                        true
setPlaceMode -place_global_reorder_scan                         true
setPlaceMode -powerDriven                                       false
setPlaceMode -timingDriven                                      true
setRouteMode -earlyGlobalHonorMsvRouteConstraint                false
setRouteMode -earlyGlobalRoutePartitionPinGuide                 true

(ccopt_design): CTS Engine: auto. Used Spec: pre-existing CCOPT spec.
Not setting up route_type 'default_route_type_nonleaf' from CTS mode settings, as it has already been done
Not setting up route_type 'default_route_type_leaf' from CTS mode settings, as it has already been done
Placement constraints of type 'region' or 'fence' will not be downgraded to 'guide' because the property change_fences_to_guides has been set to false.
Set place::cacheFPlanSiteMark to 1
'setDesignMode -flowEffort standard' => 'setOptMode -usefulSkewCCOpt standard' 
Using CCOpt effort standard.
CCOpt::Phase::Initialization...
Check Prerequisites...
Leaving CCOpt scope - CheckPlace...
Begin checking placement ... (start mem=2443.9M, init mem=2443.9M)
*info: Placed = 336           
*info: Unplaced = 0           
Placement Density:47.93%(2264/4723)
Placement Density (including fixed std cells):47.93%(2264/4723)
Finished checkPlace (total: cpu=0:00:00.0, real=0:00:00.0; vio checks: cpu=0:00:00.0, real=0:00:00.0; mem=2443.9M)
Leaving CCOpt scope - CheckPlace done. (took cpu=0:00:00.0 real=0:00:00.0)
**ERROR: (IMPCCOPT-2194):	This command requires the preRoute extraction engine. To change to the preRoute engine use "setExtractRCMode -engine preRoute".
Check Prerequisites done. (took cpu=0:00:00.0 real=0:00:00.0)
CCOpt::Phase::Initialization done. (took cpu=0:00:00.0 real=0:00:00.0)
**ERROR: (IMPCCOPT-2196):	Cannot run ccopt_design because the command prerequisites were not met. Review the previous error messages for more details about the failure.
Set place::cacheFPlanSiteMark to 0

*** Summary of all messages that are not suppressed in this session:
Severity  ID               Count  Summary                                  
ERROR     IMPCCOPT-2194        1  This command requires the preRoute extra...
ERROR     IMPCCOPT-2196        1  Cannot run ccopt_design because the comm...
*** Message Summary: 0 warning(s), 2 error(s)

*** ccopt_design #2 [finish] : cpu/real = 0:00:00.0/0:00:00.0 (1.0), totSession cpu/real = 0:02:41.7/0:25:12.4 (0.1), mem = 2443.9M
#% End ccopt_design (date=03/01 17:05:08, total cpu=0:00:00.0, real=0:00:00.0, peak res=2069.4M, current mem=2069.4M)


--------------------------------------------------------------------------------
Exiting Innovus on Sun Mar  1 17:05:35 2026
  Total CPU time:     0:02:51
  Total real time:    0:25:42
  Peak memory (main): 2192.73MB


*** Memory Usage v#1 (Current mem = 2454.148M, initial mem = 483.863M) ***
*** Message Summary: 2778 warning(s), 216 error(s)

--- Ending "Innovus" (totcpu=0:02:44, real=0:25:41, mem=2454.1M) ---
