
Cadence Innovus(TM) Implementation System.
Copyright 2021 Cadence Design Systems, Inc. All rights reserved worldwide.

Version:	v21.15-s110_1, built Fri Sep 23 13:08:12 PDT 2022
Options:	
Date:		Sat Mar  7 17:17:57 2026
Host:		ic312.vit.ac.in (x86_64 w/Linux 4.18.0-425.19.2.el8_7.x86_64) (12cores*20cpus*12th Gen Intel(R) Core(TM) i7-12700 25600KB)
OS:		Red Hat Enterprise Linux release 8.7 (Ootpa)

License:
		[17:17:57.328674] Configured Lic search path (21.01-s002): 5281@14.139.1.126:1717@14.139.1.126

		invs	Innovus Implementation System	21.1	checkout succeeded
		8 CPU jobs allowed with the current license(s). Use setMultiCpuUsage to set your required CPU count.
Change the soft stacksize limit to 0.2%RAM (63 mbytes). Set global soft_stack_size_limit to change the value.

**INFO:  MMMC transition support version v31-84 

<CMD> set_global _enable_mmmc_by_default_flow      $CTE::mmmc_default
<CMD> suppressMessage ENCEXT-2799
<CMD> getVersion
<CMD> getVersion
<CMD> getVersion
[INFO] Loading PVS 22.20 fill procedures
<CMD> win
<CMD> save_global Default.globals
<CMD> set init_gnd_net VSS
<CMD> set init_lef_file {../../../../../install/FOUNDRY/digital/90nm/dig/lef/gsclib090_translated_ref.lef ../../../../../install/FOUNDRY/digital/90nm/dig/lef/gsclib090_translated.lef ../../../../../install/FOUNDRY/digital/90nm/dig/lef/gsclib090_tech.lef ../../../../../install/FOUNDRY/digital/90nm/dig/lef/gsclib090_macro.lef}
<CMD> set init_design_settop 0
<CMD> set init_verilog alarm_netlist.v
<CMD> set init_mmmc_file Default.view
<CMD> set init_pwr_net VDD
<CMD> init_design
#% Begin Load MMMC data ... (date=03/07 17:21:25, mem=1022.5M)
#% End Load MMMC data ... (date=03/07 17:21:25, total cpu=0:00:00.0, real=0:00:00.0, peak res=1023.2M, current mem=1023.2M)
rc_corners

Loading LEF file ../../../../../install/FOUNDRY/digital/90nm/dig/lef/gsclib090_translated_ref.lef ...
**WARN: (IMPLF-105):	The layer 'Oxide' specified in SAMENET spacing
rule is neither a routing layer nor a cut layer. The rule is ignored.
**WARN: (IMPLF-105):	The layer 'Poly' specified in SAMENET spacing
rule is neither a routing layer nor a cut layer. The rule is ignored.
Set DBUPerIGU to M2 pitch 580.

Loading LEF file ../../../../../install/FOUNDRY/digital/90nm/dig/lef/gsclib090_translated.lef ...
**WARN: (IMPLF-119):	LAYER 'Oxide' has been found in the database. Its content except ANTENNA* data will be ignored.
Review the LEF files specified in the init_lef_file variable and remove redundant definitions.
Type 'man IMPLF-119' for more detail.
**WARN: (IMPLF-119):	LAYER 'Poly' has been found in the database. Its content except ANTENNA* data will be ignored.
Review the LEF files specified in the init_lef_file variable and remove redundant definitions.
Type 'man IMPLF-119' for more detail.
**WARN: (IMPLF-119):	LAYER 'Nhvt' has been found in the database. Its content except ANTENNA* data will be ignored.
Review the LEF files specified in the init_lef_file variable and remove redundant definitions.
Type 'man IMPLF-119' for more detail.
**WARN: (IMPLF-119):	LAYER 'Nimp' has been found in the database. Its content except ANTENNA* data will be ignored.
Review the LEF files specified in the init_lef_file variable and remove redundant definitions.
Type 'man IMPLF-119' for more detail.
**WARN: (IMPLF-119):	LAYER 'Phvt' has been found in the database. Its content except ANTENNA* data will be ignored.
Review the LEF files specified in the init_lef_file variable and remove redundant definitions.
Type 'man IMPLF-119' for more detail.
**WARN: (IMPLF-119):	LAYER 'Pimp' has been found in the database. Its content except ANTENNA* data will be ignored.
Review the LEF files specified in the init_lef_file variable and remove redundant definitions.
Type 'man IMPLF-119' for more detail.
**WARN: (IMPLF-119):	LAYER 'Nzvt' has been found in the database. Its content except ANTENNA* data will be ignored.
Review the LEF files specified in the init_lef_file variable and remove redundant definitions.
Type 'man IMPLF-119' for more detail.
**WARN: (IMPLF-119):	LAYER 'SiProt' has been found in the database. Its content except ANTENNA* data will be ignored.
Review the LEF files specified in the init_lef_file variable and remove redundant definitions.
Type 'man IMPLF-119' for more detail.
**WARN: (IMPLF-119):	LAYER 'Cont' has been found in the database. Its content except ANTENNA* data will be ignored.
Review the LEF files specified in the init_lef_file variable and remove redundant definitions.
Type 'man IMPLF-119' for more detail.
**WARN: (IMPLF-119):	LAYER 'Metal1' has been found in the database. Its content except ANTENNA* data will be ignored.
Review the LEF files specified in the init_lef_file variable and remove redundant definitions.
Type 'man IMPLF-119' for more detail.
**WARN: (IMPLF-119):	LAYER 'Via1' has been found in the database. Its content except ANTENNA* data will be ignored.
Review the LEF files specified in the init_lef_file variable and remove redundant definitions.
Type 'man IMPLF-119' for more detail.
**WARN: (IMPLF-119):	LAYER 'Metal2' has been found in the database. Its content except ANTENNA* data will be ignored.
Review the LEF files specified in the init_lef_file variable and remove redundant definitions.
Type 'man IMPLF-119' for more detail.
**WARN: (IMPLF-119):	LAYER 'Via2' has been found in the database. Its content except ANTENNA* data will be ignored.
Review the LEF files specified in the init_lef_file variable and remove redundant definitions.
Type 'man IMPLF-119' for more detail.
**WARN: (IMPLF-119):	LAYER 'Metal3' has been found in the database. Its content except ANTENNA* data will be ignored.
Review the LEF files specified in the init_lef_file variable and remove redundant definitions.
Type 'man IMPLF-119' for more detail.
**WARN: (IMPLF-119):	LAYER 'Via3' has been found in the database. Its content except ANTENNA* data will be ignored.
Review the LEF files specified in the init_lef_file variable and remove redundant definitions.
Type 'man IMPLF-119' for more detail.
**WARN: (IMPLF-119):	LAYER 'Metal4' has been found in the database. Its content except ANTENNA* data will be ignored.
Review the LEF files specified in the init_lef_file variable and remove redundant definitions.
Type 'man IMPLF-119' for more detail.
**WARN: (IMPLF-119):	LAYER 'Via4' has been found in the database. Its content except ANTENNA* data will be ignored.
Review the LEF files specified in the init_lef_file variable and remove redundant definitions.
Type 'man IMPLF-119' for more detail.
**WARN: (IMPLF-119):	LAYER 'Metal5' has been found in the database. Its content except ANTENNA* data will be ignored.
Review the LEF files specified in the init_lef_file variable and remove redundant definitions.
Type 'man IMPLF-119' for more detail.
**WARN: (IMPLF-119):	LAYER 'Via5' has been found in the database. Its content except ANTENNA* data will be ignored.
Review the LEF files specified in the init_lef_file variable and remove redundant definitions.
Type 'man IMPLF-119' for more detail.
**WARN: (IMPLF-119):	LAYER 'Metal6' has been found in the database. Its content except ANTENNA* data will be ignored.
Review the LEF files specified in the init_lef_file variable and remove redundant definitions.
Type 'man IMPLF-119' for more detail.
**WARN: (EMS-27):	Message (IMPLF-119) has exceeded the current message display limit of 20.
To increase the message display limit, refer to the product command reference manual.
**ERROR: (IMPLF-223):	The LEF via 'VIA1X' definition already exists in the database. The current definition will be ignored. Ensure that you have not specified duplicate LEF files or LEF files with duplicate via definition.
Type 'man IMPLF-223' for more detail.
**ERROR: (IMPLF-223):	The LEF via 'VIA1V' definition already exists in the database. The current definition will be ignored. Ensure that you have not specified duplicate LEF files or LEF files with duplicate via definition.
Type 'man IMPLF-223' for more detail.
**ERROR: (IMPLF-223):	The LEF via 'VIA1H' definition already exists in the database. The current definition will be ignored. Ensure that you have not specified duplicate LEF files or LEF files with duplicate via definition.
Type 'man IMPLF-223' for more detail.
**ERROR: (IMPLF-223):	The LEF via 'VIA1XR90' definition already exists in the database. The current definition will be ignored. Ensure that you have not specified duplicate LEF files or LEF files with duplicate via definition.
Type 'man IMPLF-223' for more detail.
**ERROR: (IMPLF-223):	The LEF via 'VIA1_2CUT_E' definition already exists in the database. The current definition will be ignored. Ensure that you have not specified duplicate LEF files or LEF files with duplicate via definition.
Type 'man IMPLF-223' for more detail.
**ERROR: (IMPLF-223):	The LEF via 'VIA1_2CUT_W' definition already exists in the database. The current definition will be ignored. Ensure that you have not specified duplicate LEF files or LEF files with duplicate via definition.
Type 'man IMPLF-223' for more detail.
**ERROR: (IMPLF-223):	The LEF via 'VIA1_2CUT_N' definition already exists in the database. The current definition will be ignored. Ensure that you have not specified duplicate LEF files or LEF files with duplicate via definition.
Type 'man IMPLF-223' for more detail.
**ERROR: (IMPLF-223):	The LEF via 'VIA1_2CUT_S' definition already exists in the database. The current definition will be ignored. Ensure that you have not specified duplicate LEF files or LEF files with duplicate via definition.
Type 'man IMPLF-223' for more detail.
**ERROR: (IMPLF-223):	The LEF via 'VIA1_2X2CUT' definition already exists in the database. The current definition will be ignored. Ensure that you have not specified duplicate LEF files or LEF files with duplicate via definition.
Type 'man IMPLF-223' for more detail.
**ERROR: (IMPLF-223):	The LEF via 'VIA2X' definition already exists in the database. The current definition will be ignored. Ensure that you have not specified duplicate LEF files or LEF files with duplicate via definition.
Type 'man IMPLF-223' for more detail.
**ERROR: (IMPLF-223):	The LEF via 'VIA2H' definition already exists in the database. The current definition will be ignored. Ensure that you have not specified duplicate LEF files or LEF files with duplicate via definition.
Type 'man IMPLF-223' for more detail.
**ERROR: (IMPLF-223):	The LEF via 'VIA2V' definition already exists in the database. The current definition will be ignored. Ensure that you have not specified duplicate LEF files or LEF files with duplicate via definition.
Type 'man IMPLF-223' for more detail.
**ERROR: (IMPLF-223):	The LEF via 'VIA2XR90' definition already exists in the database. The current definition will be ignored. Ensure that you have not specified duplicate LEF files or LEF files with duplicate via definition.
Type 'man IMPLF-223' for more detail.
**ERROR: (IMPLF-223):	The LEF via 'VIA2TOS' definition already exists in the database. The current definition will be ignored. Ensure that you have not specified duplicate LEF files or LEF files with duplicate via definition.
Type 'man IMPLF-223' for more detail.
**ERROR: (IMPLF-223):	The LEF via 'VIA2TOS_S' definition already exists in the database. The current definition will be ignored. Ensure that you have not specified duplicate LEF files or LEF files with duplicate via definition.
Type 'man IMPLF-223' for more detail.
**ERROR: (IMPLF-223):	The LEF via 'VIA2TOS_N' definition already exists in the database. The current definition will be ignored. Ensure that you have not specified duplicate LEF files or LEF files with duplicate via definition.
Type 'man IMPLF-223' for more detail.
**ERROR: (IMPLF-223):	The LEF via 'VIA2_2CUT_N' definition already exists in the database. The current definition will be ignored. Ensure that you have not specified duplicate LEF files or LEF files with duplicate via definition.
Type 'man IMPLF-223' for more detail.
**ERROR: (IMPLF-223):	The LEF via 'VIA2_2CUT_S' definition already exists in the database. The current definition will be ignored. Ensure that you have not specified duplicate LEF files or LEF files with duplicate via definition.
Type 'man IMPLF-223' for more detail.
**ERROR: (IMPLF-223):	The LEF via 'VIA2_2CUT_E' definition already exists in the database. The current definition will be ignored. Ensure that you have not specified duplicate LEF files or LEF files with duplicate via definition.
Type 'man IMPLF-223' for more detail.
**ERROR: (IMPLF-223):	The LEF via 'VIA2_2CUT_W' definition already exists in the database. The current definition will be ignored. Ensure that you have not specified duplicate LEF files or LEF files with duplicate via definition.
Type 'man IMPLF-223' for more detail.
**WARN: (EMS-27):	Message (IMPLF-223) has exceeded the current message display limit of 20.
To increase the message display limit, refer to the product command reference manual.
**WARN: (IMPLF-151):	The viaRule 'VIA1ARRAY' has been defined, the content will be skipped.
**WARN: (IMPLF-151):	The viaRule 'VIA2ARRAY' has been defined, the content will be skipped.
**WARN: (IMPLF-151):	The viaRule 'VIA3ARRAY' has been defined, the content will be skipped.
**WARN: (IMPLF-151):	The viaRule 'VIA4ARRAY' has been defined, the content will be skipped.
**WARN: (IMPLF-151):	The viaRule 'VIA5ARRAY' has been defined, the content will be skipped.
**WARN: (IMPLF-151):	The viaRule 'VIA6ARRAY' has been defined, the content will be skipped.
**WARN: (IMPLF-151):	The viaRule 'VIA7ARRAY' has been defined, the content will be skipped.
**WARN: (IMPLF-151):	The viaRule 'VIA8ARRAY' has been defined, the content will be skipped.
**WARN: (IMPLF-151):	The viaRule 'M9_M8v' has been defined, the content will be skipped.
**WARN: (IMPLF-151):	The viaRule 'M8_M7v' has been defined, the content will be skipped.
**WARN: (IMPLF-151):	The viaRule 'M7_M6v' has been defined, the content will be skipped.
**WARN: (IMPLF-151):	The viaRule 'M6_M5v' has been defined, the content will be skipped.
**WARN: (IMPLF-151):	The viaRule 'M5_M4v' has been defined, the content will be skipped.
**WARN: (IMPLF-151):	The viaRule 'M4_M3v' has been defined, the content will be skipped.
**WARN: (IMPLF-151):	The viaRule 'M3_M2v' has been defined, the content will be skipped.
**WARN: (IMPLF-151):	The viaRule 'M2_M1v' has been defined, the content will be skipped.
**WARN: (IMPLF-151):	The viaRule 'M1_POv' has been defined, the content will be skipped.
**WARN: (IMPLF-151):	The viaRule 'M1_DIFF' has been defined, the content will be skipped.
**WARN: (IMPLF-151):	The viaRule 'M1_PSUB' has been defined, the content will be skipped.
**WARN: (IMPLF-151):	The viaRule 'M1_PIMP' has been defined, the content will be skipped.
**WARN: (EMS-27):	Message (IMPLF-151) has exceeded the current message display limit of 20.
To increase the message display limit, refer to the product command reference manual.
**WARN: (IMPLF-105):	The layer 'Oxide' specified in SAMENET spacing
rule is neither a routing layer nor a cut layer. The rule is ignored.
**WARN: (IMPLF-105):	The layer 'Poly' specified in SAMENET spacing
rule is neither a routing layer nor a cut layer. The rule is ignored.
**WARN: (IMPLF-58):	MACRO 'OAI2BB1X4' has been found in the database. Its content except DENSITY and PIN ANTENNA* data, and certain properties, will be ignored.
Review the LEF files specified in the init_lef_file variable and remove redundant definitions.
Type 'man IMPLF-58' for more detail.
**WARN: (IMPLF-58):	MACRO 'OA22X2' has been found in the database. Its content except DENSITY and PIN ANTENNA* data, and certain properties, will be ignored.
Review the LEF files specified in the init_lef_file variable and remove redundant definitions.
Type 'man IMPLF-58' for more detail.
**WARN: (IMPLF-58):	MACRO 'NAND3X8' has been found in the database. Its content except DENSITY and PIN ANTENNA* data, and certain properties, will be ignored.
Review the LEF files specified in the init_lef_file variable and remove redundant definitions.
Type 'man IMPLF-58' for more detail.
**WARN: (IMPLF-58):	MACRO 'SDFFRX4' has been found in the database. Its content except DENSITY and PIN ANTENNA* data, and certain properties, will be ignored.
Review the LEF files specified in the init_lef_file variable and remove redundant definitions.
Type 'man IMPLF-58' for more detail.
**WARN: (IMPLF-58):	MACRO 'TLATSRX1' has been found in the database. Its content except DENSITY and PIN ANTENNA* data, and certain properties, will be ignored.
Review the LEF files specified in the init_lef_file variable and remove redundant definitions.
Type 'man IMPLF-58' for more detail.
**WARN: (IMPLF-58):	MACRO 'OAI2BB1X1' has been found in the database. Its content except DENSITY and PIN ANTENNA* data, and certain properties, will be ignored.
Review the LEF files specified in the init_lef_file variable and remove redundant definitions.
Type 'man IMPLF-58' for more detail.
**WARN: (IMPLF-58):	MACRO 'DLY4X1' has been found in the database. Its content except DENSITY and PIN ANTENNA* data, and certain properties, will be ignored.
Review the LEF files specified in the init_lef_file variable and remove redundant definitions.
Type 'man IMPLF-58' for more detail.
**WARN: (IMPLF-58):	MACRO 'ADDFX4' has been found in the database. Its content except DENSITY and PIN ANTENNA* data, and certain properties, will be ignored.
Review the LEF files specified in the init_lef_file variable and remove redundant definitions.
Type 'man IMPLF-58' for more detail.
**WARN: (IMPLF-58):	MACRO 'CLKAND2X12' has been found in the database. Its content except DENSITY and PIN ANTENNA* data, and certain properties, will be ignored.
Review the LEF files specified in the init_lef_file variable and remove redundant definitions.
Type 'man IMPLF-58' for more detail.
**WARN: (IMPLF-58):	MACRO 'MXI3XL' has been found in the database. Its content except DENSITY and PIN ANTENNA* data, and certain properties, will be ignored.
Review the LEF files specified in the init_lef_file variable and remove redundant definitions.
Type 'man IMPLF-58' for more detail.
**WARN: (IMPLF-58):	MACRO 'NAND3X6' has been found in the database. Its content except DENSITY and PIN ANTENNA* data, and certain properties, will be ignored.
Review the LEF files specified in the init_lef_file variable and remove redundant definitions.
Type 'man IMPLF-58' for more detail.
**WARN: (IMPLF-58):	MACRO 'SDFFRX2' has been found in the database. Its content except DENSITY and PIN ANTENNA* data, and certain properties, will be ignored.
Review the LEF files specified in the init_lef_file variable and remove redundant definitions.
Type 'man IMPLF-58' for more detail.
**WARN: (IMPLF-58):	MACRO 'MX3X1' has been found in the database. Its content except DENSITY and PIN ANTENNA* data, and certain properties, will be ignored.
Review the LEF files specified in the init_lef_file variable and remove redundant definitions.
Type 'man IMPLF-58' for more detail.
**WARN: (IMPLF-58):	MACRO 'SDFFSRHQX1' has been found in the database. Its content except DENSITY and PIN ANTENNA* data, and certain properties, will be ignored.
Review the LEF files specified in the init_lef_file variable and remove redundant definitions.
Type 'man IMPLF-58' for more detail.
**WARN: (IMPLF-58):	MACRO 'OAI33XL' has been found in the database. Its content except DENSITY and PIN ANTENNA* data, and certain properties, will be ignored.
Review the LEF files specified in the init_lef_file variable and remove redundant definitions.
Type 'man IMPLF-58' for more detail.
**WARN: (IMPLF-58):	MACRO 'TLATSRX4' has been found in the database. Its content except DENSITY and PIN ANTENNA* data, and certain properties, will be ignored.
Review the LEF files specified in the init_lef_file variable and remove redundant definitions.
Type 'man IMPLF-58' for more detail.
**WARN: (IMPLF-58):	MACRO 'DFFHQX4' has been found in the database. Its content except DENSITY and PIN ANTENNA* data, and certain properties, will be ignored.
Review the LEF files specified in the init_lef_file variable and remove redundant definitions.
Type 'man IMPLF-58' for more detail.
**WARN: (IMPLF-58):	MACRO 'AOI221X2' has been found in the database. Its content except DENSITY and PIN ANTENNA* data, and certain properties, will be ignored.
Review the LEF files specified in the init_lef_file variable and remove redundant definitions.
Type 'man IMPLF-58' for more detail.
**WARN: (IMPLF-58):	MACRO 'ADDFX2' has been found in the database. Its content except DENSITY and PIN ANTENNA* data, and certain properties, will be ignored.
Review the LEF files specified in the init_lef_file variable and remove redundant definitions.
Type 'man IMPLF-58' for more detail.
**WARN: (IMPLF-58):	MACRO 'AOI22XL' has been found in the database. Its content except DENSITY and PIN ANTENNA* data, and certain properties, will be ignored.
Review the LEF files specified in the init_lef_file variable and remove redundant definitions.
Type 'man IMPLF-58' for more detail.
**WARN: (EMS-27):	Message (IMPLF-58) has exceeded the current message display limit of 20.
To increase the message display limit, refer to the product command reference manual.

Loading LEF file ../../../../../install/FOUNDRY/digital/90nm/dig/lef/gsclib090_tech.lef ...

Loading LEF file ../../../../../install/FOUNDRY/digital/90nm/dig/lef/gsclib090_macro.lef ...
**WARN: (IMPLF-61):	974 duplicated MACRO definitions have been found in the LEF file(s). Their content except DENSITY and PIN ANTENNA* data, and certain properties, have been ignored.
Review the LEF files specified in the init_lef_file variable and remove redundant definitions.
Type 'man IMPLF-61' for more detail.
**WARN: (IMPLF-200):	Pin 'A' in macro 'ANTENNA' has no ANTENNAGATEAREA value defined. The library data is incomplete and some process antenna rules will not be checked correctly.
Type 'man IMPLF-200' for more detail.

##  Check design process and node:  
##  Both design process and tech node are not set.

Loading view definition file from Default.view
Reading max_timing timing library '/home/install/FOUNDRY/digital/90nm/dig/lib/slow.lib' ...
Read 479 cells in library 'slow' 
Reading min_timing timing library '/home/install/FOUNDRY/digital/90nm/dig/lib/fast.lib' ...
Read 479 cells in library 'fast' 
*** End library_loading (cpu=0.01min, real=0.00min, mem=31.0M, fe_cpu=0.47min, fe_real=3.47min, fe_mem=1060.3M) ***
#% Begin Load netlist data ... (date=03/07 17:21:25, mem=1045.1M)
*** Begin netlist parsing (mem=1060.3M) ***
**WARN: (IMPVL-159):	Pin 'VDD' of cell 'XOR3XL' is defined in LEF but not in the timing library.
Type 'man IMPVL-159' for more detail.
**WARN: (IMPVL-159):	Pin 'VSS' of cell 'XOR3XL' is defined in LEF but not in the timing library.
Type 'man IMPVL-159' for more detail.
**WARN: (IMPVL-159):	Pin 'VDD' of cell 'XOR3X1' is defined in LEF but not in the timing library.
Type 'man IMPVL-159' for more detail.
**WARN: (IMPVL-159):	Pin 'VSS' of cell 'XOR3X1' is defined in LEF but not in the timing library.
Type 'man IMPVL-159' for more detail.
**WARN: (IMPVL-159):	Pin 'VSS' of cell 'XOR2XL' is defined in LEF but not in the timing library.
Type 'man IMPVL-159' for more detail.
**WARN: (IMPVL-159):	Pin 'VDD' of cell 'XOR2XL' is defined in LEF but not in the timing library.
Type 'man IMPVL-159' for more detail.
**WARN: (IMPVL-159):	Pin 'VSS' of cell 'XOR2X4' is defined in LEF but not in the timing library.
Type 'man IMPVL-159' for more detail.
**WARN: (IMPVL-159):	Pin 'VDD' of cell 'XOR2X4' is defined in LEF but not in the timing library.
Type 'man IMPVL-159' for more detail.
**WARN: (IMPVL-159):	Pin 'VSS' of cell 'XOR2X2' is defined in LEF but not in the timing library.
Type 'man IMPVL-159' for more detail.
**WARN: (IMPVL-159):	Pin 'VDD' of cell 'XOR2X2' is defined in LEF but not in the timing library.
Type 'man IMPVL-159' for more detail.
**WARN: (IMPVL-159):	Pin 'VSS' of cell 'XOR2X1' is defined in LEF but not in the timing library.
Type 'man IMPVL-159' for more detail.
**WARN: (IMPVL-159):	Pin 'VDD' of cell 'XOR2X1' is defined in LEF but not in the timing library.
Type 'man IMPVL-159' for more detail.
**WARN: (IMPVL-159):	Pin 'VSS' of cell 'XNOR3XL' is defined in LEF but not in the timing library.
Type 'man IMPVL-159' for more detail.
**WARN: (IMPVL-159):	Pin 'VDD' of cell 'XNOR3XL' is defined in LEF but not in the timing library.
Type 'man IMPVL-159' for more detail.
**WARN: (IMPVL-159):	Pin 'VDD' of cell 'XNOR3X1' is defined in LEF but not in the timing library.
Type 'man IMPVL-159' for more detail.
**WARN: (IMPVL-159):	Pin 'VSS' of cell 'XNOR3X1' is defined in LEF but not in the timing library.
Type 'man IMPVL-159' for more detail.
**WARN: (IMPVL-159):	Pin 'VSS' of cell 'XNOR2XL' is defined in LEF but not in the timing library.
Type 'man IMPVL-159' for more detail.
**WARN: (IMPVL-159):	Pin 'VDD' of cell 'XNOR2XL' is defined in LEF but not in the timing library.
Type 'man IMPVL-159' for more detail.
**WARN: (IMPVL-159):	Pin 'VSS' of cell 'XNOR2X4' is defined in LEF but not in the timing library.
Type 'man IMPVL-159' for more detail.
**WARN: (IMPVL-159):	Pin 'VDD' of cell 'XNOR2X4' is defined in LEF but not in the timing library.
Type 'man IMPVL-159' for more detail.
**WARN: (EMS-27):	Message (IMPVL-159) has exceeded the current message display limit of 20.
To increase the message display limit, refer to the product command reference manual.
Created 479 new cells from 2 timing libraries.
Reading netlist ...
Backslashed names will retain backslash and a trailing blank character.
Reading verilog netlist 'alarm_netlist.v'
**WARN: (IMPVL-346):	Module 'key_register' is instantiated in the netlist, but is not defined in the LEF files.  Since there is no real cell definition for such a cell, it will be treated as an empty module.
Type 'man IMPVL-346' for more detail.

*** Memory Usage v#1 (Current mem = 1060.273M, initial mem = 483.863M) ***
*** End netlist parsing (cpu=0:00:00.0, real=0:00:00.0, mem=1060.3M) ***
#% End Load netlist data ... (date=03/07 17:21:25, total cpu=0:00:00.0, real=0:00:00.0, peak res=1059.7M, current mem=1059.7M)
Top level cell is alarm_clock_top.
Hooked 958 DB cells to tlib cells.
**WARN: (IMPDB-2504):	Unable to find netlist cell in the design data of the library or LEF. The 'key_register' cell is instantiated in the Verilog netlist, but not defined in the library or design data.  Its pin directions might be derived incorrectly. Include the cell definition or its pin information in the library or design data and reload the design to avoid potential issues.
Type 'man IMPDB-2504' for more detail.
1 empty module found.
Starting recursive module instantiation check.
No recursion found.
Term dir updated for 0 vinsts of 1 cells.
Building hierarchical netlist for Cell alarm_clock_top ...
*** Netlist is unique.
** info: there are 972 modules.
** info: there are 336 stdCell insts.

*** Memory Usage v#1 (Current mem = 1115.688M, initial mem = 483.863M) ***
**WARN: (IMPFP-3961):	The techSite 'pad' has no related standard cells in the LEF/OA library. The calculations for this site type cannot be made unless standard cell models of this type exist in the LEF/OA library. Ignore this warning if the SITE is not used by the library. Alternatively, remove the SITE definition for the LEF/OA library to avoid this message.
Type 'man IMPFP-3961' for more detail.
**WARN: (IMPFP-3961):	The techSite 'corner' has no related standard cells in the LEF/OA library. The calculations for this site type cannot be made unless standard cell models of this type exist in the LEF/OA library. Ignore this warning if the SITE is not used by the library. Alternatively, remove the SITE definition for the LEF/OA library to avoid this message.
Type 'man IMPFP-3961' for more detail.
Horizontal Layer M1 offset = 290 (derived)
Vertical Layer M2 offset = 290 (derived)
Start create_tracks
Generated pitch 0.29 in Metal8 is different from 0.87 defined in technology file in unpreferred direction.
Extraction setup Started 
Initializing multi-corner RC extraction with 1 active RC Corners ...
Reading Capacitance Table File ../../../../../install/FOUNDRY/digital/90nm/dig/captable/gpdk090.lef.extended.CapTbl ...
Cap table was created using Encounter 05.20-s112_1.
Process name: gpdk090_9l.
Importing multi-corner RC tables ... 
Summary of Active RC-Corners : 
 
 Analysis View: worst_case
    RC-Corner Name        : rc_corners
    RC-Corner Index       : 0
    RC-Corner Temperature : 25 Celsius
    RC-Corner Cap Table   : '../../../../../install/FOUNDRY/digital/90nm/dig/captable/gpdk090.lef.extended.CapTbl'
    RC-Corner PreRoute Res Factor         : 1
    RC-Corner PreRoute Cap Factor         : 1
    RC-Corner PostRoute Res Factor        : 1 {1 1 1}
    RC-Corner PostRoute Cap Factor        : 1 {1 1 1}
    RC-Corner PostRoute XCap Factor       : 1 {1 1 1}
    RC-Corner PreRoute Clock Res Factor   : 1	[Derived from postRoute_res (effortLevel low)]
    RC-Corner PreRoute Clock Cap Factor   : 1	[Derived from postRoute_cap (effortLevel low)]
    RC-Corner PostRoute Clock Cap Factor  : 1 {1 1 1} 	[Derived from postRoute_cap (effortLevel low)]
    RC-Corner PostRoute Clock Res Factor  : 1 {1 1 1} 	[Derived from postRoute_res (effortLevel low)]
    RC-Corner PostRoute Clock coupling capacitance Factor : 1 {1 1 1} 
 
 Analysis View: best_case
    RC-Corner Name        : rc_corners
    RC-Corner Index       : 0
    RC-Corner Temperature : 25 Celsius
    RC-Corner Cap Table   : '../../../../../install/FOUNDRY/digital/90nm/dig/captable/gpdk090.lef.extended.CapTbl'
    RC-Corner PreRoute Res Factor         : 1
    RC-Corner PreRoute Cap Factor         : 1
    RC-Corner PostRoute Res Factor        : 1 {1 1 1}
    RC-Corner PostRoute Cap Factor        : 1 {1 1 1}
    RC-Corner PostRoute XCap Factor       : 1 {1 1 1}
    RC-Corner PreRoute Clock Res Factor   : 1	[Derived from postRoute_res (effortLevel low)]
    RC-Corner PreRoute Clock Cap Factor   : 1	[Derived from postRoute_cap (effortLevel low)]
    RC-Corner PostRoute Clock Cap Factor  : 1 {1 1 1} 	[Derived from postRoute_cap (effortLevel low)]
    RC-Corner PostRoute Clock Res Factor  : 1 {1 1 1} 	[Derived from postRoute_res (effortLevel low)]
    RC-Corner PostRoute Clock coupling capacitance Factor : 1 {1 1 1} 
Updating RC grid for preRoute extraction ...
Initializing multi-corner capacitance tables ... 
Initializing multi-corner resistance tables ...
*Info: initialize multi-corner CTS.
Reading timing constraints file 'alarm_constraints_1.sdc' ...
Current (total cpu=0:00:28.3, real=0:03:29, peak res=1357.9M, current mem=1357.9M)
**WARN: (TCLCMD-1461):	Skipped unsupported command: set_units (File alarm_constraints_1.sdc, Line 9).

**WARN: (TCLCMD-1461):	Skipped unsupported command: set_units (File alarm_constraints_1.sdc, Line 10).

alarm_clock_top
**WARN: (IMPCTE-290):	Could not locate cell INVX1 in any library for view best_case.
Type 'man IMPCTE-290' for more detail.
**WARN: (IMPCTE-290):	Could not locate cell INVX1 in any library for view best_case.
Type 'man IMPCTE-290' for more detail.
**WARN: (IMPCTE-290):	Could not locate cell INVX1 in any library for view best_case.
Type 'man IMPCTE-290' for more detail.
**WARN: (IMPCTE-290):	Could not locate cell INVX1 in any library for view best_case.
Type 'man IMPCTE-290' for more detail.
**WARN: (IMPCTE-290):	Could not locate cell INVX1 in any library for view best_case.
Type 'man IMPCTE-290' for more detail.
**WARN: (IMPCTE-290):	Could not locate cell INVX1 in any library for view best_case.
Type 'man IMPCTE-290' for more detail.
**WARN: (IMPCTE-290):	Could not locate cell INVX1 in any library for view best_case.
Type 'man IMPCTE-290' for more detail.
**WARN: (IMPCTE-290):	Could not locate cell INVX1 in any library for view best_case.
Type 'man IMPCTE-290' for more detail.
**WARN: (IMPCTE-290):	Could not locate cell INVX1 in any library for view best_case.
Type 'man IMPCTE-290' for more detail.
**WARN: (IMPCTE-290):	Could not locate cell INVX1 in any library for view best_case.
Type 'man IMPCTE-290' for more detail.
**WARN: (IMPCTE-290):	Could not locate cell INVX1 in any library for view best_case.
Type 'man IMPCTE-290' for more detail.
**WARN: (IMPCTE-290):	Could not locate cell INVX1 in any library for view best_case.
Type 'man IMPCTE-290' for more detail.
**WARN: (IMPCTE-290):	Could not locate cell INVX1 in any library for view best_case.
Type 'man IMPCTE-290' for more detail.
**WARN: (IMPCTE-290):	Could not locate cell INVX1 in any library for view best_case.
Type 'man IMPCTE-290' for more detail.
**WARN: (IMPCTE-290):	Could not locate cell INVX1 in any library for view best_case.
Type 'man IMPCTE-290' for more detail.
**WARN: (IMPCTE-290):	Could not locate cell INVX1 in any library for view best_case.
Type 'man IMPCTE-290' for more detail.
**WARN: (IMPCTE-290):	Could not locate cell INVX1 in any library for view best_case.
Type 'man IMPCTE-290' for more detail.
**WARN: (IMPCTE-290):	Could not locate cell INVX1 in any library for view best_case.
Type 'man IMPCTE-290' for more detail.
**WARN: (IMPCTE-290):	Could not locate cell INVX1 in any library for view best_case.
Type 'man IMPCTE-290' for more detail.
**WARN: (IMPCTE-290):	Could not locate cell INVX1 in any library for view best_case.
Type 'man IMPCTE-290' for more detail.
**WARN: (EMS-27):	Message (IMPCTE-290) has exceeded the current message display limit of 20.
To increase the message display limit, refer to the product command reference manual.
INFO (CTE): Reading of timing constraints file alarm_constraints_1.sdc completed, with 2 WARNING
Ending "Constraint file reading stats" (total cpu=0:00:00.0, real=0:00:00.0, peak res=1401.1M, current mem=1401.1M)
Current (total cpu=0:00:28.4, real=0:03:29, peak res=1401.1M, current mem=1401.1M)
Total number of combinational cells: 317
Total number of sequential cells: 152
Total number of tristate cells: 10
Total number of level shifter cells: 0
Total number of power gating cells: 0
Total number of isolation cells: 0
Total number of power switch cells: 0
Total number of pulse generator cells: 0
Total number of always on buffers: 0
Total number of retention cells: 0
List of usable buffers: BUFX2 BUFX12 BUFX16 BUFX20 CLKBUFX2 BUFX3 BUFX4 BUFX6 BUFX8 CLKBUFX12 CLKBUFX16 CLKBUFX20 CLKBUFX3 CLKBUFX4 CLKBUFX6 CLKBUFX8
Total number of usable buffers: 16
List of unusable buffers:
Total number of unusable buffers: 0
List of usable inverters: CLKINVX1 CLKINVX2 CLKINVX12 CLKINVX16 CLKINVX20 CLKINVX3 CLKINVX4 CLKINVX6 CLKINVX8 INVX1 INVX2 INVX12 INVX16 INVX20 INVXL INVX3 INVX4 INVX6 INVX8
Total number of usable inverters: 19
List of unusable inverters:
Total number of unusable inverters: 0
List of identified usable delay cells: DLY1X1 DLY1X4 DLY2X1 DLY2X4 DLY3X1 DLY3X4 DLY4X1 DLY4X4
Total number of identified usable delay cells: 8
List of identified unusable delay cells:
Total number of identified unusable delay cells: 0

*** Summary of all messages that are not suppressed in this session:
Severity  ID               Count  Summary                                  
WARNING   IMPLF-151           49  The viaRule '%s' has been defined, the c...
WARNING   IMPLF-58           974  MACRO '%s' has been found in the databas...
WARNING   IMPLF-61             1  %d duplicated MACRO definitions have bee...
WARNING   IMPLF-200            1  Pin '%s' in macro '%s' has no ANTENNAGAT...
ERROR     IMPLF-223          206  The LEF via '%s' definition already exis...
WARNING   IMPLF-105            4  The layer '%s' specified in SAMENET spac...
WARNING   IMPLF-119           27  LAYER '%s' has been found in the databas...
WARNING   IMPFP-3961           2  The techSite '%s' has no related standar...
WARNING   IMPVL-346            1  Module '%s' is instantiated in the netli...
WARNING   IMPVL-159          958  Pin '%s' of cell '%s' is defined in LEF ...
WARNING   IMPDB-2504           1  Unable to find netlist cell in the desig...
WARNING   IMPCTE-290          76  Could not locate cell %s in any library ...
WARNING   TCLCMD-1461          2  Skipped unsupported command: %s          
*** Message Summary: 2096 warning(s), 206 error(s)

<CMD> fit
<CMD> getIoFlowFlag
<CMD> setIoFlowFlag 0
<CMD> floorPlan -site gsclib090site -r 1 0.65 5 5 5 5
**WARN: (IMPFP-3961):	The techSite 'pad' has no related standard cells in the LEF/OA library. The calculations for this site type cannot be made unless standard cell models of this type exist in the LEF/OA library. Ignore this warning if the SITE is not used by the library. Alternatively, remove the SITE definition for the LEF/OA library to avoid this message.
Type 'man IMPFP-3961' for more detail.
**WARN: (IMPFP-3961):	The techSite 'corner' has no related standard cells in the LEF/OA library. The calculations for this site type cannot be made unless standard cell models of this type exist in the LEF/OA library. Ignore this warning if the SITE is not used by the library. Alternatively, remove the SITE definition for the LEF/OA library to avoid this message.
Type 'man IMPFP-3961' for more detail.
Horizontal Layer M1 offset = 290 (derived)
Vertical Layer M2 offset = 290 (derived)
Start create_tracks
Generated pitch 0.29 in Metal8 is different from 0.87 defined in technology file in unpreferred direction.
**WARN: (IMPFP-325):	Floorplan of the design is resized. All current floorplan objects are automatically derived based on specified new floorplan. This may change blocks, fixed standard cells, existing routes and blockages.
<CMD> uiSetTool select
<CMD> getIoFlowFlag
<CMD> fit
<CMD> set sprCreateIeRingOffset 1.0
<CMD> set sprCreateIeRingThreshold 1.0
<CMD> set sprCreateIeRingJogDistance 1.0
<CMD> set sprCreateIeRingLayers {}
<CMD> set sprCreateIeRingOffset 1.0
<CMD> set sprCreateIeRingThreshold 1.0
<CMD> set sprCreateIeRingJogDistance 1.0
<CMD> set sprCreateIeRingLayers {}
<CMD> set sprCreateIeStripeWidth 10.0
<CMD> set sprCreateIeStripeThreshold 1.0
<CMD> set sprCreateIeStripeWidth 10.0
<CMD> set sprCreateIeStripeThreshold 1.0
<CMD> set sprCreateIeRingOffset 1.0
<CMD> set sprCreateIeRingThreshold 1.0
<CMD> set sprCreateIeRingJogDistance 1.0
<CMD> set sprCreateIeRingLayers {}
<CMD> set sprCreateIeStripeWidth 10.0
<CMD> set sprCreateIeStripeThreshold 1.0
<CMD> setAddRingMode -ring_target default -extend_over_row 0 -ignore_rows 0 -avoid_short 0 -skip_crossing_trunks none -stacked_via_top_layer Metal9 -stacked_via_bottom_layer Metal1 -via_using_exact_crossover_size 1 -orthogonal_only true -skip_via_on_pin {  standardcell } -skip_via_on_wire_shape {  noshape }
The ring targets are set to core/block ring wires.
addRing command will consider rows while creating rings.
addRing command will disallow rings to go over rows.
addRing command will ignore shorts while creating rings.
<CMD> addRing -nets {VDD VSS} -type core_rings -follow core -layer {top Metal9 bottom Metal9 left Metal8 right Metal8} -width {top 2 bottom 2 left 2 right 2} -spacing {top 1 bottom 1 left 1 right 1} -offset {top 1.8 bottom 1.8 left 1.8 right 1.8} -center 1 -threshold 0 -jog_distance 0 -snap_wire_center_to_grid None


viaInitial starts at Sat Mar  7 17:22:35 2026
viaInitial ends at Sat Mar  7 17:22:35 2026
Loading cell geometries (cpu: 0:00:00.0, real: 0:00:00.0, peak mem: 1726.3M)
**WARN: (IMPPP-220):	The power planner does not create core rings outside the design boundary. Check the design boundary, or specify valid offsets.
**WARN: (IMPPP-4051):	Failed to add rings, because the IO cells might contain gaps. Run the 'addIoFiller' command to fill gaps between the cells and try again.
Type 'man IMPPP-4051' for more detail.
<CMD> getIoFlowFlag
<CMD> setAddRingMode -ring_target default -extend_over_row 0 -ignore_rows 0 -avoid_short 0 -skip_crossing_trunks none -stacked_via_top_layer Metal9 -stacked_via_bottom_layer Metal1 -via_using_exact_crossover_size 1 -orthogonal_only true -skip_via_on_pin {  standardcell } -skip_via_on_wire_shape {  noshape }
The ring targets are set to core/block ring wires.
addRing command will consider rows while creating rings.
addRing command will disallow rings to go over rows.
addRing command will ignore shorts while creating rings.
<CMD> addRing -nets {VDD VSS} -type core_rings -follow core -layer {top Metal9 bottom Metal9 left Metal8 right Metal8} -width {top 1.5 bottom 1.5 left 1.5 right 1.5} -spacing {top 1 bottom 1 left 1 right 1} -offset {top 1.8 bottom 1.8 left 1.8 right 1.8} -center 1 -threshold 0 -jog_distance 0 -snap_wire_center_to_grid None

Loading cell geometries (cpu: 0:00:00.0, real: 0:00:00.0, peak mem: 1726.3M)
**WARN: (IMPPP-220):	The power planner does not create core rings outside the design boundary. Check the design boundary, or specify valid offsets.
**WARN: (IMPPP-4051):	Failed to add rings, because the IO cells might contain gaps. Run the 'addIoFiller' command to fill gaps between the cells and try again.
Type 'man IMPPP-4051' for more detail.
<CMD> setAddRingMode -ring_target default -extend_over_row 0 -ignore_rows 0 -avoid_short 0 -skip_crossing_trunks none -stacked_via_top_layer Metal9 -stacked_via_bottom_layer Metal1 -via_using_exact_crossover_size 1 -orthogonal_only true -skip_via_on_pin {  standardcell } -skip_via_on_wire_shape {  noshape }
The ring targets are set to core/block ring wires.
addRing command will consider rows while creating rings.
addRing command will disallow rings to go over rows.
addRing command will ignore shorts while creating rings.
<CMD> addRing -nets {VDD VSS} -type core_rings -follow core -layer {top Metal9 bottom Metal9 left Metal8 right Metal8} -width {top 1.5 bottom 1.5 left 1.5 right 1.5} -spacing {top 0.4 bottom 0.4 left 0.4 right 0.4} -offset {top 1.8 bottom 1.8 left 1.8 right 1.8} -center 1 -threshold 0 -jog_distance 0 -snap_wire_center_to_grid None

Loading cell geometries (cpu: 0:00:00.0, real: 0:00:00.0, peak mem: 1726.3M)
Ring generation is complete.
vias are now being generated.
addRing created 8 wires.
ViaGen created 8 vias, deleted 0 via to avoid violation.
+--------+----------------+----------------+
|  Layer |     Created    |     Deleted    |
+--------+----------------+----------------+
| Metal8 |        4       |       NA       |
|  Via8  |        8       |        0       |
| Metal9 |        4       |       NA       |
+--------+----------------+----------------+
<CMD> set sprCreateIeRingOffset 1.0
<CMD> set sprCreateIeRingThreshold 1.0
<CMD> set sprCreateIeRingJogDistance 1.0
<CMD> set sprCreateIeRingLayers {}
<CMD> set sprCreateIeRingOffset 1.0
<CMD> set sprCreateIeRingThreshold 1.0
<CMD> set sprCreateIeRingJogDistance 1.0
<CMD> set sprCreateIeRingLayers {}
<CMD> set sprCreateIeStripeWidth 10.0
<CMD> set sprCreateIeStripeThreshold 1.0
<CMD> set sprCreateIeStripeWidth 10.0
<CMD> set sprCreateIeStripeThreshold 1.0
<CMD> set sprCreateIeRingOffset 1.0
<CMD> set sprCreateIeRingThreshold 1.0
<CMD> set sprCreateIeRingJogDistance 1.0
<CMD> set sprCreateIeRingLayers {}
<CMD> set sprCreateIeStripeWidth 10.0
<CMD> set sprCreateIeStripeThreshold 1.0
<CMD> setAddStripeMode -ignore_block_check false -break_at none -route_over_rows_only false -rows_without_stripes_only false -extend_to_closest_target none -stop_at_last_wire_for_area false -partial_set_thru_domain false -ignore_nondefault_domains false -trim_antenna_back_to_shape none -spacing_type edge_to_edge -spacing_from_block 0 -stripe_min_length stripe_width -stacked_via_top_layer Metal9 -stacked_via_bottom_layer Metal1 -via_using_exact_crossover_size false -split_vias false -orthogonal_only true -allow_jog { padcore_ring  block_ring } -skip_via_on_pin {  standardcell } -skip_via_on_wire_shape {  noshape   }
addStripe will allow jog to connect padcore ring and block ring.

Stripes will stop at the boundary of the specified area.
When breaking rings, the power planner will consider the existence of blocks.
Stripes will not extend to closest target.
The power planner will set stripe antenna targets to none (no trimming allowed).
Stripes will not be created over regions without power planning wires.
The entire stripe set will break at the domain if one of the nets is not in the domain.
addStripe will break automatically at non-default domains when generating global stripes over the core area or default domain.
Offset for stripe breaking is set to 0.
<CMD> addStripe -nets {VDD VSS} -layer Metal9 -direction horizontal -width 1.5 -spacing 0.4 -number_of_sets 2 -start_from bottom -switch_layer_over_obs false -max_same_layer_jog_length 2 -padcore_ring_top_layer_limit Metal9 -padcore_ring_bottom_layer_limit Metal1 -block_ring_top_layer_limit Metal9 -block_ring_bottom_layer_limit Metal1 -use_wire_group 0 -snap_wire_center_to_grid None

Initialize fgc environment(mem: 1726.3M) ...  fail and won't use fgc to check drc(cpu: 0:00:00.0, real: 0:00:00.0, peak mem: 1726.3M)
Loading cell geometries (cpu: 0:00:00.0, real: 0:00:00.0, peak mem: 1726.3M)
Loading wires (cpu: 0:00:00.0, real: 0:00:00.0, peak mem: 1726.3M)
Loading via instances (cpu: 0:00:00.0, real: 0:00:00.0, peak mem: 1726.3M)
Starting stripe generation ...
Non-Default Mode Option Settings :
  NONE
Stripe generation is complete.
vias are now being generated.
addStripe created 4 wires.
ViaGen created 8 vias, deleted 0 via to avoid violation.
+--------+----------------+----------------+
|  Layer |     Created    |     Deleted    |
+--------+----------------+----------------+
|  Via8  |        8       |        0       |
| Metal9 |        4       |       NA       |
+--------+----------------+----------------+
<CMD> setAddStripeMode -ignore_block_check false -break_at none -route_over_rows_only false -rows_without_stripes_only false -extend_to_closest_target none -stop_at_last_wire_for_area false -partial_set_thru_domain false -ignore_nondefault_domains false -trim_antenna_back_to_shape none -spacing_type edge_to_edge -spacing_from_block 0 -stripe_min_length stripe_width -stacked_via_top_layer Metal9 -stacked_via_bottom_layer Metal1 -via_using_exact_crossover_size false -split_vias false -orthogonal_only true -allow_jog { padcore_ring  block_ring } -skip_via_on_pin {  standardcell } -skip_via_on_wire_shape {  noshape   }
addStripe will allow jog to connect padcore ring and block ring.

Stripes will stop at the boundary of the specified area.
When breaking rings, the power planner will consider the existence of blocks.
Stripes will not extend to closest target.
The power planner will set stripe antenna targets to none (no trimming allowed).
Stripes will not be created over regions without power planning wires.
The entire stripe set will break at the domain if one of the nets is not in the domain.
addStripe will break automatically at non-default domains when generating global stripes over the core area or default domain.
Offset for stripe breaking is set to 0.
<CMD> addStripe -nets {VDD VSS} -layer Metal8 -direction vertical -width 1.5 -spacing 0.4 -number_of_sets 2 -start_from left -switch_layer_over_obs false -max_same_layer_jog_length 2 -padcore_ring_top_layer_limit Metal9 -padcore_ring_bottom_layer_limit Metal1 -block_ring_top_layer_limit Metal9 -block_ring_bottom_layer_limit Metal1 -use_wire_group 0 -snap_wire_center_to_grid None

Initialize fgc environment(mem: 1726.3M) ...  fail and won't use fgc to check drc(cpu: 0:00:00.0, real: 0:00:00.0, peak mem: 1726.3M)
Loading cell geometries (cpu: 0:00:00.0, real: 0:00:00.0, peak mem: 1726.3M)
Loading wires (cpu: 0:00:00.0, real: 0:00:00.0, peak mem: 1726.3M)
Loading via instances (cpu: 0:00:00.0, real: 0:00:00.0, peak mem: 1726.3M)
Starting stripe generation ...
Non-Default Mode Option Settings :
  NONE
Stripe generation is complete.
vias are now being generated.
addStripe created 4 wires.
ViaGen created 16 vias, deleted 0 via to avoid violation.
+--------+----------------+----------------+
|  Layer |     Created    |     Deleted    |
+--------+----------------+----------------+
| Metal8 |        4       |       NA       |
|  Via8  |       16       |        0       |
+--------+----------------+----------------+
<CMD> setAddStripeMode -ignore_block_check false -break_at none -route_over_rows_only false -rows_without_stripes_only false -extend_to_closest_target none -stop_at_last_wire_for_area false -partial_set_thru_domain false -ignore_nondefault_domains false -trim_antenna_back_to_shape none -spacing_type edge_to_edge -spacing_from_block 0 -stripe_min_length stripe_width -stacked_via_top_layer Metal9 -stacked_via_bottom_layer Metal1 -via_using_exact_crossover_size false -split_vias false -orthogonal_only true -allow_jog { padcore_ring  block_ring } -skip_via_on_pin {  standardcell } -skip_via_on_wire_shape {  noshape   }
addStripe will allow jog to connect padcore ring and block ring.

Stripes will stop at the boundary of the specified area.
When breaking rings, the power planner will consider the existence of blocks.
Stripes will not extend to closest target.
The power planner will set stripe antenna targets to none (no trimming allowed).
Stripes will not be created over regions without power planning wires.
The entire stripe set will break at the domain if one of the nets is not in the domain.
addStripe will break automatically at non-default domains when generating global stripes over the core area or default domain.
Offset for stripe breaking is set to 0.
<CMD> addStripe -nets {VDD VSS} -layer Metal8 -direction vertical -width 1.5 -spacing 0.4 -number_of_sets 2 -start_from left -switch_layer_over_obs false -max_same_layer_jog_length 2 -padcore_ring_top_layer_limit Metal9 -padcore_ring_bottom_layer_limit Metal1 -block_ring_top_layer_limit Metal9 -block_ring_bottom_layer_limit Metal1 -use_wire_group 0 -snap_wire_center_to_grid None

Initialize fgc environment(mem: 1726.3M) ...  fail and won't use fgc to check drc(cpu: 0:00:00.0, real: 0:00:00.0, peak mem: 1726.3M)
Loading cell geometries (cpu: 0:00:00.0, real: 0:00:00.0, peak mem: 1726.3M)
Loading wires (cpu: 0:00:00.0, real: 0:00:00.0, peak mem: 1726.3M)
Loading via instances (cpu: 0:00:00.0, real: 0:00:00.0, peak mem: 1726.3M)
Starting stripe generation ...
Non-Default Mode Option Settings :
  NONE
**WARN: (IMPPP-170):	The power planner failed to create a wire at (5.970000, 2.810000) (5.970000, 65.050003) because same wire already exists.
**WARN: (IMPPP-170):	The power planner failed to create a wire at (63.180000, 2.810000) (63.180000, 65.050003) because same wire already exists.
**WARN: (IMPPP-170):	The power planner failed to create a wire at (7.870000, 0.910000) (7.870000, 66.949997) because same wire already exists.
**WARN: (IMPPP-170):	The power planner failed to create a wire at (65.080002, 0.910000) (65.080002, 66.949997) because same wire already exists.
Stripe generation is complete.
<CMD> setRouteMode -earlyGlobalHonorMsvRouteConstraint false -earlyGlobalRoutePartitionPinGuide true
<CMD> setEndCapMode -reset
<CMD> setEndCapMode -boundary_tap false
<CMD> setNanoRouteMode -quiet -droutePostRouteSpreadWire 1
<CMD> setNanoRouteMode -quiet -droutePostRouteWidenWireRule LEFDefaultRouteSpec_gpdk090
<CMD> setNanoRouteMode -quiet -timingEngine {}
<CMD> setUsefulSkewMode -noBoundary false -maxAllowedDelay 1
<CMD> setPlaceMode -reset
<CMD> setPlaceMode -congEffort auto -timingDriven 1 -clkGateAware 1 -powerDriven 0 -ignoreScan 1 -reorderScan 1 -ignoreSpare 0 -placeIOPins 1 -moduleAwareSpare 0 -preserveRouting 1 -rmAffectedRouting 0 -checkRoute 0 -swapEEQ 0
<CMD> setRouteMode -earlyGlobalHonorMsvRouteConstraint false -earlyGlobalRoutePartitionPinGuide true
<CMD> setEndCapMode -reset
<CMD> setEndCapMode -boundary_tap false
<CMD> setUsefulSkewMode -noBoundary false -maxAllowedDelay 1
<CMD> setPlaceMode -fp false
<CMD> place_design
*** placeDesign #1 [begin] : totSession cpu/real = 0:00:47.4/0:07:38.4 (0.1), mem = 1726.3M
*** Starting placeDesign default flow ***
*** Start deleteBufferTree ***
Info: Detect buffers to remove automatically.
Analyzing netlist ...
Updating netlist

*summary: 0 instances (buffers/inverters) removed
*** Finish deleteBufferTree (0:00:00.1) ***
**INFO: Enable pre-place timing setting for timing analysis
Set Using Default Delay Limit as 101.
**WARN: (IMPDC-1629):	The default delay limit was set to 101. This is less than the default of 1000 and may result in inaccurate delay calculation for nets with a fanout higher than the setting.  If needed, the default delay limit may be adjusted by running the command 'set delaycal_use_default_delay_limit'.
Set Default Net Delay as 0 ps.
Set Default Net Load as 0 pF. 
Set Default Input Pin Transition as 1 ps.
**INFO: Analyzing IO path groups for slack adjustment
Effort level <high> specified for reg2reg_tmp.39186 path_group
AAE_INFO: opIsDesignInPostRouteState() is 0
AAE DB initialization (MEM=1843.81 CPU=0:00:00.0 REAL=0:00:00.0) 
#################################################################################
# Design Stage: PreRoute
# Design Name: alarm_clock_top
# Design Mode: 90nm
# Analysis Mode: MMMC Non-OCV 
# Parasitics Mode: No SPEF/RCDB 
# Signoff Settings: SI Off 
#################################################################################
Calculate delays in BcWc mode...
Start delay calculation (fullDC) (1 T). (MEM=1846.82)
Total number of fetched objects 356
End delay calculation. (MEM=2004.43 CPU=0:00:00.0 REAL=0:00:00.0)
End delay calculation (fullDC). (MEM=2004.43 CPU=0:00:00.0 REAL=0:00:00.0)
**INFO: Disable pre-place timing setting for timing analysis
Set Using Default Delay Limit as 1000.
Set Default Net Delay as 1000 ps.
Set Default Input Pin Transition as 0.1 ps.
Set Default Net Load as 0.5 pF. 
**INFO: Pre-place timing setting for timing analysis already disabled
Deleted 0 physical inst  (cell - / prefix -).
INFO: #ExclusiveGroups=0
INFO: There are no Exclusive Groups.
Extracting standard cell pins and blockage ...... 
Pin and blockage extraction finished
Extracting macro/IO cell pins and blockage ...... 
Pin and blockage extraction finished
*** Starting "NanoPlace(TM) placement v#6 (mem=1986.9M)" ...
*** Build Buffered Sizing Timing Model
(cpu=0:00:00.8 mem=1994.9M) ***
*** Build Virtual Sizing Timing Model
(cpu=0:00:00.9 mem=1994.9M) ***
No user-set net weight.
Net fanout histogram:
2		: 220 (61.6%) nets
3		: 38 (10.6%) nets
4     -	14	: 95 (26.6%) nets
15    -	39	: 2 (0.6%) nets
40    -	79	: 2 (0.6%) nets
80    -	159	: 0 (0.0%) nets
160   -	319	: 0 (0.0%) nets
320   -	639	: 0 (0.0%) nets
640   -	1279	: 0 (0.0%) nets
1280  -	2559	: 0 (0.0%) nets
2560  -	5119	: 0 (0.0%) nets
5120+		: 0 (0.0%) nets
Options: timingDriven clkGateAware ignoreScan pinGuide congEffort=auto gpeffort=medium 
**WARN: (IMPSP-9042):	Scan chains were not defined, -place_global_ignore_scan option will be ignored.
Define the scan chains before using this option.
Type 'man IMPSP-9042' for more detail.
#std cell=336 (0 fixed + 336 movable) #buf cell=0 #inv cell=32 #block=0 (0 floating + 0 preplaced)
#ioInst=0 #net=357 #term=1190 #term/net=3.33, #fixedIo=0, #floatIo=0, #fixedPin=0, #floatPin=54
stdCell: 336 single + 0 double + 0 multi
Total standard cell length = 0.8654 (mm), area = 0.0023 (mm^2)
Estimated cell power/ground rail width = 0.326 um
Average module density = 0.649.
Density for the design = 0.649.
       = stdcell_area 2984 sites (2259 um^2) / alloc_area 4598 sites (3480 um^2).
Pin Density = 0.2588.
            = total # of pins 1190 / total area 4598.
=== lastAutoLevel = 6 
Clock gating cells determined by native netlist tracing.
Iteration  1: Total net bbox = 2.510e-12 (0.00e+00 2.51e-12)
              Est.  stn bbox = 2.636e-12 (0.00e+00 2.64e-12)
              cpu = 0:00:00.0 real = 0:00:00.0 mem = 2022.0M
Iteration  2: Total net bbox = 2.510e-12 (0.00e+00 2.51e-12)
              Est.  stn bbox = 2.636e-12 (0.00e+00 2.64e-12)
              cpu = 0:00:00.0 real = 0:00:00.0 mem = 2022.0M
Iteration  3: Total net bbox = 1.248e+02 (6.51e+01 5.97e+01)
              Est.  stn bbox = 1.635e+02 (8.46e+01 7.89e+01)
              cpu = 0:00:00.0 real = 0:00:00.0 mem = 2024.5M
Active setup views:
    worst_case
Iteration  4: Total net bbox = 1.205e+03 (4.72e+02 7.33e+02)
              Est.  stn bbox = 1.542e+03 (6.25e+02 9.17e+02)
              cpu = 0:00:00.0 real = 0:00:00.0 mem = 2024.5M
Iteration  5: Total net bbox = 1.850e+03 (8.18e+02 1.03e+03)
              Est.  stn bbox = 2.309e+03 (1.01e+03 1.30e+03)
              cpu = 0:00:00.1 real = 0:00:00.0 mem = 2024.5M
Iteration  6: Total net bbox = 2.360e+03 (1.10e+03 1.26e+03)
              Est.  stn bbox = 2.865e+03 (1.32e+03 1.55e+03)
              cpu = 0:00:00.1 real = 0:00:00.0 mem = 2025.5M
Iteration  7: Total net bbox = 2.876e+03 (1.37e+03 1.51e+03)
              Est.  stn bbox = 3.385e+03 (1.59e+03 1.79e+03)
              cpu = 0:00:00.1 real = 0:00:00.0 mem = 2025.5M
Iteration  8: Total net bbox = 2.630e+03 (1.21e+03 1.42e+03)
              Est.  stn bbox = 3.123e+03 (1.43e+03 1.70e+03)
              cpu = 0:00:00.1 real = 0:00:00.0 mem = 2026.5M
Iteration  9: Total net bbox = 3.535e+03 (1.62e+03 1.92e+03)
              Est.  stn bbox = 4.137e+03 (1.89e+03 2.25e+03)
              cpu = 0:00:00.0 real = 0:00:00.0 mem = 2026.5M
Iteration 10: Total net bbox = 3.535e+03 (1.62e+03 1.92e+03)
              Est.  stn bbox = 4.137e+03 (1.89e+03 2.25e+03)
              cpu = 0:00:00.0 real = 0:00:00.0 mem = 2026.5M
*** cost = 3.535e+03 (1.62e+03 1.92e+03) (cpu for global=0:00:00.5) real=0:00:01.0***
Info: 0 clock gating cells identified, 0 (on average) moved 0/2
Solver runtime cpu: 0:00:00.4 real: 0:00:00.4
Core Placement runtime cpu: 0:00:00.4 real: 0:00:01.0
**WARN: (IMPSP-9025):	No scan chain specified/traced.
Type 'man IMPSP-9025' for more detail.
*** Starting refinePlace (0:00:49.7 mem=2026.5M) ***
Total net bbox length = 3.557e+03 (1.624e+03 1.934e+03) (ext = 7.580e+02)
Move report: Detail placement moves 336 insts, mean move: 0.42 um, max move: 12.52 um 
	Max move on inst (ar/g96__1705): (50.72, 31.33) --> (63.22, 31.32)
	Runtime: CPU: 0:00:00.0 REAL: 0:00:00.0 MEM: 2050.5MB
Summary Report:
Instances move: 336 (out of 336 movable)
Instances flipped: 0
Mean displacement: 0.42 um
Max displacement: 12.52 um (Instance: ar/g96__1705) (50.716, 31.3335) -> (63.22, 31.32)
	Length: 8 sites, height: 1 rows, site name: gsclib090site, cell type: MXI2XL
Total net bbox length = 3.343e+03 (1.424e+03 1.919e+03) (ext = 7.161e+02)
Runtime: CPU: 0:00:00.0 REAL: 0:00:00.0 MEM: 2050.5MB
*** Finished refinePlace (0:00:49.7 mem=2050.5M) ***
*** End of Placement (cpu=0:00:01.6, real=0:00:03.0, mem=2050.5M) ***
default core: bins with density > 0.750 =  0.00 % ( 0 / 9 )
Density distribution unevenness ratio = 0.966%
*** Free Virtual Timing Model ...(mem=2050.5M)
Starting IO pin assignment...
The design is not routed. Using placement based method for pin assignment.
Completed IO pin assignment.
**INFO: Enable pre-place timing setting for timing analysis
Set Using Default Delay Limit as 101.
**WARN: (IMPDC-1629):	The default delay limit was set to 101. This is less than the default of 1000 and may result in inaccurate delay calculation for nets with a fanout higher than the setting.  If needed, the default delay limit may be adjusted by running the command 'set delaycal_use_default_delay_limit'.
Set Default Net Delay as 0 ps.
Set Default Net Load as 0 pF. 
**INFO: Analyzing IO path groups for slack adjustment
Effort level <high> specified for reg2reg_tmp.39186 path_group
AAE_INFO: opIsDesignInPostRouteState() is 0
#################################################################################
# Design Stage: PreRoute
# Design Name: alarm_clock_top
# Design Mode: 90nm
# Analysis Mode: MMMC Non-OCV 
# Parasitics Mode: No SPEF/RCDB 
# Signoff Settings: SI Off 
#################################################################################
Calculate delays in BcWc mode...
Start delay calculation (fullDC) (1 T). (MEM=2038.94)
Total number of fetched objects 356
End delay calculation. (MEM=2082.15 CPU=0:00:00.0 REAL=0:00:00.0)
End delay calculation (fullDC). (MEM=2082.15 CPU=0:00:00.0 REAL=0:00:00.0)
**INFO: Disable pre-place timing setting for timing analysis
Set Using Default Delay Limit as 1000.
Set Default Net Delay as 1000 ps.
Set Default Net Load as 0.5 pF. 
Info: Disable timing driven in postCTS congRepair.

Starting congRepair ...
[NR-eGR] Track table information for default rule: 
[NR-eGR] Metal1 has single uniform track structure
[NR-eGR] Metal2 has single uniform track structure
[NR-eGR] Metal3 has single uniform track structure
[NR-eGR] Metal4 has single uniform track structure
[NR-eGR] Metal5 has single uniform track structure
[NR-eGR] Metal6 has single uniform track structure
[NR-eGR] Metal7 has single uniform track structure
[NR-eGR] Metal8 has single uniform track structure
[NR-eGR] Metal9 has single uniform track structure
[NR-eGR] Read 80 PG shapes
[NR-eGR] Read 0 clock shapes
[NR-eGR] Read 0 other shapes
[NR-eGR] #Routing Blockages  : 0
[NR-eGR] #Instance Blockages : 0
[NR-eGR] #PG Blockages       : 80
[NR-eGR] #Halo Blockages     : 0
[NR-eGR] #Boundary Blockages : 0
[NR-eGR] #Clock Blockages    : 0
[NR-eGR] #Other Blockages    : 0
[NR-eGR] Num Prerouted Nets = 0  Num Prerouted Wires = 0
[NR-eGR] Read 357 nets ( ignored 0 )
[NR-eGR] There are 1 clock nets ( 0 with NDR ).
[NR-eGR] ============ Routing rule table ============
[NR-eGR] Rule id: 0  Nets: 357
[NR-eGR] ========================================
[NR-eGR] 
[NR-eGR] Layer group 1: route 357 net(s) in layer range [2, 9]
[NR-eGR] Early Global Route overflow of layer group 1: 0.00% H + 0.00% V. EstWL: 3.912390e+03um
[NR-eGR] Congestion Analysis By layer: (blocked Gcells are excluded) 
[NR-eGR]                        OverCon            
[NR-eGR]                         #Gcell     %Gcell
[NR-eGR]        Layer             (1-0)    OverCon
[NR-eGR] ----------------------------------------------
[NR-eGR]  Metal1 ( 1)         0( 0.00%)   ( 0.00%) 
[NR-eGR]  Metal2 ( 2)         0( 0.00%)   ( 0.00%) 
[NR-eGR]  Metal3 ( 3)         0( 0.00%)   ( 0.00%) 
[NR-eGR]  Metal4 ( 4)         0( 0.00%)   ( 0.00%) 
[NR-eGR]  Metal5 ( 5)         0( 0.00%)   ( 0.00%) 
[NR-eGR]  Metal6 ( 6)         0( 0.00%)   ( 0.00%) 
[NR-eGR]  Metal7 ( 7)         0( 0.00%)   ( 0.00%) 
[NR-eGR]  Metal8 ( 8)         0( 0.00%)   ( 0.00%) 
[NR-eGR]  Metal9 ( 9)         0( 0.00%)   ( 0.00%) 
[NR-eGR] ----------------------------------------------
[NR-eGR]        Total         0( 0.00%)   ( 0.00%) 
[NR-eGR] 
[NR-eGR] Overflow after Early Global Route 0.00% H + 0.00% V
Early Global Route congestion estimation runtime: 0.01 seconds, mem = 2080.6M
Local HotSpot Analysis: normalized max congestion hotspot area = 0.00, normalized total congestion hotspot area = 0.00 (area is in unit of 4 std-cell row bins)
Skipped repairing congestion.
[NR-eGR]                 Length (um)  Vias 
[NR-eGR] ----------------------------------
[NR-eGR]  Metal1  (1H)             0  1136 
[NR-eGR]  Metal2  (2V)          2173  1571 
[NR-eGR]  Metal3  (3H)          1848    34 
[NR-eGR]  Metal4  (4V)            91     8 
[NR-eGR]  Metal5  (5H)            65     1 
[NR-eGR]  Metal6  (6V)            11     0 
[NR-eGR]  Metal7  (7H)             0     0 
[NR-eGR]  Metal8  (8V)             0     0 
[NR-eGR]  Metal9  (9H)             0     0 
[NR-eGR] ----------------------------------
[NR-eGR]          Total         4188  2750 
[NR-eGR] --------------------------------------------------------------------------
[NR-eGR] Total half perimeter of net bounding box: 3312um
[NR-eGR] Total length: 4188um, number of vias: 2750
[NR-eGR] --------------------------------------------------------------------------
[NR-eGR] Total eGR-routed clock nets wire length: 402um, number of vias: 182
[NR-eGR] --------------------------------------------------------------------------
Early Global Route wiring runtime: 0.00 seconds, mem = 2017.6M
Tdgp not successfully inited but do clear! skip clearing
End of congRepair (cpu=0:00:00.0, real=0:00:00.0)
*** Finishing placeDesign default flow ***
**placeDesign ... cpu = 0: 0: 2, real = 0: 0: 3, mem = 2017.6M **
Tdgp not successfully inited but do clear! skip clearing

*** Summary of all messages that are not suppressed in this session:
Severity  ID               Count  Summary                                  
WARNING   IMPDC-1629           2  The default delay limit was set to %d. T...
WARNING   IMPSP-9025           1  No scan chain specified/traced.          
WARNING   IMPSP-9042           1  Scan chains were not defined, -place_glo...
*** Message Summary: 4 warning(s), 0 error(s)

*** placeDesign #1 [finish] : cpu/real = 0:00:02.5/0:00:03.5 (0.7), totSession cpu/real = 0:00:49.9/0:07:41.9 (0.1), mem = 2017.6M
<CMD> redirect -quiet {set honorDomain [getAnalysisMode -honorClockDomains]} > /dev/null
<CMD> timeDesign -preCTS -pathReports -drvReports -slackReports -numPaths 50 -prefix alarm_clock_top_preCTS -outDir timingReports
AAE DB initialization (MEM=2001.23 CPU=0:00:00.0 REAL=0:00:00.0) 
*** timeDesign #1 [begin] : totSession cpu/real = 0:00:51.9/0:08:07.2 (0.1), mem = 2001.2M
Setting timing_disable_library_data_to_data_checks to 'true'.
Setting timing_disable_user_data_to_data_checks to 'true'.
Start to check current routing status for nets...
All nets are already routed correctly.
End to check current routing status for nets (mem=1991.2M)
Extraction called for design 'alarm_clock_top' of instances=336 and nets=360 using extraction engine 'preRoute' .
**WARN: (IMPEXT-3530):	The process node is not set. Use the command setDesignMode -process <process node> prior to extraction for maximum accuracy and optimal automatic threshold setting.
Type 'man IMPEXT-3530' for more detail.
PreRoute RC Extraction called for design alarm_clock_top.
RC Extraction called in multi-corner(1) mode.
RCMode: PreRoute
      RC Corner Indexes            0   
Capacitance Scaling Factor   : 1.00000 
Resistance Scaling Factor    : 1.00000 
Clock Cap. Scaling Factor    : 1.00000 
Clock Res. Scaling Factor    : 1.00000 
Shrink Factor                : 1.00000
PreRoute extraction is honoring NDR/Shielding/ExtraSpace for clock nets.
Using capacitance table file ...
Updating RC grid for preRoute extraction ...
Initializing multi-corner capacitance tables ... 
Initializing multi-corner resistance tables ...
PreRoute RC Extraction DONE (CPU Time: 0:00:00.0  Real Time: 0:00:00.0  MEM: 1991.230M)
Starting delay calculation for Setup views
AAE_INFO: opIsDesignInPostRouteState() is 0
#################################################################################
# Design Stage: PreRoute
# Design Name: alarm_clock_top
# Design Mode: 90nm
# Analysis Mode: MMMC Non-OCV 
# Parasitics Mode: No SPEF/RCDB 
# Signoff Settings: SI Off 
#################################################################################
Calculate delays in BcWc mode...
Start delay calculation (fullDC) (1 T). (MEM=2005.55)
Total number of fetched objects 356
End delay calculation. (MEM=2093.38 CPU=0:00:00.0 REAL=0:00:00.0)
End delay calculation (fullDC). (MEM=2093.38 CPU=0:00:00.0 REAL=0:00:00.0)
*** Done Building Timing Graph (cpu=0:00:00.1 real=0:00:00.0 totSessionCpu=0:00:52.1 mem=2085.4M)

------------------------------------------------------------------
          timeDesign Summary
------------------------------------------------------------------

Setup views included:
 worst_case 

+--------------------+---------+---------+---------+
|     Setup mode     |   all   | reg2reg | default |
+--------------------+---------+---------+---------+
|           WNS (ns):|  6.447  |  6.447  |  7.144  |
|           TNS (ns):|  0.000  |  0.000  |  0.000  |
|    Violating Paths:|    0    |    0    |    0    |
|          All Paths:|   102   |   67    |   52    |
+--------------------+---------+---------+---------+

+----------------+-------------------------------+------------------+
|                |              Real             |       Total      |
|    DRVs        +------------------+------------+------------------|
|                |  Nr nets(terms)  | Worst Vio  |  Nr nets(terms)  |
+----------------+------------------+------------+------------------+
|   max_cap      |      0 (0)       |   0.000    |      0 (0)       |
|   max_tran     |      0 (0)       |   0.000    |      0 (0)       |
|   max_fanout   |      0 (0)       |     0      |      0 (0)       |
|   max_length   |      0 (0)       |     0      |      0 (0)       |
+----------------+------------------+------------+------------------+

Density: 64.898%
Routing Overflow: 0.00% H and 0.00% V
------------------------------------------------------------------
Reported timing to dir timingReports
Total CPU time: 0.29 sec
Total Real time: 0.0 sec
Total Memory Usage: 2056.796875 Mbytes
*** timeDesign #1 [finish] : cpu/real = 0:00:00.3/0:00:00.8 (0.3), totSession cpu/real = 0:00:52.1/0:08:08.1 (0.1), mem = 2056.8M
<CMD> redirect -quiet {set honorDomain [getAnalysisMode -honorClockDomains]} > /dev/null
<CMD> timeDesign -preCTS -hold -pathReports -slackReports -numPaths 50 -prefix alarm_clock_top_preCTS -outDir timingReports
*** timeDesign #2 [begin] : totSession cpu/real = 0:00:52.4/0:08:10.9 (0.1), mem = 2056.8M
Start to check current routing status for nets...
All nets are already routed correctly.
End to check current routing status for nets (mem=2033.3M)
Starting delay calculation for Hold views
AAE_INFO: opIsDesignInPostRouteState() is 0
#################################################################################
# Design Stage: PreRoute
# Design Name: alarm_clock_top
# Design Mode: 90nm
# Analysis Mode: MMMC Non-OCV 
# Parasitics Mode: No SPEF/RCDB 
# Signoff Settings: SI Off 
#################################################################################
Calculate delays in BcWc mode...
Start delay calculation (fullDC) (1 T). (MEM=2045.84)
*** Calculating scaling factor for min_timing libraries using the default operating condition of each library.
Total number of fetched objects 356
End delay calculation. (MEM=2089.79 CPU=0:00:00.0 REAL=0:00:00.0)
End delay calculation (fullDC). (MEM=2089.79 CPU=0:00:00.0 REAL=0:00:00.0)
Turning on fast DC mode.
*** Done Building Timing Graph (cpu=0:00:00.1 real=0:00:00.0 totSessionCpu=0:00:52.5 mem=2089.8M)

------------------------------------------------------------------
          timeDesign Summary
------------------------------------------------------------------

Hold views included:
 best_case 

+--------------------+---------+---------+---------+
|     Hold mode      |   all   | reg2reg | default |
+--------------------+---------+---------+---------+
|           WNS (ns):| -0.216  | -0.216  |  1.736  |
|           TNS (ns):| -8.753  | -8.753  |  0.000  |
|    Violating Paths:|   66    |   66    |    0    |
|          All Paths:|   102   |   67    |   52    |
+--------------------+---------+---------+---------+

Density: 64.898%
Routing Overflow: 0.00% H and 0.00% V
------------------------------------------------------------------
Reported timing to dir timingReports
Total CPU time: 0.2 sec
Total Real time: 0.0 sec
Total Memory Usage: 2020.277344 Mbytes
*** timeDesign #2 [finish] : cpu/real = 0:00:00.2/0:00:00.2 (1.0), totSession cpu/real = 0:00:52.5/0:08:11.1 (0.1), mem = 2020.3M
<CMD> create_ccopt_clock_tree_spec -file clock_tree.spec
Creating clock tree spec for modes (timing configs): const
extract_clock_generator_skew_groups=true: create_ccopt_clock_tree_spec will generate skew groups with a name prefix of "_clock_gen" to balance clock generator connected flops with the clock generator they drive.
Reset timing graph...
Ignoring AAE DB Resetting ...
Reset timing graph done.
Ignoring AAE DB Resetting ...
Analyzing clock structure...
Analyzing clock structure done.
Reset timing graph...
Ignoring AAE DB Resetting ...
Reset timing graph done.
Wrote: clock_tree.spec
<CMD> set_ccopt_property target_skew 0.05 -clock_tree clk
**ERROR: (IMPCCOPT-2069):	The following arguments are not applicable when setting the property target_skew: "-clock_tree clk"
Optional applicable arguments: "-skew_group <name>", "-delay_corner <name>", "-early" and "-late".

invalid command name "source_design"
<CMD> ccopt_design -cts
#% Begin ccopt_design (date=03/07 17:28:03, mem=1842.2M)
Turning off fast DC mode.
*** ccopt_design #1 [begin] : totSession cpu/real = 0:01:00.7/0:10:05.0 (0.1), mem = 2023.5M
Runtime...
**INFO: User's settings:
setNanoRouteMode -droutePostRouteSpreadWire         1
setNanoRouteMode -droutePostRouteWidenWireRule      LEFDefaultRouteSpec_gpdk090
setNanoRouteMode -extractThirdPartyCompatible       false
setNanoRouteMode -timingEngine                      {}
setExtractRCMode -engine                            preRoute
setDelayCalMode -enable_high_fanout                 true
setDelayCalMode -engine                             aae
setDelayCalMode -ignoreNetLoad                      false
setDelayCalMode -socv_accuracy_mode                 low
setPlaceMode -place_design_floorplan_mode           false
setPlaceMode -place_detail_check_route              false
setPlaceMode -place_detail_preserve_routing         true
setPlaceMode -place_detail_remove_affected_routing  false
setPlaceMode -place_detail_swap_eeq_cells           false
setPlaceMode -place_global_clock_gate_aware         true
setPlaceMode -place_global_cong_effort              auto
setPlaceMode -place_global_ignore_scan              true
setPlaceMode -place_global_ignore_spare             false
setPlaceMode -place_global_module_aware_spare       false
setPlaceMode -place_global_place_io_pins            true
setPlaceMode -place_global_reorder_scan             true
setPlaceMode -powerDriven                           false
setPlaceMode -timingDriven                          true
setRouteMode -earlyGlobalHonorMsvRouteConstraint    false
setRouteMode -earlyGlobalRoutePartitionPinGuide     true

(ccopt_design): CTS Engine: auto. Used Spec: CCOPT spec from create_ccopt_clock_tree_spec.
(ccopt_design): create_ccopt_clock_tree_spec
Creating clock tree spec for modes (timing configs): const
extract_clock_generator_skew_groups=true: create_ccopt_clock_tree_spec will generate skew groups with a name prefix of "_clock_gen" to balance clock generator connected flops with the clock generator they drive.
Reset timing graph...
Ignoring AAE DB Resetting ...
Reset timing graph done.
Ignoring AAE DB Resetting ...
Analyzing clock structure...
Analyzing clock structure done.
Reset timing graph...
Ignoring AAE DB Resetting ...
Reset timing graph done.
Extracting original clock gating for clk...
  clock_tree clk contains 67 sinks and 0 clock gates.
Extracting original clock gating for clk done.
The skew group clk/const was created. It contains 67 sinks and 1 sources.
Checking clock tree convergence...
Checking clock tree convergence done.
Placement constraints of type 'region' or 'fence' will not be downgraded to 'guide' because the property change_fences_to_guides has been set to false.
Set place::cacheFPlanSiteMark to 1
CCOpt::Phase::Initialization...
Check Prerequisites...
Leaving CCOpt scope - CheckPlace...
Begin checking placement ... (start mem=2040.1M, init mem=2040.1M)
*info: Placed = 336           
*info: Unplaced = 0           
Placement Density:64.90%(2259/3480)
Placement Density (including fixed std cells):64.90%(2259/3480)
Finished checkPlace (total: cpu=0:00:00.0, real=0:00:00.0; vio checks: cpu=0:00:00.0, real=0:00:00.0; mem=2040.1M)
Leaving CCOpt scope - CheckPlace done. (took cpu=0:00:00.0 real=0:00:00.0)
Innovus will update I/O latencies
Found 0 ideal nets, 0 pins with transition annotations, 0 instances with delay annotations, 0 nets with delay annotations, refer to logv for details.

Check Prerequisites done. (took cpu=0:00:00.0 real=0:00:00.0)
CCOpt::Phase::Initialization done. (took cpu=0:00:00.0 real=0:00:00.0)
Executing ccopt post-processing.
Synthesizing clock trees with CCOpt...
*** CTS #1 [begin] (ccopt_design #1) : totSession cpu/real = 0:01:00.8/0:10:05.1 (0.1), mem = 2040.1M
CCOpt::Phase::PreparingToBalance...
Leaving CCOpt scope - Initializing power interface...
Leaving CCOpt scope - Initializing power interface done. (took cpu=0:00:00.0 real=0:00:00.0)
Found 0 advancing pin insertion delay (0.000% of 67 clock tree sinks)
Found 0 delaying pin insertion delay (0.000% of 67 clock tree sinks)
Leaving CCOpt scope - optDesignGlobalRouteStep...
[NR-eGR] Started Early Global Route kernel ( Curr Mem: 2025.13 MB )
[NR-eGR] Track table information for default rule: 
[NR-eGR] Metal1 has single uniform track structure
[NR-eGR] Metal2 has single uniform track structure
[NR-eGR] Metal3 has single uniform track structure
[NR-eGR] Metal4 has single uniform track structure
[NR-eGR] Metal5 has single uniform track structure
[NR-eGR] Metal6 has single uniform track structure
[NR-eGR] Metal7 has single uniform track structure
[NR-eGR] Metal8 has single uniform track structure
[NR-eGR] Metal9 has single uniform track structure
[NR-eGR] Read 80 PG shapes
[NR-eGR] Read 0 clock shapes
[NR-eGR] Read 0 other shapes
[NR-eGR] #Routing Blockages  : 0
[NR-eGR] #Instance Blockages : 0
[NR-eGR] #PG Blockages       : 80
[NR-eGR] #Halo Blockages     : 0
[NR-eGR] #Boundary Blockages : 0
[NR-eGR] #Clock Blockages    : 0
[NR-eGR] #Other Blockages    : 0
[NR-eGR] Num Prerouted Nets = 0  Num Prerouted Wires = 0
[NR-eGR] Read 357 nets ( ignored 0 )
[NR-eGR] There are 1 clock nets ( 0 with NDR ).
[NR-eGR] ============ Routing rule table ============
[NR-eGR] Rule id: 0  Nets: 357
[NR-eGR] ========================================
[NR-eGR] 
[NR-eGR] Layer group 1: route 357 net(s) in layer range [2, 9]
[NR-eGR] Early Global Route overflow of layer group 1: 0.00% H + 0.00% V. EstWL: 3.912390e+03um
[NR-eGR] Congestion Analysis By layer: (blocked Gcells are excluded) 
[NR-eGR]                        OverCon            
[NR-eGR]                         #Gcell     %Gcell
[NR-eGR]        Layer             (1-0)    OverCon
[NR-eGR] ----------------------------------------------
[NR-eGR]  Metal1 ( 1)         0( 0.00%)   ( 0.00%) 
[NR-eGR]  Metal2 ( 2)         0( 0.00%)   ( 0.00%) 
[NR-eGR]  Metal3 ( 3)         0( 0.00%)   ( 0.00%) 
[NR-eGR]  Metal4 ( 4)         0( 0.00%)   ( 0.00%) 
[NR-eGR]  Metal5 ( 5)         0( 0.00%)   ( 0.00%) 
[NR-eGR]  Metal6 ( 6)         0( 0.00%)   ( 0.00%) 
[NR-eGR]  Metal7 ( 7)         0( 0.00%)   ( 0.00%) 
[NR-eGR]  Metal8 ( 8)         0( 0.00%)   ( 0.00%) 
[NR-eGR]  Metal9 ( 9)         0( 0.00%)   ( 0.00%) 
[NR-eGR] ----------------------------------------------
[NR-eGR]        Total         0( 0.00%)   ( 0.00%) 
[NR-eGR] 
[NR-eGR] Overflow after Early Global Route 0.00% H + 0.00% V
[NR-eGR]                 Length (um)  Vias 
[NR-eGR] ----------------------------------
[NR-eGR]  Metal1  (1H)             0  1136 
[NR-eGR]  Metal2  (2V)          2173  1571 
[NR-eGR]  Metal3  (3H)          1848    34 
[NR-eGR]  Metal4  (4V)            91     8 
[NR-eGR]  Metal5  (5H)            65     1 
[NR-eGR]  Metal6  (6V)            11     0 
[NR-eGR]  Metal7  (7H)             0     0 
[NR-eGR]  Metal8  (8V)             0     0 
[NR-eGR]  Metal9  (9H)             0     0 
[NR-eGR] ----------------------------------
[NR-eGR]          Total         4188  2750 
[NR-eGR] --------------------------------------------------------------------------
[NR-eGR] Total half perimeter of net bounding box: 3312um
[NR-eGR] Total length: 4188um, number of vias: 2750
[NR-eGR] --------------------------------------------------------------------------
[NR-eGR] Total eGR-routed clock nets wire length: 402um, number of vias: 182
[NR-eGR] --------------------------------------------------------------------------
[NR-eGR] Finished Early Global Route kernel ( CPU: 0.01 sec, Real: 0.01 sec, Curr Mem: 2033.13 MB )
Leaving CCOpt scope - optDesignGlobalRouteStep done. (took cpu=0:00:00.0 real=0:00:00.0)
Legalization setup...
Using cell based legalization.
Initializing placement interface...
  Use check_library -place or consult logv if problems occur.
  Leaving CCOpt scope - Initializing placement interface...
  Leaving CCOpt scope - Initializing placement interface done. (took cpu=0:00:00.0 real=0:00:00.0)
Initializing placement interface done.
Leaving CCOpt scope - Cleaning up placement interface...
Leaving CCOpt scope - Cleaning up placement interface done. (took cpu=0:00:00.0 real=0:00:00.0)
Leaving CCOpt scope - Initializing placement interface...
Leaving CCOpt scope - Initializing placement interface done. (took cpu=0:00:00.0 real=0:00:00.0)
Legalization setup done. (took cpu=0:00:00.0 real=0:00:00.0)
Validating CTS configuration...
Checking module port directions...
Checking module port directions done. (took cpu=0:00:00.0 real=0:00:00.0)
Non-default CCOpt properties:
  Public non-default CCOpt properties:
    route_type is set for at least one object
  No private non-default CCOpt properties
Route type trimming info:
  No route type modifications were made.
**ERROR: (IMPCCOPT-1349):	Clock tree clk connects to 1 module(s) without definitions in the netlist.
Type 'man IMPCCOPT-1349' for more detail.
**WARN: (IMPCCOPT-1183):	The library has no usable balanced buffers for power domain auto-default, while balancing clock_tree clk. If this is not intended behavior, you can specify a list of lib_cells to use with the buffer_cells property.
**WARN: (IMPCCOPT-1184):	The library has no usable balanced inverters for power domain auto-default, while balancing clock_tree clk. If this is not intended behavior, you can specify a list of lib_cells to use with the inverter_cells property.
Updating RC grid for preRoute extraction ...
Initializing multi-corner capacitance tables ... 
Initializing multi-corner resistance tables ...
**ERROR: (IMPCCOPT-1135):	CTS found neither inverters nor buffers while balancing clock_tree clk. CTS cannot continue.
Type 'man IMPCCOPT-1135' for more detail.
Clock tree balancer configuration for clock_tree clk:
Non-default CCOpt properties:
  Public non-default CCOpt properties:
    route_type (leaf): default_route_type_leaf (default: default)
    route_type (top): default_route_type_nonleaf (default: default)
    route_type (trunk): default_route_type_nonleaf (default: default)
  No private non-default CCOpt properties
Found 1 module instances of undefined cell key_register
CTS will not run on this clock tree.


Logic Sizing Table:

----------------------------------------------------------
Cell    Instance count    Source    Eligible library cells
----------------------------------------------------------
  (empty table)
----------------------------------------------------------


Clock tree balancer configuration for skew_group clk/const:
  Sources:                     pin clk
  Total number of sinks:       67
  Delay constrained sinks:     67
  Constrains:                  default
  Non-leaf sinks:              0
  Ignore pins:                 0
 Timing corner max_delay:setup.late:
  Skew target:                 0.000ns
Primary reporting skew groups are:
skew_group clk/const with 67 clock sinks

Clock DAG stats initial state:
  cell counts      : b=0, i=0, icg=0, dcg=0, l=0, total=0
  sink counts      : regular=67, enable_latch=0, load_capacitance=0, antenna=0, node_sink=0, total=67
  misc counts      : r=1, pp=1
  cell areas       : b=0.000um^2, i=0.000um^2, icg=0.000um^2, dcg=0.000um^2, l=0.000um^2, total=0.000um^2
  hp wire lengths  : top=0.000um, trunk=0.000um, leaf=0.000um, total=0.000um
No ideal or dont_touch nets found in the clock tree
No dont_touch hnets found in the clock tree

Total number of dont_touch hpins in the clock network: 1
  Large numbers of dont_touch hpins may damage runtime and QoR.
  Use report_ccopt_clock_tree_structure or the Clock Tree Debugger in unit delay mode to debug these.

Summary of reasons for dont_touch hpins in the clock network:

----------------------
Reason           Count
----------------------
missing_hinst      1
----------------------

Total number of dont_touch hpins in the clock network with a physical location (typically partition pins): 0

Summary of dont_touch hpins in the clock network representing physical hierarchy:

---------------------
Type            Count
---------------------
ilm               0
partition         0
power_domain      0
fence             0
none              1
---------------------
Total             1
---------------------

Checking for illegal sizes of clock logic instances...
Checking for illegal sizes of clock logic instances done. (took cpu=0:00:00.0 real=0:00:00.0)
Validating CTS configuration done. (took cpu=0:00:00.0 real=0:00:00.1)

CCOpt configuration status: cannot run ccopt_design.
Check the log for details of problem(s) found:

---------------------------------------------------
Design configuration problems
---------------------------------------------------
One or more clock trees have configuration problems
---------------------------------------------------

Clock tree configuration problems:

------------------------------------------------------------------------
Clock tree    Problem
------------------------------------------------------------------------
clk           Contains instances which have no definition in the netlist
clk           Could not determine drivers to use
------------------------------------------------------------------------


CCOpt::Phase::PreparingToBalance done. (took cpu=0:00:00.1 real=0:00:00.1)
Runtime done. (took cpu=0:00:00.2 real=0:00:00.2)
Runtime Summary
===============
Clock Runtime:  (79%) Core CTS           0.10 (Init 0.10, Construction 0.00, Implementation 0.00, eGRPC 0.00, PostConditioning 0.00, Other 0.00)
Clock Runtime:   (0%) CTS services       0.00 (RefinePlace 0.00, EarlyGlobalClock 0.00, NanoRoute 0.00, ExtractRC 0.00, TimingAnalysis 0.00)
Clock Runtime:  (20%) Other CTS          0.03 (Init 0.03, CongRepair/EGR-DP 0.00, TimingUpdate 0.00, Other 0.00)
Clock Runtime: (100%) Total              0.13

Leaving CCOpt scope - Cleaning up placement interface...
Leaving CCOpt scope - Cleaning up placement interface done. (took cpu=0:00:00.0 real=0:00:00.0)
**ERROR: 3
*** CTS #1 [finish] (ccopt_design #1) : cpu/real = 0:00:00.1/0:00:00.2 (0.6), totSession cpu/real = 0:01:00.9/0:10:05.3 (0.1), mem = 2033.2M
**ERROR: (IMPCCOPT-2196):	Cannot run ccopt_design because the command prerequisites were not met. Review the previous error messages for more details about the failure.
Set place::cacheFPlanSiteMark to 0

*** Summary of all messages that are not suppressed in this session:
Severity  ID               Count  Summary                                  
ERROR     IMPCCOPT-1349        1  Clock tree %s connects to %d module(s) w...
ERROR     IMPCCOPT-1135        1  CTS found neither inverters nor buffers ...
ERROR     IMPCCOPT-2196        1  Cannot run ccopt_design because the comm...
WARNING   IMPCCOPT-1183        1  The library has no usable balanced %ss f...
WARNING   IMPCCOPT-1184        1  The library has no usable balanced %ss f...
*** Message Summary: 2 warning(s), 3 error(s)

*** ccopt_design #1 [finish] : cpu/real = 0:00:00.2/0:00:00.2 (0.8), totSession cpu/real = 0:01:00.9/0:10:05.3 (0.1), mem = 2033.2M
#% End ccopt_design (date=03/07 17:28:04, total cpu=0:00:00.2, real=0:00:01.0, peak res=1868.5M, current mem=1849.7M)

<CMD> saveDesign cts/alarm_cts.enc1
#% Begin save design ... (date=03/07 17:29:07, mem=1855.4M)
% Begin Save ccopt configuration ... (date=03/07 17:29:07, mem=1855.4M)
% End Save ccopt configuration ... (date=03/07 17:29:07, total cpu=0:00:00.0, real=0:00:00.0, peak res=1855.8M, current mem=1855.8M)
% Begin Save netlist data ... (date=03/07 17:29:07, mem=1855.8M)
Writing Binary DB to cts/alarm_cts.enc1.dat/alarm_clock_top.v.bin in single-threaded mode...
% End Save netlist data ... (date=03/07 17:29:07, total cpu=0:00:00.0, real=0:00:00.0, peak res=1856.3M, current mem=1856.3M)
Saving symbol-table file ...
Saving congestion map file cts/alarm_cts.enc1.dat/alarm_clock_top.route.congmap.gz ...
% Begin Save AAE data ... (date=03/07 17:29:07, mem=1856.6M)
Saving AAE Data ...
% End Save AAE data ... (date=03/07 17:29:07, total cpu=0:00:00.0, real=0:00:00.0, peak res=1856.6M, current mem=1856.6M)
Saving preference file cts/alarm_cts.enc1.dat/gui.pref.tcl ...
Saving mode setting ...
Saving global file ...
% Begin Save floorplan data ... (date=03/07 17:29:08, mem=1857.7M)
Saving floorplan file ...
% End Save floorplan data ... (date=03/07 17:29:08, total cpu=0:00:00.0, real=0:00:00.0, peak res=1857.8M, current mem=1857.8M)
Saving Drc markers ...
... No Drc file written since there is no markers found.
% Begin Save placement data ... (date=03/07 17:29:08, mem=1857.8M)
** Saving stdCellPlacement_binary (version# 2) ...
Save Adaptive View Pruning View Names to Binary file
% End Save placement data ... (date=03/07 17:29:08, total cpu=0:00:00.0, real=0:00:00.0, peak res=1858.1M, current mem=1858.1M)
% Begin Save routing data ... (date=03/07 17:29:08, mem=1858.1M)
Saving route file ...
*** Completed saveRoute (cpu=0:00:00.0 real=0:00:00.0 mem=2035.9M) ***
% End Save routing data ... (date=03/07 17:29:08, total cpu=0:00:00.0, real=0:00:00.0, peak res=1858.3M, current mem=1858.3M)
Saving property file cts/alarm_cts.enc1.dat/alarm_clock_top.prop
*** Completed saveProperty (cpu=0:00:00.0 real=0:00:00.0 mem=2038.9M) ***
% Begin Save power constraints data ... (date=03/07 17:29:08, mem=1859.5M)
% End Save power constraints data ... (date=03/07 17:29:08, total cpu=0:00:00.0, real=0:00:00.0, peak res=1859.5M, current mem=1859.5M)
rc_corners
Generated self-contained design alarm_cts.enc1.dat
#% End save design ... (date=03/07 17:29:08, total cpu=0:00:00.3, real=0:00:01.0, peak res=1888.5M, current mem=1860.5M)
*** Message Summary: 0 warning(s), 0 error(s)

<CMD> getFillerMode -quiet
<CMD> addFiller -cell FILL32 FILL4 FILL16 FILL8 FILL64 FILL2 FILL1 -prefix FILLER -doDRC -fitGap
*INFO: Adding fillers to top-module.
*INFO:   Added 1 filler inst  (cell FILL64 / prefix FILLER).
*INFO:   Added 3 filler insts (cell FILL32 / prefix FILLER).
*INFO:   Added 11 filler insts (cell FILL16 / prefix FILLER).
*INFO:   Added 35 filler insts (cell FILL8 / prefix FILLER).
*INFO:   Added 100 filler insts (cell FILL4 / prefix FILLER).
*INFO:   Added 204 filler insts (cell FILL2 / prefix FILLER).
*INFO:   Added 190 filler insts (cell FILL1 / prefix FILLER).
*INFO: Total 544 filler insts added - prefix FILLER (CPU: 0:00:00.0).
For 544 new insts, <CMD> saveDesign post_cts.enc
#% Begin save design ... (date=03/07 17:32:14, mem=1888.6M)
% Begin Save ccopt configuration ... (date=03/07 17:32:14, mem=1888.6M)
% End Save ccopt configuration ... (date=03/07 17:32:14, total cpu=0:00:00.0, real=0:00:00.0, peak res=1888.6M, current mem=1888.5M)
% Begin Save netlist data ... (date=03/07 17:32:14, mem=1888.5M)
Writing Binary DB to post_cts.enc.dat/alarm_clock_top.v.bin in single-threaded mode...
% End Save netlist data ... (date=03/07 17:32:14, total cpu=0:00:00.0, real=0:00:00.0, peak res=1888.5M, current mem=1888.5M)
Saving symbol-table file ...
Saving congestion map file post_cts.enc.dat/alarm_clock_top.route.congmap.gz ...
% Begin Save AAE data ... (date=03/07 17:32:14, mem=1888.5M)
Saving AAE Data ...
% End Save AAE data ... (date=03/07 17:32:14, total cpu=0:00:00.0, real=0:00:00.0, peak res=1888.5M, current mem=1888.5M)
Saving preference file post_cts.enc.dat/gui.pref.tcl ...
Saving mode setting ...
Saving global file ...
% Begin Save floorplan data ... (date=03/07 17:32:14, mem=1888.9M)
Saving floorplan file ...
% End Save floorplan data ... (date=03/07 17:32:14, total cpu=0:00:00.0, real=0:00:00.0, peak res=1888.9M, current mem=1888.9M)
Saving Drc markers ...
... No Drc file written since there is no markers found.
% Begin Save placement data ... (date=03/07 17:32:14, mem=1888.9M)
** Saving stdCellPlacement_binary (version# 2) ...
Save Adaptive View Pruning View Names to Binary file
% End Save placement data ... (date=03/07 17:32:14, total cpu=0:00:00.0, real=0:00:00.0, peak res=1888.9M, current mem=1888.9M)
% Begin Save routing data ... (date=03/07 17:32:14, mem=1888.9M)
Saving route file ...
*** Completed saveRoute (cpu=0:00:00.0 real=0:00:00.0 mem=2093.3M) ***
% End Save routing data ... (date=03/07 17:32:14, total cpu=0:00:00.0, real=0:00:00.0, peak res=1889.0M, current mem=1889.0M)
Saving property file post_cts.enc.dat/alarm_clock_top.prop
*** Completed saveProperty (cpu=0:00:00.0 real=0:00:00.0 mem=2096.3M) ***
% Begin Save power constraints data ... (date=03/07 17:32:14, mem=1889.0M)
% End Save power constraints data ... (date=03/07 17:32:14, total cpu=0:00:00.0, real=0:00:00.0, peak res=1889.0M, current mem=1889.0M)
rc_corners
Generated self-contained design post_cts.enc.dat
#% End save design ... (date=03/07 17:32:15, total cpu=0:00:00.3, real=0:00:01.0, peak res=1919.6M, current mem=1888.5M)
*** Message Summary: 0 warning(s), 0 error(s)

<CMD> redirect -quiet {set honorDomain [getAnalysisMode -honorClockDomains]} > /dev/null
<CMD> timeDesign -postCTS -pathReports -drvReports -slackReports -numPaths 50 -prefix alarm_clock_top_postCTS -outDir timingReports
*** timeDesign #3 [begin] : totSession cpu/real = 0:01:30.5/0:16:57.1 (0.1), mem = 2113.6M
Start to check current routing status for nets...
All nets are already routed correctly.
End to check current routing status for nets (mem=2103.6M)
Extraction called for design 'alarm_clock_top' of instances=880 and nets=360 using extraction engine 'preRoute' .
**WARN: (IMPEXT-3530):	The process node is not set. Use the command setDesignMode -process <process node> prior to extraction for maximum accuracy and optimal automatic threshold setting.
Type 'man IMPEXT-3530' for more detail.
PreRoute RC Extraction called for design alarm_clock_top.
RC Extraction called in multi-corner(1) mode.
RCMode: PreRoute
      RC Corner Indexes            0   
Capacitance Scaling Factor   : 1.00000 
Resistance Scaling Factor    : 1.00000 
Clock Cap. Scaling Factor    : 1.00000 
Clock Res. Scaling Factor    : 1.00000 
Shrink Factor                : 1.00000
PreRoute extraction is honoring NDR/Shielding/ExtraSpace for clock nets.
Using capacitance table file ...
Updating RC grid for preRoute extraction ...
Initializing multi-corner capacitance tables ... 
Initializing multi-corner resistance tables ...
PreRoute RC Extraction DONE (CPU Time: 0:00:00.0  Real Time: 0:00:00.0  MEM: 2103.555M)
Starting delay calculation for Setup views
AAE_INFO: opIsDesignInPostRouteState() is 0
#################################################################################
# Design Stage: PreRoute
# Design Name: alarm_clock_top
# Design Mode: 90nm
# Analysis Mode: MMMC Non-OCV 
# Parasitics Mode: No SPEF/RCDB 
# Signoff Settings: SI Off 
#################################################################################
Calculate delays in BcWc mode...
Start delay calculation (fullDC) (1 T). (MEM=2119.92)
*** Calculating scaling factor for max_timing libraries using the default operating condition of each library.
Total number of fetched objects 356
End delay calculation. (MEM=2155.13 CPU=0:00:00.0 REAL=0:00:00.0)
End delay calculation (fullDC). (MEM=2155.13 CPU=0:00:00.0 REAL=0:00:00.0)
*** Done Building Timing Graph (cpu=0:00:00.1 real=0:00:01.0 totSessionCpu=0:01:31 mem=2155.1M)

------------------------------------------------------------------
          timeDesign Summary
------------------------------------------------------------------

Setup views included:
 worst_case 

+--------------------+---------+---------+---------+
|     Setup mode     |   all   | reg2reg | default |
+--------------------+---------+---------+---------+
|           WNS (ns):|  6.447  |  6.447  |  7.144  |
|           TNS (ns):|  0.000  |  0.000  |  0.000  |
|    Violating Paths:|    0    |    0    |    0    |
|          All Paths:|   102   |   67    |   52    |
+--------------------+---------+---------+---------+

+----------------+-------------------------------+------------------+
|                |              Real             |       Total      |
|    DRVs        +------------------+------------+------------------|
|                |  Nr nets(terms)  | Worst Vio  |  Nr nets(terms)  |
+----------------+------------------+------------+------------------+
|   max_cap      |      0 (0)       |   0.000    |      0 (0)       |
|   max_tran     |      0 (0)       |   0.000    |      0 (0)       |
|   max_fanout   |      0 (0)       |     0      |      0 (0)       |
|   max_length   |      0 (0)       |     0      |      0 (0)       |
+----------------+------------------+------------+------------------+

Density: 64.898%
       (100.000% with Fillers)
Routing Overflow: 0.00% H and 0.00% V
------------------------------------------------------------------
Reported timing to dir timingReports
Total CPU time: 0.21 sec
Total Real time: 1.0 sec
Total Memory Usage: 2124.546875 Mbytes
*** timeDesign #3 [finish] : cpu/real = 0:00:00.2/0:00:00.8 (0.3), totSession cpu/real = 0:01:30.7/0:16:57.9 (0.1), mem = 2124.5M
<CMD> redirect -quiet {set honorDomain [getAnalysisMode -honorClockDomains]} > /dev/null
<CMD> timeDesign -postCTS -hold -pathReports -slackReports -numPaths 50 -prefix alarm_clock_top_postCTS -outDir timingReports
*** timeDesign #4 [begin] : totSession cpu/real = 0:01:50.4/0:21:39.9 (0.1), mem = 2124.5M
Start to check current routing status for nets...
All nets are already routed correctly.
End to check current routing status for nets (mem=2101.0M)
Starting delay calculation for Hold views
AAE_INFO: opIsDesignInPostRouteState() is 0
#################################################################################
# Design Stage: PreRoute
# Design Name: alarm_clock_top
# Design Mode: 90nm
# Analysis Mode: MMMC Non-OCV 
# Parasitics Mode: No SPEF/RCDB 
# Signoff Settings: SI Off 
#################################################################################
Calculate delays in BcWc mode...
Start delay calculation (fullDC) (1 T). (MEM=2114.6)
*** Calculating scaling factor for min_timing libraries using the default operating condition of each library.
Total number of fetched objects 356
End delay calculation. (MEM=2158.55 CPU=0:00:00.0 REAL=0:00:00.0)
End delay calculation (fullDC). (MEM=2158.55 CPU=0:00:00.0 REAL=0:00:00.0)
*** Done Building Timing Graph (cpu=0:00:00.1 real=0:00:00.0 totSessionCpu=0:01:51 mem=2158.6M)

------------------------------------------------------------------
          timeDesign Summary
------------------------------------------------------------------

Hold views included:
 best_case 

+--------------------+---------+---------+---------+
|     Hold mode      |   all   | reg2reg | default |
+--------------------+---------+---------+---------+
|           WNS (ns):| -0.216  | -0.216  |  1.736  |
|           TNS (ns):| -8.753  | -8.753  |  0.000  |
|    Violating Paths:|   66    |   66    |    0    |
|          All Paths:|   102   |   67    |   52    |
+--------------------+---------+---------+---------+

Density: 64.898%
       (100.000% with Fillers)
Routing Overflow: 0.00% H and 0.00% V
------------------------------------------------------------------
Reported timing to dir timingReports
Total CPU time: 0.19 sec
Total Real time: 0.0 sec
Total Memory Usage: 2087.035156 Mbytes
*** timeDesign #4 [finish] : cpu/real = 0:00:00.2/0:00:00.2 (0.9), totSession cpu/real = 0:01:50.6/0:21:40.1 (0.1), mem = 2087.0M
<CMD> setOptMode -fixCap true -fixTran true -fixFanoutLoad false
<CMD> optDesign -postCTS -hold
**optDesign ... cpu = 0:00:00, real = 0:00:00, mem = 1923.5M, totSessionCpu=0:01:52 **
*** optDesign #1 [begin] : totSession cpu/real = 0:01:51.5/0:21:51.5 (0.1), mem = 2087.2M
GigaOpt running with 1 threads.
*** InitOpt #1 [begin] (optDesign #1) : totSession cpu/real = 0:01:51.5/0:21:51.5 (0.1), mem = 2087.2M
**INFO: User settings:
setExtractRCMode -engine                            preRoute
setUsefulSkewMode -maxAllowedDelay                  1
setUsefulSkewMode -noBoundary                       false
setDelayCalMode -enable_high_fanout                 true
setDelayCalMode -engine                             aae
setDelayCalMode -ignoreNetLoad                      false
setDelayCalMode -socv_accuracy_mode                 low
setOptMode -fixCap                                  true
setOptMode -fixFanoutLoad                           false
setOptMode -fixTran                                 true
setOptMode -preserveAllSequential                   false
setPlaceMode -place_design_floorplan_mode           false
setPlaceMode -place_detail_check_route              false
setPlaceMode -place_detail_preserve_routing         true
setPlaceMode -place_detail_remove_affected_routing  false
setPlaceMode -place_detail_swap_eeq_cells           false
setPlaceMode -place_global_clock_gate_aware         true
setPlaceMode -place_global_cong_effort              auto
setPlaceMode -place_global_ignore_scan              true
setPlaceMode -place_global_ignore_spare             false
setPlaceMode -place_global_module_aware_spare       false
setPlaceMode -place_global_place_io_pins            true
setPlaceMode -place_global_reorder_scan             true
setPlaceMode -powerDriven                           false
setPlaceMode -timingDriven                          true
setAnalysisMode -analysisType                       bcwc
setAnalysisMode -checkType                          setup
setAnalysisMode -clkSrcPath                         true
setAnalysisMode -clockPropagation                   sdcControl
setAnalysisMode -skew                               true
setAnalysisMode -virtualIPO                         false
setRouteMode -earlyGlobalHonorMsvRouteConstraint    false
setRouteMode -earlyGlobalRoutePartitionPinGuide     true

**INFO: setDesignMode -flowEffort standard -> setting 'setOptMode -allEndPoints true' for the duration of this command.
Need call spDPlaceInit before registerPrioInstLoc.
**optDesign ... cpu = 0:00:00, real = 0:00:00, mem = 1948.8M, totSessionCpu=0:01:52 **
*** optDesign -postCTS ***
DRC Margin: user margin 0.0
Hold Target Slack: user slack 0
Setup Target Slack: user slack 0;
setUsefulSkewMode -ecoRoute false
No user sequential activity specified, applying default sequential activity of "0.2" for Dynamic Power reporting.
'set_default_switching_activity' finished successfully.
Start to check current routing status for nets...
All nets are already routed correctly.
End to check current routing status for nets (mem=2118.6M)

Footprint cell information for calculating maxBufDist
*info: There are 16 candidate Buffer cells
*info: There are 19 candidate Inverter cells

Compute RC Scale Done ...
*** InitOpt #1 [finish] (optDesign #1) : cpu/real = 0:00:01.1/0:00:01.1 (1.0), totSession cpu/real = 0:01:52.6/0:21:52.6 (0.1), mem = 2244.6M
GigaOpt Hold Optimizer is used
Starting initialization (fixHold) cpu=0:00:00.0 real=0:00:00.0 totSessionCpu=0:01:53 mem=2210.6M ***
*** BuildHoldData #1 [begin] (optDesign #1) : totSession cpu/real = 0:01:53.0/0:21:53.0 (0.1), mem = 2210.6M
Starting delay calculation for Hold views
AAE_INFO: opIsDesignInPostRouteState() is 0
#################################################################################
# Design Stage: PreRoute
# Design Name: alarm_clock_top
# Design Mode: 90nm
# Analysis Mode: MMMC Non-OCV 
# Parasitics Mode: No SPEF/RCDB 
# Signoff Settings: SI Off 
#################################################################################
Calculate delays in BcWc mode...
Start delay calculation (fullDC) (1 T). (MEM=2210.61)
*** Calculating scaling factor for min_timing libraries using the default operating condition of each library.
Total number of fetched objects 356
End delay calculation. (MEM=2253.82 CPU=0:00:00.0 REAL=0:00:00.0)
End delay calculation (fullDC). (MEM=2253.82 CPU=0:00:00.0 REAL=0:00:00.0)
*** Done Building Timing Graph (cpu=0:00:00.1 real=0:00:00.0 totSessionCpu=0:01:53 mem=2253.8M)

Active hold views:
 best_case
  Dominating endpoints: 0
  Dominating TNS: -0.000

Done building cte hold timing graph (fixHold) cpu=0:00:00.2 real=0:00:00.0 totSessionCpu=0:01:53 mem=2285.1M ***
Done building hold timer [1184 node(s), 1572 edge(s), 1 view(s)] (fixHold) cpu=0:00:00.2 real=0:00:00.0 totSessionCpu=0:01:53 mem=2285.1M ***
Starting delay calculation for Setup views
AAE_INFO: opIsDesignInPostRouteState() is 0
#################################################################################
# Design Stage: PreRoute
# Design Name: alarm_clock_top
# Design Mode: 90nm
# Analysis Mode: MMMC Non-OCV 
# Parasitics Mode: No SPEF/RCDB 
# Signoff Settings: SI Off 
#################################################################################
Calculate delays in BcWc mode...
Start delay calculation (fullDC) (1 T). (MEM=2273.57)
*** Calculating scaling factor for max_timing libraries using the default operating condition of each library.
Total number of fetched objects 356
End delay calculation. (MEM=2253.82 CPU=0:00:00.0 REAL=0:00:00.0)
End delay calculation (fullDC). (MEM=2253.82 CPU=0:00:00.0 REAL=0:00:00.0)
*** Done Building Timing Graph (cpu=0:00:00.1 real=0:00:00.0 totSessionCpu=0:01:53 mem=2253.8M)

Active setup views:
 worst_case
  Dominating endpoints: 0
  Dominating TNS: -0.000

Done building cte setup timing graph (fixHold) cpu=0:00:00.3 real=0:00:01.0 totSessionCpu=0:01:53 mem=2285.1M ***

*Info: minBufDelay = 99.6 ps, libStdDelay = 36.0 ps, minBufSize = 18165600 (6.0)
*Info: worst delay setup view: worst_case

------------------------------------------------------------------
     Hold Opt Initial Summary
------------------------------------------------------------------

Setup views included:
 worst_case
Hold views included:
 best_case

+--------------------+---------+---------+---------+
|     Setup mode     |   all   | reg2reg | default |
+--------------------+---------+---------+---------+
|           WNS (ns):|  6.447  |  6.447  |  7.144  |
|           TNS (ns):|  0.000  |  0.000  |  0.000  |
|    Violating Paths:|    0    |    0    |    0    |
|          All Paths:|   102   |   67    |   52    |
+--------------------+---------+---------+---------+

+--------------------+---------+---------+---------+
|     Hold mode      |   all   | reg2reg | default |
+--------------------+---------+---------+---------+
|           WNS (ns):| -0.216  | -0.216  |  1.736  |
|           TNS (ns):| -8.753  | -8.753  |  0.000  |
|    Violating Paths:|   66    |   66    |    0    |
|          All Paths:|   102   |   67    |   52    |
+--------------------+---------+---------+---------+

+----------------+-------------------------------+------------------+
|                |              Real             |       Total      |
|    DRVs        +------------------+------------+------------------|
|                |  Nr nets(terms)  | Worst Vio  |  Nr nets(terms)  |
+----------------+------------------+------------+------------------+
|   max_cap      |      0 (0)       |   0.000    |      0 (0)       |
|   max_tran     |      0 (0)       |   0.000    |      0 (0)       |
|   max_fanout   |      0 (0)       |     0      |      0 (0)       |
|   max_length   |      0 (0)       |     0      |      0 (0)       |
+----------------+------------------+------------+------------------+

Density: 64.898%
       (100.000% with Fillers)
------------------------------------------------------------------
**optDesign ... cpu = 0:00:02, real = 0:00:02, mem = 2057.1M, totSessionCpu=0:01:54 **
*** BuildHoldData #1 [finish] (optDesign #1) : cpu/real = 0:00:00.7/0:00:00.7 (1.0), totSession cpu/real = 0:01:53.7/0:21:53.8 (0.1), mem = 2240.1M
*** HoldOpt #1 [begin] (optDesign #1) : totSession cpu/real = 0:01:53.7/0:21:53.8 (0.1), mem = 2240.1M
*info: Run optDesign holdfix with 1 thread.
Info: 0 don't touch net , 1 undriven net  excluded from IPO operation.
Info: 1 clock net  excluded from IPO operation.
Info: Done creating the CCOpt slew target map.

*** Starting Core Fixing (fixHold) cpu=0:00:00.8 real=0:00:01.0 totSessionCpu=0:01:54 mem=2297.3M density=100.000% ***

Phase I ......
Executing transform: ECO Safe Resize
+----+--------+---------+--------+-----------+----------------+---------+------------+---------+
|Iter|  WNS   |  TNS    |  #VP   |  #Buffer  |  #Resize(F/F)  | Density |    Real    |   Mem   |
+----+--------+---------+--------+-----------+----------------+---------+------------+---------+
**Info: Stopping hold fixing due to density exceeding max design density 95.000%
|   0|  -0.216|    -8.75|      66|          0|       0(     0)|  100.00%|   0:00:00.0|  2307.3M|
+----+--------+---------+--------+-----------+----------------+---------+------------+---------+
Executing transform: AddBuffer + LegalResize
+----+--------+---------+--------+-----------+----------------+---------+------------+---------+
|Iter|  WNS   |  TNS    |  #VP   |  #Buffer  |  #Resize(F/F)  | Density |    Real    |   Mem   |
+----+--------+---------+--------+-----------+----------------+---------+------------+---------+
**Info: Stopping hold fixing due to density exceeding max design density 95.000%
|   0|  -0.216|    -8.75|      66|          0|       0(     0)|  100.00%|   0:00:00.0|  2307.3M|
+----+--------+---------+--------+-----------+----------------+---------+------------+---------+


=======================================================================
                Reasons for remaining hold violations
=======================================================================
*info: Total 290 net(s) have violated hold timing slacks.

Buffering failure reasons
------------------------------------------------

Resizing failure reasons
------------------------------------------------


*** Finished Core Fixing (fixHold) cpu=0:00:00.8 real=0:00:01.0 totSessionCpu=0:01:54 mem=2307.3M density=100.000% ***


*** Finish Post CTS Hold Fixing (cpu=0:00:00.8 real=0:00:01.0 totSessionCpu=0:01:54 mem=2307.3M density=100.000%) ***
**INFO: total 326 insts, 326 nets marked don't touch
**INFO: total 326 insts, 326 nets marked don't touch DB property
**INFO: total 326 insts, 326 nets unmarked don't touch

*** HoldOpt #1 [finish] (optDesign #1) : cpu/real = 0:00:00.1/0:00:00.1 (1.2), totSession cpu/real = 0:01:53.8/0:21:53.8 (0.1), mem = 2240.2M

Active setup views:
 worst_case
  Dominating endpoints: 0
  Dominating TNS: -0.000

Reported timing to dir ./timingReports
**optDesign ... cpu = 0:00:02, real = 0:00:02, mem = 2061.1M, totSessionCpu=0:01:54 **
Saving timing graph ...
Done save timing graph
Starting delay calculation for Hold views
AAE_INFO: opIsDesignInPostRouteState() is 0
#################################################################################
# Design Stage: PreRoute
# Design Name: alarm_clock_top
# Design Mode: 90nm
# Analysis Mode: MMMC Non-OCV 
# Parasitics Mode: No SPEF/RCDB 
# Signoff Settings: SI Off 
#################################################################################
Calculate delays in BcWc mode...
Start delay calculation (fullDC) (1 T). (MEM=2259.41)
*** Calculating scaling factor for min_timing libraries using the default operating condition of each library.
Total number of fetched objects 356
End delay calculation. (MEM=2258.75 CPU=0:00:00.0 REAL=0:00:00.0)
End delay calculation (fullDC). (MEM=2258.75 CPU=0:00:00.0 REAL=0:00:00.0)
*** Done Building Timing Graph (cpu=0:00:00.1 real=0:00:00.0 totSessionCpu=0:01:54 mem=2258.7M)
Restoring timing graph ...
**WARN: (IMPCTE-290):	Could not locate cell INVX1 in any library for view best_case.
Type 'man IMPCTE-290' for more detail.
**WARN: (IMPCTE-290):	Could not locate cell INVX1 in any library for view best_case.
Type 'man IMPCTE-290' for more detail.
**WARN: (IMPCTE-290):	Could not locate cell INVX1 in any library for view best_case.
Type 'man IMPCTE-290' for more detail.
**WARN: (IMPCTE-290):	Could not locate cell INVX1 in any library for view best_case.
Type 'man IMPCTE-290' for more detail.
**WARN: (IMPCTE-290):	Could not locate cell INVX1 in any library for view best_case.
Type 'man IMPCTE-290' for more detail.
**WARN: (IMPCTE-290):	Could not locate cell INVX1 in any library for view best_case.
Type 'man IMPCTE-290' for more detail.
**WARN: (IMPCTE-290):	Could not locate cell INVX1 in any library for view best_case.
Type 'man IMPCTE-290' for more detail.
**WARN: (IMPCTE-290):	Could not locate cell INVX1 in any library for view best_case.
Type 'man IMPCTE-290' for more detail.
**WARN: (IMPCTE-290):	Could not locate cell INVX1 in any library for view best_case.
Type 'man IMPCTE-290' for more detail.
**WARN: (IMPCTE-290):	Could not locate cell INVX1 in any library for view best_case.
Type 'man IMPCTE-290' for more detail.
**WARN: (IMPCTE-290):	Could not locate cell INVX1 in any library for view best_case.
Type 'man IMPCTE-290' for more detail.
**WARN: (IMPCTE-290):	Could not locate cell INVX1 in any library for view best_case.
Type 'man IMPCTE-290' for more detail.
**WARN: (IMPCTE-290):	Could not locate cell INVX1 in any library for view best_case.
Type 'man IMPCTE-290' for more detail.
**WARN: (IMPCTE-290):	Could not locate cell INVX1 in any library for view best_case.
Type 'man IMPCTE-290' for more detail.
**WARN: (IMPCTE-290):	Could not locate cell INVX1 in any library for view best_case.
Type 'man IMPCTE-290' for more detail.
**WARN: (IMPCTE-290):	Could not locate cell INVX1 in any library for view best_case.
Type 'man IMPCTE-290' for more detail.
**WARN: (IMPCTE-290):	Could not locate cell INVX1 in any library for view best_case.
Type 'man IMPCTE-290' for more detail.
**WARN: (IMPCTE-290):	Could not locate cell INVX1 in any library for view best_case.
Type 'man IMPCTE-290' for more detail.
**WARN: (IMPCTE-290):	Could not locate cell INVX1 in any library for view best_case.
Type 'man IMPCTE-290' for more detail.
**WARN: (IMPCTE-290):	Could not locate cell INVX1 in any library for view best_case.
Type 'man IMPCTE-290' for more detail.
**WARN: (EMS-27):	Message (IMPCTE-290) has exceeded the current message display limit of 20.
To increase the message display limit, refer to the product command reference manual.
AAE_INFO: Resetting and re-constructing cache for AAE clocks ...
Done restore timing graph

------------------------------------------------------------------
     optDesign Final Summary
------------------------------------------------------------------

Setup views included:
 worst_case 
Hold views included:
 best_case

+--------------------+---------+---------+---------+
|     Setup mode     |   all   | reg2reg | default |
+--------------------+---------+---------+---------+
|           WNS (ns):|  6.447  |  6.447  |  7.144  |
|           TNS (ns):|  0.000  |  0.000  |  0.000  |
|    Violating Paths:|    0    |    0    |    0    |
|          All Paths:|   102   |   67    |   52    |
+--------------------+---------+---------+---------+

+--------------------+---------+---------+---------+
|     Hold mode      |   all   | reg2reg | default |
+--------------------+---------+---------+---------+
|           WNS (ns):| -0.216  | -0.216  |  1.736  |
|           TNS (ns):| -8.753  | -8.753  |  0.000  |
|    Violating Paths:|   66    |   66    |    0    |
|          All Paths:|   102   |   67    |   52    |
+--------------------+---------+---------+---------+

+----------------+-------------------------------+------------------+
|                |              Real             |       Total      |
|    DRVs        +------------------+------------+------------------|
|                |  Nr nets(terms)  | Worst Vio  |  Nr nets(terms)  |
+----------------+------------------+------------+------------------+
|   max_cap      |      0 (0)       |   0.000    |      0 (0)       |
|   max_tran     |      0 (0)       |   0.000    |      0 (0)       |
|   max_fanout   |      0 (0)       |     0      |      0 (0)       |
|   max_length   |      0 (0)       |     0      |      0 (0)       |
+----------------+------------------+------------+------------------+

Density: 64.898%
       (100.000% with Fillers)
Routing Overflow: 0.00% H and 0.00% V
------------------------------------------------------------------
**optDesign ... cpu = 0:00:03, real = 0:00:03, mem = 2097.6M, totSessionCpu=0:01:54 **
*** Finished optDesign ***
Info: Destroy the CCOpt slew target map.
*** optDesign #1 [finish] : cpu/real = 0:00:02.8/0:00:03.4 (0.8), totSession cpu/real = 0:01:54.3/0:21:54.9 (0.1), mem = 2257.8M
<CMD> setOptMode -fixCap true -fixTran true -fixFanoutLoad false
<CMD> optDesign -postCTS -hold
**optDesign ... cpu = 0:00:00, real = 0:00:00, mem = 2012.6M, totSessionCpu=0:01:55 **
*** optDesign #2 [begin] : totSession cpu/real = 0:01:54.9/0:22:03.3 (0.1), mem = 2181.8M
GigaOpt running with 1 threads.
*** InitOpt #1 [begin] (optDesign #2) : totSession cpu/real = 0:01:54.9/0:22:03.3 (0.1), mem = 2181.8M
**INFO: User settings:
setExtractRCMode -engine                            preRoute
setUsefulSkewMode -ecoRoute                         false
setUsefulSkewMode -maxAllowedDelay                  1
setUsefulSkewMode -noBoundary                       false
setDelayCalMode -enable_high_fanout                 true
setDelayCalMode -engine                             aae
setDelayCalMode -ignoreNetLoad                      false
setDelayCalMode -socv_accuracy_mode                 low
setOptMode -activeHoldViews                         { best_case }
setOptMode -activeSetupViews                        { worst_case }
setOptMode -autoHoldViews                           { best_case}
setOptMode -autoSetupViews                          { worst_case}
setOptMode -autoTDGRSetupViews                      { worst_case}
setOptMode -autoViewHoldTargetSlack                 0
setOptMode -drcMargin                               0
setOptMode -fixCap                                  true
setOptMode -fixFanoutLoad                           false
setOptMode -fixTran                                 true
setOptMode -preserveAllSequential                   false
setOptMode -setupTargetSlack                        0
setPlaceMode -place_design_floorplan_mode           false
setPlaceMode -place_detail_check_route              false
setPlaceMode -place_detail_preserve_routing         true
setPlaceMode -place_detail_remove_affected_routing  false
setPlaceMode -place_detail_swap_eeq_cells           false
setPlaceMode -place_global_clock_gate_aware         true
setPlaceMode -place_global_cong_effort              auto
setPlaceMode -place_global_ignore_scan              true
setPlaceMode -place_global_ignore_spare             false
setPlaceMode -place_global_module_aware_spare       false
setPlaceMode -place_global_place_io_pins            true
setPlaceMode -place_global_reorder_scan             true
setPlaceMode -powerDriven                           false
setPlaceMode -timingDriven                          true
setAnalysisMode -analysisType                       bcwc
setAnalysisMode -checkType                          setup
setAnalysisMode -clkSrcPath                         true
setAnalysisMode -clockPropagation                   sdcControl
setAnalysisMode -skew                               true
setAnalysisMode -virtualIPO                         false
setRouteMode -earlyGlobalHonorMsvRouteConstraint    false
setRouteMode -earlyGlobalRoutePartitionPinGuide     true

**INFO: setDesignMode -flowEffort standard -> setting 'setOptMode -allEndPoints true' for the duration of this command.
Need call spDPlaceInit before registerPrioInstLoc.
**optDesign ... cpu = 0:00:00, real = 0:00:00, mem = 1974.0M, totSessionCpu=0:01:55 **
*** optDesign -postCTS ***
DRC Margin: user margin 0.0
Hold Target Slack: user slack 0
Setup Target Slack: user slack 0;
setUsefulSkewMode -ecoRoute false
Start to check current routing status for nets...
All nets are already routed correctly.
End to check current routing status for nets (mem=2152.8M)
Compute RC Scale Done ...
*** InitOpt #1 [finish] (optDesign #2) : cpu/real = 0:00:00.9/0:00:00.9 (1.0), totSession cpu/real = 0:01:55.8/0:22:04.2 (0.1), mem = 2337.7M
GigaOpt Hold Optimizer is used
Starting initialization (fixHold) cpu=0:00:00.0 real=0:00:00.0 totSessionCpu=0:01:56 mem=2241.7M ***
*** BuildHoldData #1 [begin] (optDesign #2) : totSession cpu/real = 0:01:56.2/0:22:04.6 (0.1), mem = 2241.7M
Saving timing graph ...
Done save timing graph
Starting delay calculation for Hold views
AAE_INFO: opIsDesignInPostRouteState() is 0
#################################################################################
# Design Stage: PreRoute
# Design Name: alarm_clock_top
# Design Mode: 90nm
# Analysis Mode: MMMC Non-OCV 
# Parasitics Mode: No SPEF/RCDB 
# Signoff Settings: SI Off 
#################################################################################
Calculate delays in BcWc mode...
Start delay calculation (fullDC) (1 T). (MEM=2264.7)
*** Calculating scaling factor for min_timing libraries using the default operating condition of each library.
Total number of fetched objects 356
End delay calculation. (MEM=2264.03 CPU=0:00:00.0 REAL=0:00:00.0)
End delay calculation (fullDC). (MEM=2264.03 CPU=0:00:00.0 REAL=0:00:00.0)
*** Done Building Timing Graph (cpu=0:00:00.1 real=0:00:00.0 totSessionCpu=0:01:57 mem=2264.0M)
Done building cte hold timing graph (fixHold) cpu=0:00:00.3 real=0:00:00.0 totSessionCpu=0:01:57 mem=2264.0M ***
Done building hold timer [1184 node(s), 1572 edge(s), 1 view(s)] (fixHold) cpu=0:00:00.3 real=0:00:00.0 totSessionCpu=0:01:57 mem=2279.3M ***
Restoring timing graph ...
**WARN: (IMPCTE-290):	Could not locate cell INVX1 in any library for view best_case.
Type 'man IMPCTE-290' for more detail.
**WARN: (IMPCTE-290):	Could not locate cell INVX1 in any library for view best_case.
Type 'man IMPCTE-290' for more detail.
**WARN: (IMPCTE-290):	Could not locate cell INVX1 in any library for view best_case.
Type 'man IMPCTE-290' for more detail.
**WARN: (IMPCTE-290):	Could not locate cell INVX1 in any library for view best_case.
Type 'man IMPCTE-290' for more detail.
**WARN: (IMPCTE-290):	Could not locate cell INVX1 in any library for view best_case.
Type 'man IMPCTE-290' for more detail.
**WARN: (IMPCTE-290):	Could not locate cell INVX1 in any library for view best_case.
Type 'man IMPCTE-290' for more detail.
**WARN: (IMPCTE-290):	Could not locate cell INVX1 in any library for view best_case.
Type 'man IMPCTE-290' for more detail.
**WARN: (IMPCTE-290):	Could not locate cell INVX1 in any library for view best_case.
Type 'man IMPCTE-290' for more detail.
**WARN: (IMPCTE-290):	Could not locate cell INVX1 in any library for view best_case.
Type 'man IMPCTE-290' for more detail.
**WARN: (IMPCTE-290):	Could not locate cell INVX1 in any library for view best_case.
Type 'man IMPCTE-290' for more detail.
**WARN: (IMPCTE-290):	Could not locate cell INVX1 in any library for view best_case.
Type 'man IMPCTE-290' for more detail.
**WARN: (IMPCTE-290):	Could not locate cell INVX1 in any library for view best_case.
Type 'man IMPCTE-290' for more detail.
**WARN: (IMPCTE-290):	Could not locate cell INVX1 in any library for view best_case.
Type 'man IMPCTE-290' for more detail.
**WARN: (IMPCTE-290):	Could not locate cell INVX1 in any library for view best_case.
Type 'man IMPCTE-290' for more detail.
**WARN: (IMPCTE-290):	Could not locate cell INVX1 in any library for view best_case.
Type 'man IMPCTE-290' for more detail.
**WARN: (IMPCTE-290):	Could not locate cell INVX1 in any library for view best_case.
Type 'man IMPCTE-290' for more detail.
**WARN: (IMPCTE-290):	Could not locate cell INVX1 in any library for view best_case.
Type 'man IMPCTE-290' for more detail.
**WARN: (IMPCTE-290):	Could not locate cell INVX1 in any library for view best_case.
Type 'man IMPCTE-290' for more detail.
**WARN: (IMPCTE-290):	Could not locate cell INVX1 in any library for view best_case.
Type 'man IMPCTE-290' for more detail.
**WARN: (IMPCTE-290):	Could not locate cell INVX1 in any library for view best_case.
Type 'man IMPCTE-290' for more detail.
**WARN: (EMS-27):	Message (IMPCTE-290) has exceeded the current message display limit of 20.
To increase the message display limit, refer to the product command reference manual.
AAE_INFO: Resetting and re-constructing cache for AAE clocks ...
Done restore timing graph
Done building cte setup timing graph (fixHold) cpu=0:00:00.5 real=0:00:00.0 totSessionCpu=0:01:57 mem=2285.8M ***

*Info: minBufDelay = 99.6 ps, libStdDelay = 36.0 ps, minBufSize = 18165600 (6.0)
*Info: worst delay setup view: worst_case

------------------------------------------------------------------
     Hold Opt Initial Summary
------------------------------------------------------------------

Setup views included:
 worst_case
Hold views included:
 best_case

+--------------------+---------+---------+---------+
|     Setup mode     |   all   | reg2reg | default |
+--------------------+---------+---------+---------+
|           WNS (ns):|  6.447  |  6.447  |  7.144  |
|           TNS (ns):|  0.000  |  0.000  |  0.000  |
|    Violating Paths:|    0    |    0    |    0    |
|          All Paths:|   102   |   67    |   52    |
+--------------------+---------+---------+---------+

+--------------------+---------+---------+---------+
|     Hold mode      |   all   | reg2reg | default |
+--------------------+---------+---------+---------+
|           WNS (ns):| -0.216  | -0.216  |  1.736  |
|           TNS (ns):| -8.753  | -8.753  |  0.000  |
|    Violating Paths:|   66    |   66    |    0    |
|          All Paths:|   102   |   67    |   52    |
+--------------------+---------+---------+---------+

+----------------+-------------------------------+------------------+
|                |              Real             |       Total      |
|    DRVs        +------------------+------------+------------------|
|                |  Nr nets(terms)  | Worst Vio  |  Nr nets(terms)  |
+----------------+------------------+------------+------------------+
|   max_cap      |      0 (0)       |   0.000    |      0 (0)       |
|   max_tran     |      0 (0)       |   0.000    |      0 (0)       |
|   max_fanout   |      0 (0)       |     0      |      0 (0)       |
|   max_length   |      0 (0)       |     0      |      0 (0)       |
+----------------+------------------+------------+------------------+

Density: 64.898%
       (100.000% with Fillers)
------------------------------------------------------------------
**optDesign ... cpu = 0:00:02, real = 0:00:02, mem = 2074.1M, totSessionCpu=0:01:57 **
*** BuildHoldData #1 [finish] (optDesign #2) : cpu/real = 0:00:01.0/0:00:01.0 (1.0), totSession cpu/real = 0:01:57.2/0:22:05.6 (0.1), mem = 2251.0M
*** HoldOpt #1 [begin] (optDesign #2) : totSession cpu/real = 0:01:57.2/0:22:05.6 (0.1), mem = 2251.0M
*info: Run optDesign holdfix with 1 thread.
Info: 0 don't touch net , 1 undriven net  excluded from IPO operation.
Info: 1 clock net  excluded from IPO operation.
Info: Done creating the CCOpt slew target map.

*** Starting Core Fixing (fixHold) cpu=0:00:01.0 real=0:00:01.0 totSessionCpu=0:01:57 mem=2311.2M density=100.000% ***

Phase I ......
Executing transform: ECO Safe Resize
+----+--------+---------+--------+-----------+----------------+---------+------------+---------+
|Iter|  WNS   |  TNS    |  #VP   |  #Buffer  |  #Resize(F/F)  | Density |    Real    |   Mem   |
+----+--------+---------+--------+-----------+----------------+---------+------------+---------+
**Info: Stopping hold fixing due to density exceeding max design density 95.000%
|   0|  -0.216|    -8.75|      66|          0|       0(     0)|  100.00%|   0:00:00.0|  2321.2M|
+----+--------+---------+--------+-----------+----------------+---------+------------+---------+
Executing transform: AddBuffer + LegalResize
+----+--------+---------+--------+-----------+----------------+---------+------------+---------+
|Iter|  WNS   |  TNS    |  #VP   |  #Buffer  |  #Resize(F/F)  | Density |    Real    |   Mem   |
+----+--------+---------+--------+-----------+----------------+---------+------------+---------+
**Info: Stopping hold fixing due to density exceeding max design density 95.000%
|   0|  -0.216|    -8.75|      66|          0|       0(     0)|  100.00%|   0:00:00.0|  2321.2M|
+----+--------+---------+--------+-----------+----------------+---------+------------+---------+


=======================================================================
                Reasons for remaining hold violations
=======================================================================
*info: Total 290 net(s) have violated hold timing slacks.

Buffering failure reasons
------------------------------------------------

Resizing failure reasons
------------------------------------------------


*** Finished Core Fixing (fixHold) cpu=0:00:01.0 real=0:00:01.0 totSessionCpu=0:01:57 mem=2321.2M density=100.000% ***


*** Finish Post CTS Hold Fixing (cpu=0:00:01.0 real=0:00:01.0 totSessionCpu=0:01:57 mem=2321.2M density=100.000%) ***
**INFO: total 326 insts, 326 nets marked don't touch
**INFO: total 326 insts, 326 nets marked don't touch DB property
**INFO: total 326 insts, 326 nets unmarked don't touch

*** HoldOpt #1 [finish] (optDesign #2) : cpu/real = 0:00:00.0/0:00:00.0 (1.0), totSession cpu/real = 0:01:57.2/0:22:05.6 (0.1), mem = 2254.1M

Active setup views:
 worst_case
  Dominating endpoints: 0
  Dominating TNS: -0.000

Reported timing to dir ./timingReports
**optDesign ... cpu = 0:00:02, real = 0:00:02, mem = 2077.2M, totSessionCpu=0:01:57 **
Saving timing graph ...
Done save timing graph
Starting delay calculation for Hold views
AAE_INFO: opIsDesignInPostRouteState() is 0
#################################################################################
# Design Stage: PreRoute
# Design Name: alarm_clock_top
# Design Mode: 90nm
# Analysis Mode: MMMC Non-OCV 
# Parasitics Mode: No SPEF/RCDB 
# Signoff Settings: SI Off 
#################################################################################
Calculate delays in BcWc mode...
Start delay calculation (fullDC) (1 T). (MEM=2273.29)
*** Calculating scaling factor for min_timing libraries using the default operating condition of each library.
Total number of fetched objects 356
End delay calculation. (MEM=2272.62 CPU=0:00:00.0 REAL=0:00:00.0)
End delay calculation (fullDC). (MEM=2272.62 CPU=0:00:00.0 REAL=0:00:00.0)
*** Done Building Timing Graph (cpu=0:00:00.1 real=0:00:00.0 totSessionCpu=0:01:57 mem=2272.6M)
Restoring timing graph ...
AAE_INFO: Resetting and re-constructing cache for AAE clocks ...
Done restore timing graph

------------------------------------------------------------------
     optDesign Final Summary
------------------------------------------------------------------

Setup views included:
 worst_case 
Hold views included:
 best_case

+--------------------+---------+---------+---------+
|     Setup mode     |   all   | reg2reg | default |
+--------------------+---------+---------+---------+
|           WNS (ns):|  6.447  |  6.447  |  7.144  |
|           TNS (ns):|  0.000  |  0.000  |  0.000  |
|    Violating Paths:|    0    |    0    |    0    |
|          All Paths:|   102   |   67    |   52    |
+--------------------+---------+---------+---------+

+--------------------+---------+---------+---------+
|     Hold mode      |   all   | reg2reg | default |
+--------------------+---------+---------+---------+
|           WNS (ns):| -0.216  | -0.216  |  1.736  |
|           TNS (ns):| -8.753  | -8.753  |  0.000  |
|    Violating Paths:|   66    |   66    |    0    |
|          All Paths:|   102   |   67    |   52    |
+--------------------+---------+---------+---------+

+----------------+-------------------------------+------------------+
|                |              Real             |       Total      |
|    DRVs        +------------------+------------+------------------|
|                |  Nr nets(terms)  | Worst Vio  |  Nr nets(terms)  |
+----------------+------------------+------------+------------------+
|   max_cap      |      0 (0)       |   0.000    |      0 (0)       |
|   max_tran     |      0 (0)       |   0.000    |      0 (0)       |
|   max_fanout   |      0 (0)       |     0      |      0 (0)       |
|   max_length   |      0 (0)       |     0      |      0 (0)       |
+----------------+------------------+------------+------------------+

Density: 64.898%
       (100.000% with Fillers)
Routing Overflow: 0.00% H and 0.00% V
------------------------------------------------------------------
**optDesign ... cpu = 0:00:03, real = 0:00:03, mem = 2109.6M, totSessionCpu=0:01:58 **
*** Finished optDesign ***
Info: Destroy the CCOpt slew target map.
*** optDesign #2 [finish] : cpu/real = 0:00:02.9/0:00:03.5 (0.8), totSession cpu/real = 0:01:57.8/0:22:06.8 (0.1), mem = 2274.6M
<CMD> setNanoRouteMode -quiet -routeTopRoutingLayer 9
#WARNING (NRIF-91) Option setNanoRouteMode -routeTopRoutingLayer is obsolete. It will continue to work for the current release. To ensure compatibility with future releases, use option setDesignMode -topRoutingLayer instead.
<CMD> setNanoRouteMode -quiet -routeBottomRoutingLayer 1
#WARNING (NRIF-90) Option setNanoRouteMode -routeBottomRoutingLayer is obsolete. It will continue to work for the current release. To ensure compatibility with future releases, use option setDesignMode -bottomRoutingLayer instead.
<CMD> setNanoRouteMode -quiet -drouteEndIteration 1
<CMD> setNanoRouteMode -quiet -routeWithTimingDriven false
<CMD> setNanoRouteMode -quiet -routeWithSiDriven false
<CMD> routeDesign -globalDetail -viaOpt -wireOpt
#routeDesign: cpu time = 00:00:00, elapsed time = 00:00:00, memory = 2026.62 (MB), peak = 2147.40 (MB)
AAE_INFO: Pre Route call back at the beginning of routeDesign
#**INFO: setDesignMode -flowEffort standard
#**INFO: setDesignMode -powerEffort none
#WARNING (NRIG-96) Selected single pass global detail route "-globalDetail". Clock eco and post optimizations will not be run. See "man NRIG-96" for more details.
#WARNING (NRIG-144) Cannot combine -viaOpt with -globalDetail option. The -viaOpt will be ignored.
**INFO: User settings:
setNanoRouteMode -drouteEndIteration            1
setNanoRouteMode -droutePostRouteSpreadWire     1
setNanoRouteMode -droutePostRouteWidenWireRule  LEFDefaultRouteSpec_gpdk090
setNanoRouteMode -extractThirdPartyCompatible   false
setNanoRouteMode -routeBottomRoutingLayer       1
setNanoRouteMode -routeTopRoutingLayer          9
setNanoRouteMode -routeWithSiDriven             false
setNanoRouteMode -routeWithTimingDriven         false
setNanoRouteMode -timingEngine                  {}
setExtractRCMode -engine                        preRoute
setDelayCalMode -enable_high_fanout             true
setDelayCalMode -engine                         aae
setDelayCalMode -ignoreNetLoad                  false
setDelayCalMode -socv_accuracy_mode             low
setSIMode -separate_delta_delay_on_data         true

#**INFO: multi-cut via swapping will not be performed after routing.
#**INFO: All auto set options tuned by routeDesign will be restored to their original settings on command completion.
Begin checking placement ... (start mem=2202.6M, init mem=2202.6M)
*info: Placed = 880           
*info: Unplaced = 0           
Placement Density:100.00%(3480/3480)
Placement Density (including fixed std cells):100.00%(3480/3480)
Finished checkPlace (total: cpu=0:00:00.0, real=0:00:00.0; vio checks: cpu=0:00:00.0, real=0:00:00.0; mem=2202.6M)

changeUseClockNetStatus Option :  -noFixedNetWires 
*** Changed status on (0) nets in Clock.
*** End changeUseClockNetStatus (cpu=0:00:00.0, real=0:00:00.0, mem=2202.6M) ***

globalDetailRoute

#Start globalDetailRoute on Sat Mar  7 17:40:18 2026
#
#WARNING (NRIG-1303) The congestion map does not match the GCELL grid. Clearing the map.
#Invoke dbWirePreImport deleteTR=1 convert_unrouted=0 selected_only=0 (nr_selected_net=0)
#num needed restored net=0
#need_extraction net=0 (total=360)
#WARNING (NRDB-2005) SPECIAL_NET VDD has special wires but no definitions for instance pins or top level pins. This will cause routability problems later.
#WARNING (NRDB-2005) SPECIAL_NET VSS has special wires but no definitions for instance pins or top level pins. This will cause routability problems later.
#NanoRoute Version 21.15-s110_1 NR220912-2004/21_15-UB
#Total number of trivial nets (e.g. < 2 pins) = 3 (skipped).
#Total number of routable nets = 357.
#Total number of nets in the design = 360.
#357 routable nets do not have any wires.
#357 nets will be global routed.
#Start routing data preparation on Sat Mar  7 17:40:18 2026
#
#Minimum voltage of a net in the design = 0.000.
#Maximum voltage of a net in the design = 1.100.
#Voltage range [0.000 - 1.100] has 358 nets.
#Voltage range [0.900 - 1.100] has 1 net.
#Voltage range [0.000 - 0.000] has 1 net.
#Build and mark too close pins for the same net.
#Rebuild pin access data for design.
#Initial pin access analysis.
#Detail pin access analysis.
# Metal1       H   Track-Pitch = 0.29000    Line-2-Via Pitch = 0.25500
# Metal2       V   Track-Pitch = 0.29000    Line-2-Via Pitch = 0.28500
# Metal3       H   Track-Pitch = 0.29000    Line-2-Via Pitch = 0.28500
# Metal4       V   Track-Pitch = 0.29000    Line-2-Via Pitch = 0.28500
# Metal5       H   Track-Pitch = 0.29000    Line-2-Via Pitch = 0.28500
# Metal6       V   Track-Pitch = 0.29000    Line-2-Via Pitch = 0.28500
# Metal7       H   Track-Pitch = 0.29000    Line-2-Via Pitch = 0.28500
# Metal8       V   Track-Pitch = 0.87000    Line-2-Via Pitch = 0.85000
# Metal9       H   Track-Pitch = 0.87000    Line-2-Via Pitch = 0.85000
#cpu time = 00:00:00, elapsed time = 00:00:00, memory = 2034.15 (MB), peak = 2147.40 (MB)
#Regenerating Ggrids automatically.
#Auto generating G-grids with size=15 tracks, using layer Metal3's pitch = 0.29000.
#Using automatically generated G-grids.
#(check_and_prepare_match_target_file) no match_target_file in constraint. quit
#Done routing data preparation.
#cpu time = 00:00:01, elapsed time = 00:00:01, memory = 2038.70 (MB), peak = 2147.40 (MB)
#
#Finished routing data preparation on Sat Mar  7 17:40:19 2026
#
#Cpu time = 00:00:01
#Elapsed time = 00:00:01
#Increased memory = 10.68 (MB)
#Total memory = 2038.70 (MB)
#Peak memory = 2147.40 (MB)
#
#
#Start global routing on Sat Mar  7 17:40:19 2026
#
#
#Start global routing initialization on Sat Mar  7 17:40:19 2026
#
#Number of eco nets is 0
#
#Start global routing data preparation on Sat Mar  7 17:40:19 2026
#
#Start routing resource analysis on Sat Mar  7 17:40:19 2026
#
#Routing resource analysis is done on Sat Mar  7 17:40:19 2026
#
#  Resource Analysis:
#
#               Routing  #Avail      #Track     #Total     %Gcell
#  Layer      Direction   Track     Blocked      Gcell    Blocked
#  --------------------------------------------------------------
#  Metal1         H          63         171         256    56.64%
#  Metal2         V         243           2         256     0.00%
#  Metal3         H         233           1         256     0.00%
#  Metal4         V         244           1         256     0.00%
#  Metal5         H         233           1         256     0.00%
#  Metal6         V         244           1         256     0.00%
#  Metal7         H         234           0         256     0.00%
#  Metal8         V          60          21         256    17.58%
#  Metal9         H          57          20         256    25.00%
#  --------------------------------------------------------------
#  Total                   1613      14.00%        2304    11.02%
#
#
#
#
#Global routing data preparation is done on Sat Mar  7 17:40:19 2026
#
#cpu time = 00:00:00, elapsed time = 00:00:00, memory = 2039.02 (MB), peak = 2147.40 (MB)
#
#
#Global routing initialization is done on Sat Mar  7 17:40:19 2026
#
#cpu time = 00:00:00, elapsed time = 00:00:00, memory = 2039.02 (MB), peak = 2147.40 (MB)
#
#start global routing iteration 1...
#cpu time = 00:00:00, elapsed time = 00:00:00, memory = 2043.11 (MB), peak = 2147.40 (MB)
#
#start global routing iteration 2...
#cpu time = 00:00:00, elapsed time = 00:00:00, memory = 2043.11 (MB), peak = 2147.40 (MB)
#
#
#Total number of trivial nets (e.g. < 2 pins) = 3 (skipped).
#Total number of routable nets = 357.
#Total number of nets in the design = 360.
#
#357 routable nets have routed wires.
#
#Routed nets constraints summary:
#-----------------------------
#        Rules   Unconstrained  
#-----------------------------
#      Default             357  
#-----------------------------
#        Total             357  
#-----------------------------
#
#Routing constraints summary of the whole design:
#-----------------------------
#        Rules   Unconstrained  
#-----------------------------
#      Default             357  
#-----------------------------
#        Total             357  
#-----------------------------
#
#
#  Congestion Analysis: (blocked Gcells are excluded)
#
#                 OverCon          
#                  #Gcell    %Gcell
#     Layer           (1)   OverCon
#  --------------------------------
#  Metal1        0(0.00%)   (0.00%)
#  Metal2        0(0.00%)   (0.00%)
#  Metal3        0(0.00%)   (0.00%)
#  Metal4        0(0.00%)   (0.00%)
#  Metal5        0(0.00%)   (0.00%)
#  Metal6        0(0.00%)   (0.00%)
#  Metal7        0(0.00%)   (0.00%)
#  Metal8        0(0.00%)   (0.00%)
#  Metal9        0(0.00%)   (0.00%)
#  --------------------------------
#     Total      0(0.00%)   (0.00%)
#
#  The worst congested Gcell overcon (routing demand over resource in number of tracks) = 1
#  Overflow after GR: 0.00% H + 0.00% V
#
#Hotspot report including placement blocked areas
[hotspot] +----------------+-------------------+-------------------+-------------------------------------+
[hotspot] |      layer     |    max hotspot    |   total hotspot   |            hotspot bbox             |
[hotspot] +----------------+-------------------+-------------------+-------------------------------------+
[hotspot] |   Metal1(H)    |              0.00 |              0.00 |   (none)                            |
[hotspot] |   Metal2(V)    |              0.00 |              0.00 |   (none)                            |
[hotspot] |   Metal3(H)    |              0.00 |              0.00 |   (none)                            |
[hotspot] |   Metal4(V)    |              0.00 |              0.00 |   (none)                            |
[hotspot] |   Metal5(H)    |              0.00 |              0.00 |   (none)                            |
[hotspot] |   Metal6(V)    |              0.00 |              0.00 |   (none)                            |
[hotspot] |   Metal7(H)    |              0.00 |              0.00 |   (none)                            |
[hotspot] |   Metal8(V)    |              0.00 |              0.00 |   (none)                            |
[hotspot] |   Metal9(H)    |              0.00 |              0.00 |   (none)                            |
[hotspot] +----------------+-------------------+-------------------+-------------------------------------+
[hotspot] |      worst     |              0.00 |              0.00 |                                     |
[hotspot] +----------------+-------------------+-------------------+-------------------------------------+
[hotspot] |   all layers   |              0.00 |              0.00 |                                     |
[hotspot] +----------------+-------------------+-------------------+-------------------------------------+
Local HotSpot Analysis (blockage included) (3d): normalized congestion max/total hotspot area = 0.00/0.00 (area is in unit of 4 std-cell row bins)
#Complete Global Routing.
#Total wire length = 3703 um.
#Total half perimeter of net bounding box = 3727 um.
#Total wire length on LAYER Metal1 = 0 um.
#Total wire length on LAYER Metal2 = 2021 um.
#Total wire length on LAYER Metal3 = 1553 um.
#Total wire length on LAYER Metal4 = 64 um.
#Total wire length on LAYER Metal5 = 54 um.
#Total wire length on LAYER Metal6 = 12 um.
#Total wire length on LAYER Metal7 = 0 um.
#Total wire length on LAYER Metal8 = 0 um.
#Total wire length on LAYER Metal9 = 0 um.
#Total number of vias = 1603
#Up-Via Summary (total 1603):
#           
#-----------------------
# Metal1           1067
# Metal2            517
# Metal3             12
# Metal4              6
# Metal5              1
#-----------------------
#                  1603 
#
#Max overcon = 0 track.
#Total overcon = 0.00%.
#Worst layer Gcell overcon rate = 0.00%.
#
#Global routing statistics:
#Cpu time = 00:00:00
#Elapsed time = 00:00:00
#Increased memory = 4.45 (MB)
#Total memory = 2043.15 (MB)
#Peak memory = 2147.40 (MB)
#
#Finished global routing on Sat Mar  7 17:40:19 2026
#
#
#cpu time = 00:00:00, elapsed time = 00:00:00, memory = 2043.41 (MB), peak = 2147.40 (MB)
#Start Track Assignment.
#Done with 354 horizontal wires in 1 hboxes and 411 vertical wires in 1 hboxes.
#Done with 64 horizontal wires in 1 hboxes and 66 vertical wires in 1 hboxes.
#Done with 1 horizontal wires in 1 hboxes and 1 vertical wires in 1 hboxes.
#
#Track assignment summary:
# layer   (wire length)   (overlap)     (long ovlp)	(with obs/pg/clk)  
#------------------------------------------------------------------------
# Metal1         0.00 	  0.00%  	  0.00% 	  0.00%
# Metal2      2013.48 	  0.09%  	  0.00% 	  0.00%
# Metal3      1497.34 	  0.20%  	  0.00% 	  0.00%
# Metal4        62.34 	  0.00%  	  0.00% 	  0.00%
# Metal5        53.93 	  0.00%  	  0.00% 	  0.00%
# Metal6        12.32 	  0.00%  	  0.00% 	  0.00%
# Metal7         0.00 	  0.00%  	  0.00% 	  0.00%
# Metal8         0.00 	  0.00%  	  0.00% 	  0.00%
# Metal9         0.00 	  0.00%  	  0.00% 	  0.00%
#------------------------------------------------------------------------
# All        3639.40  	  0.13% 	  0.00% 	  0.00%
#Complete Track Assignment.
#Total wire length = 3592 um.
#Total half perimeter of net bounding box = 3727 um.
#Total wire length on LAYER Metal1 = 0 um.
#Total wire length on LAYER Metal2 = 1985 um.
#Total wire length on LAYER Metal3 = 1480 um.
#Total wire length on LAYER Metal4 = 62 um.
#Total wire length on LAYER Metal5 = 54 um.
#Total wire length on LAYER Metal6 = 12 um.
#Total wire length on LAYER Metal7 = 0 um.
#Total wire length on LAYER Metal8 = 0 um.
#Total wire length on LAYER Metal9 = 0 um.
#Total number of vias = 1603
#Up-Via Summary (total 1603):
#           
#-----------------------
# Metal1           1067
# Metal2            517
# Metal3             12
# Metal4              6
# Metal5              1
#-----------------------
#                  1603 
#
#cpu time = 00:00:00, elapsed time = 00:00:00, memory = 2043.55 (MB), peak = 2147.40 (MB)
#
#Routing data preparation, pin analysis, global routing and track assignment statistics:
#Cpu time = 00:00:01
#Elapsed time = 00:00:01
#Increased memory = 15.54 (MB)
#Total memory = 2043.55 (MB)
#Peak memory = 2147.40 (MB)
#
#Start Detail Routing..
#start initial detail routing ...
#   number of violations = 1
#
#    By Layer and Type :
#	         MetSpc   Totals
#	Metal1        1        1
#	Totals        1        1
#cpu time = 00:00:01, elapsed time = 00:00:01, memory = 2052.99 (MB), peak = 2147.40 (MB)
#start 1st optimization iteration ...
#   number of violations = 0
#cpu time = 00:00:00, elapsed time = 00:00:00, memory = 2054.01 (MB), peak = 2147.40 (MB)
#Complete Detail Routing.
#Total wire length = 4336 um.
#Total half perimeter of net bounding box = 3727 um.
#Total wire length on LAYER Metal1 = 309 um.
#Total wire length on LAYER Metal2 = 2420 um.
#Total wire length on LAYER Metal3 = 1378 um.
#Total wire length on LAYER Metal4 = 127 um.
#Total wire length on LAYER Metal5 = 93 um.
#Total wire length on LAYER Metal6 = 9 um.
#Total wire length on LAYER Metal7 = 0 um.
#Total wire length on LAYER Metal8 = 0 um.
#Total wire length on LAYER Metal9 = 0 um.
#Total number of vias = 1751
#Up-Via Summary (total 1751):
#           
#-----------------------
# Metal1           1123
# Metal2            595
# Metal3             26
# Metal4              6
# Metal5              1
#-----------------------
#                  1751 
#
#Total number of DRC violations = 0
#Cpu time = 00:00:01
#Elapsed time = 00:00:01
#Increased memory = 10.46 (MB)
#Total memory = 2054.01 (MB)
#Peak memory = 2147.40 (MB)
#
#Start Post Route wire spreading..
#
#Start DRC checking..
#   number of violations = 0
#cpu time = 00:00:00, elapsed time = 00:00:00, memory = 2053.59 (MB), peak = 2147.40 (MB)
#CELL_VIEW alarm_clock_top,init has no DRC violation.
#Total number of DRC violations = 0
#Total number of process antenna violations = 0
#Total number of net violated process antenna rule = 0
#
#Start data preparation for wire spreading...
#
#Data preparation is done on Sat Mar  7 17:40:20 2026
#
#
#Start Post Route Wire Spread.
#Done with 37 horizontal wires in 1 hboxes and 53 vertical wires in 1 hboxes.
#Complete Post Route Wire Spread.
#
#Total wire length = 4374 um.
#Total half perimeter of net bounding box = 3727 um.
#Total wire length on LAYER Metal1 = 309 um.
#Total wire length on LAYER Metal2 = 2440 um.
#Total wire length on LAYER Metal3 = 1396 um.
#Total wire length on LAYER Metal4 = 127 um.
#Total wire length on LAYER Metal5 = 93 um.
#Total wire length on LAYER Metal6 = 9 um.
#Total wire length on LAYER Metal7 = 0 um.
#Total wire length on LAYER Metal8 = 0 um.
#Total wire length on LAYER Metal9 = 0 um.
#Total number of vias = 1751
#Up-Via Summary (total 1751):
#           
#-----------------------
# Metal1           1123
# Metal2            595
# Metal3             26
# Metal4              6
# Metal5              1
#-----------------------
#                  1751 
#
#
#Start DRC checking..
#   number of violations = 0
#cpu time = 00:00:00, elapsed time = 00:00:00, memory = 2053.42 (MB), peak = 2147.40 (MB)
#CELL_VIEW alarm_clock_top,init has no DRC violation.
#Total number of DRC violations = 0
#Total number of process antenna violations = 0
#Total number of net violated process antenna rule = 0
#   number of violations = 0
#cpu time = 00:00:00, elapsed time = 00:00:00, memory = 2053.42 (MB), peak = 2147.40 (MB)
#CELL_VIEW alarm_clock_top,init has no DRC violation.
#Total number of DRC violations = 0
#Total number of process antenna violations = 0
#Total number of net violated process antenna rule = 0
#Post Route wire spread is done.
#Total wire length = 4374 um.
#Total half perimeter of net bounding box = 3727 um.
#Total wire length on LAYER Metal1 = 309 um.
#Total wire length on LAYER Metal2 = 2440 um.
#Total wire length on LAYER Metal3 = 1396 um.
#Total wire length on LAYER Metal4 = 127 um.
#Total wire length on LAYER Metal5 = 93 um.
#Total wire length on LAYER Metal6 = 9 um.
#Total wire length on LAYER Metal7 = 0 um.
#Total wire length on LAYER Metal8 = 0 um.
#Total wire length on LAYER Metal9 = 0 um.
#Total number of vias = 1751
#Up-Via Summary (total 1751):
#           
#-----------------------
# Metal1           1123
# Metal2            595
# Metal3             26
# Metal4              6
# Metal5              1
#-----------------------
#                  1751 
#
#detailRoute Statistics:
#Cpu time = 00:00:01
#Elapsed time = 00:00:01
#Increased memory = 9.91 (MB)
#Total memory = 2053.46 (MB)
#Peak memory = 2147.40 (MB)
#	no debugging net set
#
#globalDetailRoute statistics:
#Cpu time = 00:00:02
#Elapsed time = 00:00:02
#Increased memory = 1.41 (MB)
#Total memory = 2028.05 (MB)
#Peak memory = 2147.40 (MB)
#Number of warnings = 3
#Total number of warnings = 7
#Number of fails = 0
#Total number of fails = 0
#Complete globalDetailRoute on Sat Mar  7 17:40:20 2026
#
#Default setup view is reset to worst_case.

detailRoute

#Start detailRoute on Sat Mar  7 17:40:20 2026
#
#Invoke dbWirePreImport deleteTR=1 convert_unrouted=0 selected_only=0 (nr_selected_net=0)
#num needed restored net=0
#need_extraction net=0 (total=360)
#WARNING (NRDB-2005) SPECIAL_NET VDD has special wires but no definitions for instance pins or top level pins. This will cause routability problems later.
#WARNING (NRDB-2005) SPECIAL_NET VSS has special wires but no definitions for instance pins or top level pins. This will cause routability problems later.
#NanoRoute Version 21.15-s110_1 NR220912-2004/21_15-UB
#Start routing data preparation on Sat Mar  7 17:40:20 2026
#
#Minimum voltage of a net in the design = 0.000.
#Maximum voltage of a net in the design = 1.100.
#Voltage range [0.000 - 1.100] has 358 nets.
#Voltage range [0.900 - 1.100] has 1 net.
#Voltage range [0.000 - 0.000] has 1 net.
#Build and mark too close pins for the same net.
#Initial pin access analysis.
#Detail pin access analysis.
# Metal1       H   Track-Pitch = 0.29000    Line-2-Via Pitch = 0.25500
# Metal2       V   Track-Pitch = 0.29000    Line-2-Via Pitch = 0.28500
# Metal3       H   Track-Pitch = 0.29000    Line-2-Via Pitch = 0.28500
# Metal4       V   Track-Pitch = 0.29000    Line-2-Via Pitch = 0.28500
# Metal5       H   Track-Pitch = 0.29000    Line-2-Via Pitch = 0.28500
# Metal6       V   Track-Pitch = 0.29000    Line-2-Via Pitch = 0.28500
# Metal7       H   Track-Pitch = 0.29000    Line-2-Via Pitch = 0.28500
# Metal8       V   Track-Pitch = 0.87000    Line-2-Via Pitch = 0.85000
# Metal9       H   Track-Pitch = 0.87000    Line-2-Via Pitch = 0.85000
#cpu time = 00:00:00, elapsed time = 00:00:00, memory = 2025.10 (MB), peak = 2147.40 (MB)
#Regenerating Ggrids automatically.
#Auto generating G-grids with size=15 tracks, using layer Metal3's pitch = 0.29000.
#Using automatically generated G-grids.
#(check_and_prepare_match_target_file) no match_target_file in constraint. quit
#Done routing data preparation.
#cpu time = 00:00:00, elapsed time = 00:00:00, memory = 2028.89 (MB), peak = 2147.40 (MB)
#
#Start Post Route wire spreading..
#
#Start data preparation for wire spreading...
#
#Data preparation is done on Sat Mar  7 17:40:20 2026
#
#
#Start Post Route Wire Spread.
#Done with 9 horizontal wires in 1 hboxes and 16 vertical wires in 1 hboxes.
#Complete Post Route Wire Spread.
#
#Total wire length = 4380 um.
#Total half perimeter of net bounding box = 3727 um.
#Total wire length on LAYER Metal1 = 309 um.
#Total wire length on LAYER Metal2 = 2443 um.
#Total wire length on LAYER Metal3 = 1398 um.
#Total wire length on LAYER Metal4 = 127 um.
#Total wire length on LAYER Metal5 = 93 um.
#Total wire length on LAYER Metal6 = 9 um.
#Total wire length on LAYER Metal7 = 0 um.
#Total wire length on LAYER Metal8 = 0 um.
#Total wire length on LAYER Metal9 = 0 um.
#Total number of vias = 1751
#Up-Via Summary (total 1751):
#           
#-----------------------
# Metal1           1123
# Metal2            595
# Metal3             26
# Metal4              6
# Metal5              1
#-----------------------
#                  1751 
#
#   number of violations = 0
#cpu time = 00:00:00, elapsed time = 00:00:00, memory = 2028.91 (MB), peak = 2147.40 (MB)
#CELL_VIEW alarm_clock_top,init has no DRC violation.
#Total number of DRC violations = 0
#Total number of process antenna violations = 0
#Total number of net violated process antenna rule = 0
#Post Route wire spread is done.
#Total wire length = 4380 um.
#Total half perimeter of net bounding box = 3727 um.
#Total wire length on LAYER Metal1 = 309 um.
#Total wire length on LAYER Metal2 = 2443 um.
#Total wire length on LAYER Metal3 = 1398 um.
#Total wire length on LAYER Metal4 = 127 um.
#Total wire length on LAYER Metal5 = 93 um.
#Total wire length on LAYER Metal6 = 9 um.
#Total wire length on LAYER Metal7 = 0 um.
#Total wire length on LAYER Metal8 = 0 um.
#Total wire length on LAYER Metal9 = 0 um.
#Total number of vias = 1751
#Up-Via Summary (total 1751):
#           
#-----------------------
# Metal1           1123
# Metal2            595
# Metal3             26
# Metal4              6
# Metal5              1
#-----------------------
#                  1751 
#
#	no debugging net set
#
#detailRoute statistics:
#Cpu time = 00:00:00
#Elapsed time = 00:00:00
#Increased memory = 1.89 (MB)
#Total memory = 2024.62 (MB)
#Peak memory = 2147.40 (MB)
#Number of warnings = 2
#Total number of warnings = 9
#Number of fails = 0
#Total number of fails = 0
#Complete detailRoute on Sat Mar  7 17:40:20 2026
#
#Default setup view is reset to worst_case.
AAE_INFO: Post Route call back at the end of routeDesign
#routeDesign: cpu time = 00:00:03, elapsed time = 00:00:03, memory = 2024.68 (MB), peak = 2147.40 (MB)
*** Message Summary: 0 warning(s), 0 error(s)

<CMD> setNanoRouteMode -quiet -routeWithTimingDriven false
<CMD> setNanoRouteMode -quiet -routeWithSiDriven false
<CMD> routeDesign -globalDetail -viaOpt -wireOpt
#routeDesign: cpu time = 00:00:00, elapsed time = 00:00:00, memory = 2024.88 (MB), peak = 2147.40 (MB)
AAE_INFO: Pre Route call back at the beginning of routeDesign
#**INFO: setDesignMode -flowEffort standard
#**INFO: setDesignMode -powerEffort none
#WARNING (NRIG-96) Selected single pass global detail route "-globalDetail". Clock eco and post optimizations will not be run. See "man NRIG-96" for more details.
#WARNING (NRIG-144) Cannot combine -viaOpt with -globalDetail option. The -viaOpt will be ignored.
**INFO: User settings:
setNanoRouteMode -drouteEndIteration                            1
setNanoRouteMode -droutePostRouteSpreadWire                     1
setNanoRouteMode -droutePostRouteWidenWireRule                  LEFDefaultRouteSpec_gpdk090
setNanoRouteMode -extractThirdPartyCompatible                   false
setNanoRouteMode -grouteExpTdUseTifTimingEngineForImportDesign  false
setNanoRouteMode -routeBottomRoutingLayer                       1
setNanoRouteMode -routeTopRoutingLayer                          9
setNanoRouteMode -routeWithSiDriven                             false
setNanoRouteMode -routeWithTimingDriven                         false
setNanoRouteMode -timingEngine                                  {}
setExtractRCMode -engine                                        preRoute
setDelayCalMode -enable_high_fanout                             true
setDelayCalMode -engine                                         aae
setDelayCalMode -ignoreNetLoad                                  false
setDelayCalMode -socv_accuracy_mode                             low
setSIMode -separate_delta_delay_on_data                         true

#**INFO: multi-cut via swapping will not be performed after routing.
#**INFO: All auto set options tuned by routeDesign will be restored to their original settings on command completion.
Begin checking placement ... (start mem=2176.7M, init mem=2176.7M)
*info: Placed = 880           
*info: Unplaced = 0           
Placement Density:100.00%(3480/3480)
Placement Density (including fixed std cells):100.00%(3480/3480)
Finished checkPlace (total: cpu=0:00:00.0, real=0:00:00.0; vio checks: cpu=0:00:00.0, real=0:00:00.0; mem=2176.7M)

changeUseClockNetStatus Option :  -noFixedNetWires 
*** Changed status on (0) nets in Clock.
*** End changeUseClockNetStatus (cpu=0:00:00.0, real=0:00:00.0, mem=2176.7M) ***

globalDetailRoute

#Start globalDetailRoute on Sat Mar  7 17:40:22 2026
#
#Warning: design is detail-routed. Trial route is skipped!
#Invoke dbWirePreImport deleteTR=1 convert_unrouted=0 selected_only=0 (nr_selected_net=0)
#num needed restored net=0
#need_extraction net=0 (total=360)
#WARNING (NRDB-2005) SPECIAL_NET VDD has special wires but no definitions for instance pins or top level pins. This will cause routability problems later.
#WARNING (NRDB-2005) SPECIAL_NET VSS has special wires but no definitions for instance pins or top level pins. This will cause routability problems later.
#NanoRoute Version 21.15-s110_1 NR220912-2004/21_15-UB
#Total number of trivial nets (e.g. < 2 pins) = 3 (skipped).
#Total number of routable nets = 357.
#Total number of nets in the design = 360.
#357 routable nets have routed wires.
#No nets have been global routed.
#Start routing data preparation on Sat Mar  7 17:40:22 2026
#
#Minimum voltage of a net in the design = 0.000.
#Maximum voltage of a net in the design = 1.100.
#Voltage range [0.000 - 1.100] has 358 nets.
#Voltage range [0.900 - 1.100] has 1 net.
#Voltage range [0.000 - 0.000] has 1 net.
#Build and mark too close pins for the same net.
#Rebuild pin access data for design.
#Initial pin access analysis.
#Detail pin access analysis.
# Metal1       H   Track-Pitch = 0.29000    Line-2-Via Pitch = 0.25500
# Metal2       V   Track-Pitch = 0.29000    Line-2-Via Pitch = 0.28500
# Metal3       H   Track-Pitch = 0.29000    Line-2-Via Pitch = 0.28500
# Metal4       V   Track-Pitch = 0.29000    Line-2-Via Pitch = 0.28500
# Metal5       H   Track-Pitch = 0.29000    Line-2-Via Pitch = 0.28500
# Metal6       V   Track-Pitch = 0.29000    Line-2-Via Pitch = 0.28500
# Metal7       H   Track-Pitch = 0.29000    Line-2-Via Pitch = 0.28500
# Metal8       V   Track-Pitch = 0.87000    Line-2-Via Pitch = 0.85000
# Metal9       H   Track-Pitch = 0.87000    Line-2-Via Pitch = 0.85000
#cpu time = 00:00:00, elapsed time = 00:00:00, memory = 2029.53 (MB), peak = 2147.40 (MB)
#Regenerating Ggrids automatically.
#Auto generating G-grids with size=15 tracks, using layer Metal3's pitch = 0.29000.
#Using automatically generated G-grids.
#(check_and_prepare_match_target_file) no match_target_file in constraint. quit
#Done routing data preparation.
#cpu time = 00:00:01, elapsed time = 00:00:01, memory = 2033.33 (MB), peak = 2147.40 (MB)
#
#Finished routing data preparation on Sat Mar  7 17:40:23 2026
#
#Cpu time = 00:00:01
#Elapsed time = 00:00:01
#Increased memory = 7.85 (MB)
#Total memory = 2033.33 (MB)
#Peak memory = 2147.40 (MB)
#
#
#Start global routing on Sat Mar  7 17:40:23 2026
#
#
#Start global routing initialization on Sat Mar  7 17:40:23 2026
#
#WARNING (NRGR-22) Design is already detail routed.
#Routing data preparation, pin analysis, global routing and track assignment statistics:
#Cpu time = 00:00:01
#Elapsed time = 00:00:01
#Increased memory = 7.85 (MB)
#Total memory = 2033.33 (MB)
#Peak memory = 2147.40 (MB)
#
#Start Detail Routing..
#start 1st optimization iteration ...
#   number of violations = 0
#cpu time = 00:00:00, elapsed time = 00:00:00, memory = 2033.33 (MB), peak = 2147.40 (MB)
#Complete Detail Routing.
#Total wire length = 4380 um.
#Total half perimeter of net bounding box = 3727 um.
#Total wire length on LAYER Metal1 = 309 um.
#Total wire length on LAYER Metal2 = 2443 um.
#Total wire length on LAYER Metal3 = 1398 um.
#Total wire length on LAYER Metal4 = 127 um.
#Total wire length on LAYER Metal5 = 93 um.
#Total wire length on LAYER Metal6 = 9 um.
#Total wire length on LAYER Metal7 = 0 um.
#Total wire length on LAYER Metal8 = 0 um.
#Total wire length on LAYER Metal9 = 0 um.
#Total number of vias = 1751
#Up-Via Summary (total 1751):
#           
#-----------------------
# Metal1           1123
# Metal2            595
# Metal3             26
# Metal4              6
# Metal5              1
#-----------------------
#                  1751 
#
#Total number of DRC violations = 0
#Cpu time = 00:00:00
#Elapsed time = 00:00:00
#Increased memory = 0.04 (MB)
#Total memory = 2033.36 (MB)
#Peak memory = 2147.40 (MB)
#
#Start Post Route wire spreading..
#
#Start DRC checking..
#   number of violations = 0
#cpu time = 00:00:00, elapsed time = 00:00:00, memory = 2034.60 (MB), peak = 2147.40 (MB)
#CELL_VIEW alarm_clock_top,init has no DRC violation.
#Total number of DRC violations = 0
#Total number of process antenna violations = 0
#Total number of net violated process antenna rule = 0
#
#Start data preparation for wire spreading...
#
#Data preparation is done on Sat Mar  7 17:40:23 2026
#
#
#Start Post Route Wire Spread.
#Done with 5 horizontal wires in 1 hboxes and 10 vertical wires in 1 hboxes.
#Complete Post Route Wire Spread.
#
#Total wire length = 4380 um.
#Total half perimeter of net bounding box = 3727 um.
#Total wire length on LAYER Metal1 = 309 um.
#Total wire length on LAYER Metal2 = 2443 um.
#Total wire length on LAYER Metal3 = 1398 um.
#Total wire length on LAYER Metal4 = 127 um.
#Total wire length on LAYER Metal5 = 93 um.
#Total wire length on LAYER Metal6 = 9 um.
#Total wire length on LAYER Metal7 = 0 um.
#Total wire length on LAYER Metal8 = 0 um.
#Total wire length on LAYER Metal9 = 0 um.
#Total number of vias = 1751
#Up-Via Summary (total 1751):
#           
#-----------------------
# Metal1           1123
# Metal2            595
# Metal3             26
# Metal4              6
# Metal5              1
#-----------------------
#                  1751 
#
#
#Start DRC checking..
#   number of violations = 0
#cpu time = 00:00:00, elapsed time = 00:00:00, memory = 2034.79 (MB), peak = 2147.40 (MB)
#CELL_VIEW alarm_clock_top,init has no DRC violation.
#Total number of DRC violations = 0
#Total number of process antenna violations = 0
#Total number of net violated process antenna rule = 0
#   number of violations = 0
#cpu time = 00:00:00, elapsed time = 00:00:00, memory = 2034.79 (MB), peak = 2147.40 (MB)
#CELL_VIEW alarm_clock_top,init has no DRC violation.
#Total number of DRC violations = 0
#Total number of process antenna violations = 0
#Total number of net violated process antenna rule = 0
#Post Route wire spread is done.
#Total wire length = 4380 um.
#Total half perimeter of net bounding box = 3727 um.
#Total wire length on LAYER Metal1 = 309 um.
#Total wire length on LAYER Metal2 = 2443 um.
#Total wire length on LAYER Metal3 = 1398 um.
#Total wire length on LAYER Metal4 = 127 um.
#Total wire length on LAYER Metal5 = 93 um.
#Total wire length on LAYER Metal6 = 9 um.
#Total wire length on LAYER Metal7 = 0 um.
#Total wire length on LAYER Metal8 = 0 um.
#Total wire length on LAYER Metal9 = 0 um.
#Total number of vias = 1751
#Up-Via Summary (total 1751):
#           
#-----------------------
# Metal1           1123
# Metal2            595
# Metal3             26
# Metal4              6
# Metal5              1
#-----------------------
#                  1751 
#
#detailRoute Statistics:
#Cpu time = 00:00:00
#Elapsed time = 00:00:00
#Increased memory = 1.46 (MB)
#Total memory = 2034.79 (MB)
#Peak memory = 2147.40 (MB)
#	no debugging net set
#
#globalDetailRoute statistics:
#Cpu time = 00:00:01
#Elapsed time = 00:00:01
#Increased memory = 5.52 (MB)
#Total memory = 2030.49 (MB)
#Peak memory = 2147.40 (MB)
#Number of warnings = 3
#Total number of warnings = 14
#Number of fails = 0
#Total number of fails = 0
#Complete globalDetailRoute on Sat Mar  7 17:40:23 2026
#
#Default setup view is reset to worst_case.

detailRoute

#Start detailRoute on Sat Mar  7 17:40:23 2026
#
#Invoke dbWirePreImport deleteTR=1 convert_unrouted=0 selected_only=0 (nr_selected_net=0)
#num needed restored net=0
#need_extraction net=0 (total=360)
#WARNING (NRDB-2005) SPECIAL_NET VDD has special wires but no definitions for instance pins or top level pins. This will cause routability problems later.
#WARNING (NRDB-2005) SPECIAL_NET VSS has special wires but no definitions for instance pins or top level pins. This will cause routability problems later.
#NanoRoute Version 21.15-s110_1 NR220912-2004/21_15-UB
#Start routing data preparation on Sat Mar  7 17:40:23 2026
#
#Minimum voltage of a net in the design = 0.000.
#Maximum voltage of a net in the design = 1.100.
#Voltage range [0.000 - 1.100] has 358 nets.
#Voltage range [0.900 - 1.100] has 1 net.
#Voltage range [0.000 - 0.000] has 1 net.
#Build and mark too close pins for the same net.
#Initial pin access analysis.
#Detail pin access analysis.
# Metal1       H   Track-Pitch = 0.29000    Line-2-Via Pitch = 0.25500
# Metal2       V   Track-Pitch = 0.29000    Line-2-Via Pitch = 0.28500
# Metal3       H   Track-Pitch = 0.29000    Line-2-Via Pitch = 0.28500
# Metal4       V   Track-Pitch = 0.29000    Line-2-Via Pitch = 0.28500
# Metal5       H   Track-Pitch = 0.29000    Line-2-Via Pitch = 0.28500
# Metal6       V   Track-Pitch = 0.29000    Line-2-Via Pitch = 0.28500
# Metal7       H   Track-Pitch = 0.29000    Line-2-Via Pitch = 0.28500
# Metal8       V   Track-Pitch = 0.87000    Line-2-Via Pitch = 0.85000
# Metal9       H   Track-Pitch = 0.87000    Line-2-Via Pitch = 0.85000
#cpu time = 00:00:00, elapsed time = 00:00:00, memory = 2035.36 (MB), peak = 2147.40 (MB)
#Regenerating Ggrids automatically.
#Auto generating G-grids with size=15 tracks, using layer Metal3's pitch = 0.29000.
#Using automatically generated G-grids.
#(check_and_prepare_match_target_file) no match_target_file in constraint. quit
#Done routing data preparation.
#cpu time = 00:00:00, elapsed time = 00:00:00, memory = 2039.16 (MB), peak = 2147.40 (MB)
#
#Start Post Route wire spreading..
#
#Start data preparation for wire spreading...
#
#Data preparation is done on Sat Mar  7 17:40:23 2026
#
#
#Start Post Route Wire Spread.
#Done with 5 horizontal wires in 1 hboxes and 10 vertical wires in 1 hboxes.
#Complete Post Route Wire Spread.
#
#Total wire length = 4380 um.
#Total half perimeter of net bounding box = 3727 um.
#Total wire length on LAYER Metal1 = 309 um.
#Total wire length on LAYER Metal2 = 2443 um.
#Total wire length on LAYER Metal3 = 1398 um.
#Total wire length on LAYER Metal4 = 127 um.
#Total wire length on LAYER Metal5 = 93 um.
#Total wire length on LAYER Metal6 = 9 um.
#Total wire length on LAYER Metal7 = 0 um.
#Total wire length on LAYER Metal8 = 0 um.
#Total wire length on LAYER Metal9 = 0 um.
#Total number of vias = 1751
#Up-Via Summary (total 1751):
#           
#-----------------------
# Metal1           1123
# Metal2            595
# Metal3             26
# Metal4              6
# Metal5              1
#-----------------------
#                  1751 
#
#   number of violations = 0
#cpu time = 00:00:00, elapsed time = 00:00:00, memory = 2039.16 (MB), peak = 2147.40 (MB)
#CELL_VIEW alarm_clock_top,init has no DRC violation.
#Total number of DRC violations = 0
#Total number of process antenna violations = 0
#Total number of net violated process antenna rule = 0
#Post Route wire spread is done.
#Total wire length = 4380 um.
#Total half perimeter of net bounding box = 3727 um.
#Total wire length on LAYER Metal1 = 309 um.
#Total wire length on LAYER Metal2 = 2443 um.
#Total wire length on LAYER Metal3 = 1398 um.
#Total wire length on LAYER Metal4 = 127 um.
#Total wire length on LAYER Metal5 = 93 um.
#Total wire length on LAYER Metal6 = 9 um.
#Total wire length on LAYER Metal7 = 0 um.
#Total wire length on LAYER Metal8 = 0 um.
#Total wire length on LAYER Metal9 = 0 um.
#Total number of vias = 1751
#Up-Via Summary (total 1751):
#           
#-----------------------
# Metal1           1123
# Metal2            595
# Metal3             26
# Metal4              6
# Metal5              1
#-----------------------
#                  1751 
#
#	no debugging net set
#
#detailRoute statistics:
#Cpu time = 00:00:00
#Elapsed time = 00:00:00
#Increased memory = 4.20 (MB)
#Total memory = 2034.87 (MB)
#Peak memory = 2147.40 (MB)
#Number of warnings = 2
#Total number of warnings = 16
#Number of fails = 0
#Total number of fails = 0
#Complete detailRoute on Sat Mar  7 17:40:23 2026
#
#Default setup view is reset to worst_case.
AAE_INFO: Post Route call back at the end of routeDesign
#routeDesign: cpu time = 00:00:02, elapsed time = 00:00:02, memory = 2034.92 (MB), peak = 2147.40 (MB)
*** Message Summary: 0 warning(s), 0 error(s)

<CMD> setAnalysisMode -cppr both -clockGatingCheck true -timeBorrowing true -useOutputPinCap true -sequentialConstProp false -timingSelfLoopsNoSkew false -enableMultipleDriveNet true -clkSrcPath true -warn true -usefulSkew false -analysisType onChipVariation -log true
<CMD> redirect -quiet {set honorDomain [getAnalysisMode -honorClockDomains]} > /dev/null
<CMD> timeDesign -postRoute -pathReports -drvReports -slackReports -numPaths 50 -prefix alarm_clock_top_postRoute -outDir timingReports
Switching SI Aware to true by default in postroute mode   
AAE_INFO: switching -siAware from false to true ...
AAE_INFO: The setting is changed from false to true in setDelayCalMode -SIAware
*** timeDesign #5 [begin] : totSession cpu/real = 0:02:04.4/0:22:39.6 (0.1), mem = 2197.9M
 Reset EOS DB
Ignoring AAE DB Resetting ...
Extraction called for design 'alarm_clock_top' of instances=880 and nets=360 using extraction engine 'postRoute' at effort level 'low' .
**WARN: (IMPEXT-3530):	The process node is not set. Use the command setDesignMode -process <process node> prior to extraction for maximum accuracy and optimal automatic threshold setting.
Type 'man IMPEXT-3530' for more detail.
PostRoute (effortLevel low) RC Extraction called for design alarm_clock_top.
RC Extraction called in multi-corner(1) mode.
Process corner(s) are loaded.
 Corner: rc_corners
extractDetailRC Option : -outfile /tmp/innovus_temp_39186_ic312.vit.ac.in_vlsi_pFhszA/alarm_clock_top_39186_HP4NU8.rcdb.d  -extended
RC Mode: PostRoute -effortLevel low [Extended CapTable, RC Table Resistances]
      RC Corner Indexes            0   
Capacitance Scaling Factor   : 1.00000 
Coupling Cap. Scaling Factor : 1.00000 
Resistance Scaling Factor    : 1.00000 
Clock Cap. Scaling Factor    : 1.00000 
Clock Res. Scaling Factor    : 1.00000 
Shrink Factor                : 1.00000
Initializing multi-corner capacitance tables ... 
Initializing multi-corner resistance tables ...
Checking LVS Completed (CPU Time= 0:00:00.0  MEM= 2197.9M)
Extracted 10.051% (CPU Time= 0:00:00.0  MEM= 2221.9M)
Extracted 20.0628% (CPU Time= 0:00:00.0  MEM= 2221.9M)
Extracted 30.0746% (CPU Time= 0:00:00.0  MEM= 2241.9M)
Extracted 40.0471% (CPU Time= 0:00:00.0  MEM= 2241.9M)
Extracted 50.0589% (CPU Time= 0:00:00.0  MEM= 2241.9M)
Extracted 60.0707% (CPU Time= 0:00:00.0  MEM= 2241.9M)
Extracted 70.0432% (CPU Time= 0:00:00.0  MEM= 2241.9M)
Extracted 80.055% (CPU Time= 0:00:00.0  MEM= 2241.9M)
Extracted 90.0667% (CPU Time= 0:00:00.0  MEM= 2241.9M)
Extracted 100% (CPU Time= 0:00:00.0  MEM= 2241.9M)
Number of Extracted Resistors     : 4522
Number of Extracted Ground Cap.   : 4640
Number of Extracted Coupling Cap. : 5428
Filtering XCap in 'relativeOnly' mode using values relative_c_threshold=0.03 and total_c_threshold=5fF.
 Corner: rc_corners
Checking LVS Completed (CPU Time= 0:00:00.0  MEM= 2218.6M)
PostRoute (effortLevel low) RC Extraction DONE (CPU Time: 0:00:00.2  Real Time: 0:00:00.0  MEM: 2226.613M)
Starting delay calculation for Setup views
AAE_INFO: opIsDesignInPostRouteState() is 1
AAE_INFO: deleting AAE DB due to opIsDesignInPostRouteState() is changed ...
AAE DB initialization (MEM=2234.15 CPU=0:00:00.0 REAL=0:00:00.0) 
AAE_INFO: resetNetProps viewIdx 0 
Starting SI iteration 1 using Infinite Timing Windows
#################################################################################
# Design Stage: PostRoute
# Design Name: alarm_clock_top
# Design Mode: 90nm
# Analysis Mode: MMMC OCV 
# Parasitics Mode: SPEF/RCDB 
# Signoff Settings: SI On 
#################################################################################
AAE_INFO: 1 threads acquired from CTE.
Start delay calculation (fullDC) (1 T). (MEM=2234.15)
*** Calculating scaling factor for max_timing libraries using the default operating condition of each library.
Initializing multi-corner capacitance tables ... 
Initializing multi-corner resistance tables ...
Total number of fetched objects 356
AAE_INFO-618: Total number of nets in the design is 360,  100.0 percent of the nets selected for SI analysis
End delay calculation. (MEM=2288.54 CPU=0:00:00.0 REAL=0:00:00.0)
End delay calculation (fullDC). (MEM=2288.54 CPU=0:00:00.1 REAL=0:00:00.0)
Loading CTE timing window with TwFlowType 0...(CPU = 0:00:00.0, REAL = 0:00:00.0, MEM = 2288.5M)
Add other clocks and setupCteToAAEClockMapping during iter 1
Loading CTE timing window is completed (CPU = 0:00:00.0, REAL = 0:00:00.0, MEM = 2288.5M)
Starting SI iteration 2
Start delay calculation (fullDC) (1 T). (MEM=2194.65)
Glitch Analysis: View worst_case -- Total Number of Nets Skipped = 0. 
Glitch Analysis: View worst_case -- Total Number of Nets Analyzed = 356. 
Total number of fetched objects 356
AAE_INFO-618: Total number of nets in the design is 360,  0.3 percent of the nets selected for SI analysis
End delay calculation. (MEM=2237.41 CPU=0:00:00.0 REAL=0:00:00.0)
End delay calculation (fullDC). (MEM=2237.41 CPU=0:00:00.0 REAL=0:00:00.0)
*** Done Building Timing Graph (cpu=0:00:00.3 real=0:00:01.0 totSessionCpu=0:02:05 mem=2245.4M)

------------------------------------------------------------------
          timeDesign Summary
------------------------------------------------------------------

Setup views included:
 worst_case 

+--------------------+---------+---------+---------+
|     Setup mode     |   all   | reg2reg | default |
+--------------------+---------+---------+---------+
|           WNS (ns):|  6.422  |  6.422  |  7.144  |
|           TNS (ns):|  0.000  |  0.000  |  0.000  |
|    Violating Paths:|    0    |    0    |    0    |
|          All Paths:|   102   |   67    |   52    |
+--------------------+---------+---------+---------+

+----------------+-------------------------------+------------------+
|                |              Real             |       Total      |
|    DRVs        +------------------+------------+------------------|
|                |  Nr nets(terms)  | Worst Vio  |  Nr nets(terms)  |
+----------------+------------------+------------+------------------+
|   max_cap      |      0 (0)       |   0.000    |      0 (0)       |
|   max_tran     |      0 (0)       |   0.000    |      0 (0)       |
|   max_fanout   |      0 (0)       |     0      |      0 (0)       |
|   max_length   |      0 (0)       |     0      |      0 (0)       |
+----------------+------------------+------------+------------------+

Density: 64.898%
       (100.000% with Fillers)
------------------------------------------------------------------
Reported timing to dir timingReports
Total CPU time: 0.65 sec
Total Real time: 1.0 sec
Total Memory Usage: 2210.992188 Mbytes
Reset AAE Options
*** timeDesign #5 [finish] : cpu/real = 0:00:00.7/0:00:01.5 (0.4), totSession cpu/real = 0:02:05.1/0:22:41.1 (0.1), mem = 2211.0M
<CMD> redirect -quiet {set honorDomain [getAnalysisMode -honorClockDomains]} > /dev/null
<CMD> timeDesign -postRoute -hold -pathReports -slackReports -numPaths 50 -prefix alarm_clock_top_postRoute -outDir timingReports
*** timeDesign #6 [begin] : totSession cpu/real = 0:02:05.3/0:22:43.5 (0.1), mem = 2211.0M
 Reset EOS DB
Ignoring AAE DB Resetting ...
Extraction called for design 'alarm_clock_top' of instances=880 and nets=360 using extraction engine 'postRoute' at effort level 'low' .
**WARN: (IMPEXT-3530):	The process node is not set. Use the command setDesignMode -process <process node> prior to extraction for maximum accuracy and optimal automatic threshold setting.
Type 'man IMPEXT-3530' for more detail.
PostRoute (effortLevel low) RC Extraction called for design alarm_clock_top.
RC Extraction called in multi-corner(1) mode.
Process corner(s) are loaded.
 Corner: rc_corners
extractDetailRC Option : -outfile /tmp/innovus_temp_39186_ic312.vit.ac.in_vlsi_pFhszA/alarm_clock_top_39186_HP4NU8.rcdb.d -maxResLength 200  -extended
RC Mode: PostRoute -effortLevel low [Extended CapTable, RC Table Resistances]
      RC Corner Indexes            0   
Capacitance Scaling Factor   : 1.00000 
Coupling Cap. Scaling Factor : 1.00000 
Resistance Scaling Factor    : 1.00000 
Clock Cap. Scaling Factor    : 1.00000 
Clock Res. Scaling Factor    : 1.00000 
Shrink Factor                : 1.00000
Initializing multi-corner capacitance tables ... 
Initializing multi-corner resistance tables ...
Checking LVS Completed (CPU Time= 0:00:00.0  MEM= 2209.0M)
Extracted 10.051% (CPU Time= 0:00:00.0  MEM= 2245.0M)
Extracted 20.0628% (CPU Time= 0:00:00.0  MEM= 2245.0M)
Extracted 30.0746% (CPU Time= 0:00:00.0  MEM= 2269.0M)
Extracted 40.0471% (CPU Time= 0:00:00.0  MEM= 2269.0M)
Extracted 50.0589% (CPU Time= 0:00:00.0  MEM= 2269.0M)
Extracted 60.0707% (CPU Time= 0:00:00.0  MEM= 2269.0M)
Extracted 70.0432% (CPU Time= 0:00:00.0  MEM= 2269.0M)
Extracted 80.055% (CPU Time= 0:00:00.0  MEM= 2269.0M)
Extracted 90.0667% (CPU Time= 0:00:00.0  MEM= 2269.0M)
Extracted 100% (CPU Time= 0:00:00.0  MEM= 2269.0M)
Number of Extracted Resistors     : 4522
Number of Extracted Ground Cap.   : 4640
Number of Extracted Coupling Cap. : 5428
Filtering XCap in 'relativeOnly' mode using values relative_c_threshold=0.03 and total_c_threshold=5fF.
 Corner: rc_corners
Checking LVS Completed (CPU Time= 0:00:00.0  MEM= 2245.7M)
PostRoute (effortLevel low) RC Extraction DONE (CPU Time: 0:00:00.2  Real Time: 0:00:00.0  MEM: 2253.730M)
Starting delay calculation for Hold views
AAE_INFO: opIsDesignInPostRouteState() is 1
AAE_INFO: resetNetProps viewIdx 1 
Starting SI iteration 1 using Infinite Timing Windows
#################################################################################
# Design Stage: PostRoute
# Design Name: alarm_clock_top
# Design Mode: 90nm
# Analysis Mode: MMMC OCV 
# Parasitics Mode: SPEF/RCDB 
# Signoff Settings: SI On 
#################################################################################
AAE_INFO: 1 threads acquired from CTE.
Start delay calculation (fullDC) (1 T). (MEM=2200.54)
*** Calculating scaling factor for min_timing libraries using the default operating condition of each library.
Initializing multi-corner capacitance tables ... 
Initializing multi-corner resistance tables ...
Total number of fetched objects 356
AAE_INFO-618: Total number of nets in the design is 360,  100.0 percent of the nets selected for SI analysis
End delay calculation. (MEM=2227.84 CPU=0:00:00.0 REAL=0:00:00.0)
End delay calculation (fullDC). (MEM=2227.84 CPU=0:00:00.1 REAL=0:00:00.0)
Loading CTE timing window with TwFlowType 0...(CPU = 0:00:00.0, REAL = 0:00:00.0, MEM = 2235.8M)
Add other clocks and setupCteToAAEClockMapping during iter 1
Loading CTE timing window is completed (CPU = 0:00:00.0, REAL = 0:00:00.0, MEM = 2235.8M)
Starting SI iteration 2
Start delay calculation (fullDC) (1 T). (MEM=2193.96)
Glitch Analysis: View best_case -- Total Number of Nets Skipped = 0. 
Glitch Analysis: View best_case -- Total Number of Nets Analyzed = 356. 
Total number of fetched objects 356
AAE_INFO-618: Total number of nets in the design is 360,  29.2 percent of the nets selected for SI analysis
End delay calculation. (MEM=2240.66 CPU=0:00:00.0 REAL=0:00:00.0)
End delay calculation (fullDC). (MEM=2240.66 CPU=0:00:00.0 REAL=0:00:00.0)
*** Done Building Timing Graph (cpu=0:00:00.3 real=0:00:01.0 totSessionCpu=0:02:06 mem=2248.7M)

------------------------------------------------------------------
          timeDesign Summary
------------------------------------------------------------------

Hold views included:
 best_case 

+--------------------+---------+---------+---------+
|     Hold mode      |   all   | reg2reg | default |
+--------------------+---------+---------+---------+
|           WNS (ns):| -0.211  | -0.211  |  1.747  |
|           TNS (ns):| -8.447  | -8.447  |  0.000  |
|    Violating Paths:|   66    |   66    |    0    |
|          All Paths:|   102   |   67    |   52    |
+--------------------+---------+---------+---------+

Density: 64.898%
       (100.000% with Fillers)
------------------------------------------------------------------
Reported timing to dir timingReports
Total CPU time: 0.64 sec
Total Real time: 1.0 sec
Total Memory Usage: 2167.933594 Mbytes
Reset AAE Options
*** timeDesign #6 [finish] : cpu/real = 0:00:00.6/0:00:00.9 (0.7), totSession cpu/real = 0:02:05.9/0:22:44.4 (0.1), mem = 2167.9M
<CMD> redirect -quiet {set honorDomain [getAnalysisMode -honorClockDomains]} > /dev/null
<CMD> timeDesign -postRoute -hold -pathReports -slackReports -numPaths 50 -prefix alarm_clock_top_postRoute -outDir timingReports
*** timeDesign #7 [begin] : totSession cpu/real = 0:02:08.3/0:23:18.1 (0.1), mem = 2178.1M
 Reset EOS DB
Ignoring AAE DB Resetting ...
Extraction called for design 'alarm_clock_top' of instances=880 and nets=360 using extraction engine 'postRoute' at effort level 'low' .
**WARN: (IMPEXT-3530):	The process node is not set. Use the command setDesignMode -process <process node> prior to extraction for maximum accuracy and optimal automatic threshold setting.
Type 'man IMPEXT-3530' for more detail.
PostRoute (effortLevel low) RC Extraction called for design alarm_clock_top.
RC Extraction called in multi-corner(1) mode.
Process corner(s) are loaded.
 Corner: rc_corners
extractDetailRC Option : -outfile /tmp/innovus_temp_39186_ic312.vit.ac.in_vlsi_pFhszA/alarm_clock_top_39186_HP4NU8.rcdb.d -maxResLength 200  -extended
RC Mode: PostRoute -effortLevel low [Extended CapTable, RC Table Resistances]
      RC Corner Indexes            0   
Capacitance Scaling Factor   : 1.00000 
Coupling Cap. Scaling Factor : 1.00000 
Resistance Scaling Factor    : 1.00000 
Clock Cap. Scaling Factor    : 1.00000 
Clock Res. Scaling Factor    : 1.00000 
Shrink Factor                : 1.00000
Initializing multi-corner capacitance tables ... 
Initializing multi-corner resistance tables ...
Checking LVS Completed (CPU Time= 0:00:00.0  MEM= 2174.1M)
Extracted 10.051% (CPU Time= 0:00:00.0  MEM= 2210.1M)
Extracted 20.0628% (CPU Time= 0:00:00.0  MEM= 2210.1M)
Extracted 30.0746% (CPU Time= 0:00:00.0  MEM= 2234.1M)
Extracted 40.0471% (CPU Time= 0:00:00.0  MEM= 2234.1M)
Extracted 50.0589% (CPU Time= 0:00:00.0  MEM= 2234.1M)
Extracted 60.0707% (CPU Time= 0:00:00.0  MEM= 2234.1M)
Extracted 70.0432% (CPU Time= 0:00:00.0  MEM= 2234.1M)
Extracted 80.055% (CPU Time= 0:00:00.0  MEM= 2234.1M)
Extracted 90.0667% (CPU Time= 0:00:00.0  MEM= 2234.1M)
Extracted 100% (CPU Time= 0:00:00.0  MEM= 2234.1M)
Number of Extracted Resistors     : 4522
Number of Extracted Ground Cap.   : 4640
Number of Extracted Coupling Cap. : 5428
Filtering XCap in 'relativeOnly' mode using values relative_c_threshold=0.03 and total_c_threshold=5fF.
 Corner: rc_corners
Checking LVS Completed (CPU Time= 0:00:00.0  MEM= 2218.1M)
PostRoute (effortLevel low) RC Extraction DONE (CPU Time: 0:00:00.2  Real Time: 0:00:01.0  MEM: 2226.137M)
Starting delay calculation for Hold views
AAE_INFO: opIsDesignInPostRouteState() is 1
AAE_INFO: resetNetProps viewIdx 1 
Starting SI iteration 1 using Infinite Timing Windows
#################################################################################
# Design Stage: PostRoute
# Design Name: alarm_clock_top
# Design Mode: 90nm
# Analysis Mode: MMMC OCV 
# Parasitics Mode: SPEF/RCDB 
# Signoff Settings: SI On 
#################################################################################
AAE_INFO: 1 threads acquired from CTE.
Start delay calculation (fullDC) (1 T). (MEM=2207.67)
*** Calculating scaling factor for min_timing libraries using the default operating condition of each library.
Initializing multi-corner capacitance tables ... 
Initializing multi-corner resistance tables ...
Total number of fetched objects 356
AAE_INFO-618: Total number of nets in the design is 360,  100.0 percent of the nets selected for SI analysis
End delay calculation. (MEM=2234.97 CPU=0:00:00.0 REAL=0:00:00.0)
End delay calculation (fullDC). (MEM=2234.97 CPU=0:00:00.1 REAL=0:00:00.0)
Loading CTE timing window with TwFlowType 0...(CPU = 0:00:00.0, REAL = 0:00:00.0, MEM = 2243.0M)
Add other clocks and setupCteToAAEClockMapping during iter 1
Loading CTE timing window is completed (CPU = 0:00:00.0, REAL = 0:00:00.0, MEM = 2243.0M)
Starting SI iteration 2
Start delay calculation (fullDC) (1 T). (MEM=2201.09)
Glitch Analysis: View best_case -- Total Number of Nets Skipped = 0. 
Glitch Analysis: View best_case -- Total Number of Nets Analyzed = 356. 
Total number of fetched objects 356
AAE_INFO-618: Total number of nets in the design is 360,  29.2 percent of the nets selected for SI analysis
End delay calculation. (MEM=2247.79 CPU=0:00:00.0 REAL=0:00:00.0)
End delay calculation (fullDC). (MEM=2247.79 CPU=0:00:00.0 REAL=0:00:00.0)
*** Done Building Timing Graph (cpu=0:00:00.3 real=0:00:01.0 totSessionCpu=0:02:09 mem=2255.8M)

------------------------------------------------------------------
          timeDesign Summary
------------------------------------------------------------------

Hold views included:
 best_case 

+--------------------+---------+---------+---------+
|     Hold mode      |   all   | reg2reg | default |
+--------------------+---------+---------+---------+
|           WNS (ns):| -0.211  | -0.211  |  1.747  |
|           TNS (ns):| -8.447  | -8.447  |  0.000  |
|    Violating Paths:|   66    |   66    |    0    |
|          All Paths:|   102   |   67    |   52    |
+--------------------+---------+---------+---------+

Density: 64.898%
       (100.000% with Fillers)
------------------------------------------------------------------
Reported timing to dir timingReports
Total CPU time: 0.61 sec
Total Real time: 2.0 sec
Total Memory Usage: 2177.066406 Mbytes
Reset AAE Options
*** timeDesign #7 [finish] : cpu/real = 0:00:00.6/0:00:01.2 (0.5), totSession cpu/real = 0:02:08.9/0:23:19.4 (0.1), mem = 2177.1M
<CMD> getCTSMode -engine -quiet
<CMD> getCTSMode -engine -quiet
<CMD> setOptMode -fixCap true -fixTran true -fixFanoutLoad false
<CMD> setDelayCalMode -engine default -siAware true
<CMD> optDesign -postRoute -hold
**optDesign ... cpu = 0:00:00, real = 0:00:00, mem = 2009.4M, totSessionCpu=0:02:11 **
*** optDesign #3 [begin] : totSession cpu/real = 0:02:10.6/0:23:40.6 (0.1), mem = 2177.3M
GigaOpt running with 1 threads.
*** InitOpt #1 [begin] (optDesign #3) : totSession cpu/real = 0:02:10.6/0:23:40.6 (0.1), mem = 2177.3M
**INFO: User settings:
setNanoRouteMode -drouteEndIteration                            1
setNanoRouteMode -droutePostRouteSpreadWire                     1
setNanoRouteMode -droutePostRouteWidenWireRule                  LEFDefaultRouteSpec_gpdk090
setNanoRouteMode -extractThirdPartyCompatible                   false
setNanoRouteMode -grouteExpTdUseTifTimingEngineForImportDesign  true
setNanoRouteMode -routeBottomRoutingLayer                       1
setNanoRouteMode -routeTopRoutingLayer                          9
setNanoRouteMode -routeWithSiDriven                             false
setNanoRouteMode -routeWithTimingDriven                         false
setNanoRouteMode -timingEngine                                  {}
setExtractRCMode -coupled                                       true
setExtractRCMode -engine                                        postRoute
setUsefulSkewMode -ecoRoute                                     false
setUsefulSkewMode -maxAllowedDelay                              1
setUsefulSkewMode -noBoundary                                   false
setDelayCalMode -enable_high_fanout                             true
setDelayCalMode -engine                                         aae
setDelayCalMode -ignoreNetLoad                                  false
setDelayCalMode -SIAware                                        true
setDelayCalMode -socv_accuracy_mode                             low
setOptMode -activeHoldViews                                     { best_case }
setOptMode -activeSetupViews                                    { worst_case }
setOptMode -autoHoldViews                                       { best_case}
setOptMode -autoSetupViews                                      { worst_case}
setOptMode -autoTDGRSetupViews                                  { worst_case}
setOptMode -autoViewHoldTargetSlack                             0
setOptMode -drcMargin                                           0
setOptMode -fixCap                                              true
setOptMode -fixFanoutLoad                                       false
setOptMode -fixTran                                             true
setOptMode -preserveAllSequential                               false
setOptMode -setupTargetSlack                                    0
setSIMode -separate_delta_delay_on_data                         true
setPlaceMode -place_design_floorplan_mode                       false
setPlaceMode -place_detail_check_route                          false
setPlaceMode -place_detail_preserve_routing                     true
setPlaceMode -place_detail_remove_affected_routing              false
setPlaceMode -place_detail_swap_eeq_cells                       false
setPlaceMode -place_global_clock_gate_aware                     true
setPlaceMode -place_global_cong_effort                          auto
setPlaceMode -place_global_ignore_scan                          true
setPlaceMode -place_global_ignore_spare                         false
setPlaceMode -place_global_module_aware_spare                   false
setPlaceMode -place_global_place_io_pins                        true
setPlaceMode -place_global_reorder_scan                         true
setPlaceMode -powerDriven                                       false
setPlaceMode -timingDriven                                      true
setAnalysisMode -analysisType                                   onChipVariation
setAnalysisMode -checkType                                      setup
setAnalysisMode -clkSrcPath                                     true
setAnalysisMode -clockGatingCheck                               true
setAnalysisMode -clockPropagation                               sdcControl
setAnalysisMode -cppr                                           both
setAnalysisMode -enableMultipleDriveNet                         true
setAnalysisMode -log                                            true
setAnalysisMode -sequentialConstProp                            false
setAnalysisMode -skew                                           true
setAnalysisMode -timeBorrowing                                  true
setAnalysisMode -timingSelfLoopsNoSkew                          false
setAnalysisMode -usefulSkew                                     false
setAnalysisMode -useOutputPinCap                                true
setAnalysisMode -virtualIPO                                     false
setAnalysisMode -warn                                           true

**INFO: setDesignMode -flowEffort standard -> setting 'setOptMode -allEndPoints true' for the duration of this command.
Disable merging buffers from different footprints for postRoute code for non-MSV designs
Need call spDPlaceInit before registerPrioInstLoc.
**WARN: (IMPOPT-7320):	Glitch fixing is enabled but glitch report is disabled. Glitch reporting can be enabled using command setSIMode -enable_glitch_report true
**optDesign ... cpu = 0:00:00, real = 0:00:00, mem = 2037.5M, totSessionCpu=0:02:11 **
Existing Dirty Nets : 0
New Signature Flow (optDesignCheckOptions) ....
#Taking db snapshot
#Taking db snapshot ... done
Begin checking placement ... (start mem=2210.6M, init mem=2210.6M)
*info: Placed = 880           
*info: Unplaced = 0           
Placement Density:100.00%(3480/3480)
Placement Density (including fixed std cells):100.00%(3480/3480)
Finished checkPlace (total: cpu=0:00:00.0, real=0:00:00.0; vio checks: cpu=0:00:00.0, real=0:00:00.0; mem=2210.6M)
 Initial DC engine is -> aae
 
 AAE-Opt:: Current number of nets in RC Memory -> 100 K
 
 
 AAE-Opt:: New number of nets in RC Memory -> 100 K
 
Reset EOS DB
Ignoring AAE DB Resetting ...
 Set Options for AAE Based Opt flow 
*** optDesign -postRoute ***
DRC Margin: user margin 0.0; extra margin 0
Setup Target Slack: user slack 0
Hold Target Slack: user slack 0
*** InitOpt #1 [finish] (optDesign #3) : cpu/real = 0:00:00.5/0:00:00.5 (1.0), totSession cpu/real = 0:02:11.0/0:23:41.1 (0.1), mem = 2210.6M
Include MVT Delays for Hold Opt
** INFO : this run is activating 'postRoute' automaton
**INFO: flowCheckPoint #1 InitialSummary
Extraction called for design 'alarm_clock_top' of instances=880 and nets=360 using extraction engine 'postRoute' at effort level 'low' .
**WARN: (IMPEXT-3530):	The process node is not set. Use the command setDesignMode -process <process node> prior to extraction for maximum accuracy and optimal automatic threshold setting.
Type 'man IMPEXT-3530' for more detail.
PostRoute (effortLevel low) RC Extraction called for design alarm_clock_top.
RC Extraction called in multi-corner(1) mode.
Process corner(s) are loaded.
 Corner: rc_corners
extractDetailRC Option : -outfile /tmp/innovus_temp_39186_ic312.vit.ac.in_vlsi_pFhszA/alarm_clock_top_39186_HP4NU8.rcdb.d -maxResLength 200  -extended
RC Mode: PostRoute -effortLevel low [Extended CapTable, RC Table Resistances]
      RC Corner Indexes            0   
Capacitance Scaling Factor   : 1.00000 
Coupling Cap. Scaling Factor : 1.00000 
Resistance Scaling Factor    : 1.00000 
Clock Cap. Scaling Factor    : 1.00000 
Clock Res. Scaling Factor    : 1.00000 
Shrink Factor                : 1.00000
Initializing multi-corner capacitance tables ... 
Initializing multi-corner resistance tables ...
Checking LVS Completed (CPU Time= 0:00:00.0  MEM= 2200.6M)
Extracted 10.051% (CPU Time= 0:00:00.0  MEM= 2236.6M)
Extracted 20.0628% (CPU Time= 0:00:00.0  MEM= 2236.6M)
Extracted 30.0746% (CPU Time= 0:00:00.0  MEM= 2260.6M)
Extracted 40.0471% (CPU Time= 0:00:00.0  MEM= 2260.6M)
Extracted 50.0589% (CPU Time= 0:00:00.0  MEM= 2260.6M)
Extracted 60.0707% (CPU Time= 0:00:00.0  MEM= 2260.6M)
Extracted 70.0432% (CPU Time= 0:00:00.0  MEM= 2260.6M)
Extracted 80.055% (CPU Time= 0:00:00.0  MEM= 2260.6M)
Extracted 90.0667% (CPU Time= 0:00:00.0  MEM= 2260.6M)
Extracted 100% (CPU Time= 0:00:00.0  MEM= 2260.6M)
Number of Extracted Resistors     : 4522
Number of Extracted Ground Cap.   : 4640
Number of Extracted Coupling Cap. : 5428
Filtering XCap in 'relativeOnly' mode using values relative_c_threshold=0.03 and total_c_threshold=5fF.
 Corner: rc_corners
Checking LVS Completed (CPU Time= 0:00:00.0  MEM= 2236.6M)
PostRoute (effortLevel low) RC Extraction DONE (CPU Time: 0:00:00.2  Real Time: 0:00:01.0  MEM: 2244.574M)
**ERROR: (IMPOPT-310):	Design density (100.00%) exceeds/equals limit (95.00%).
**INFO: flowCheckPoint #2 OptimizationHold
**ERROR: (IMPOPT-310):	Design density (100.00%) exceeds/equals limit (95.00%).
GigaOpt Hold Optimizer is used
Initializing multi-corner capacitance tables ... 
Initializing multi-corner resistance tables ...
Starting initialization (fixHold) cpu=0:00:00.0 real=0:00:00.0 totSessionCpu=0:02:12 mem=2273.2M ***
*** BuildHoldData #1 [begin] (optDesign #3) : totSession cpu/real = 0:02:11.7/0:23:42.0 (0.1), mem = 2273.2M
Starting delay calculation for Hold views
AAE_INFO: opIsDesignInPostRouteState() is 1
AAE_INFO: resetNetProps viewIdx 1 
Starting SI iteration 1 using Infinite Timing Windows
#################################################################################
# Design Stage: PostRoute
# Design Name: alarm_clock_top
# Design Mode: 90nm
# Analysis Mode: MMMC OCV 
# Parasitics Mode: SPEF/RCDB 
# Signoff Settings: SI On 
#################################################################################
AAE_INFO: 1 threads acquired from CTE.
Start delay calculation (fullDC) (1 T). (MEM=2271.19)
*** Calculating scaling factor for min_timing libraries using the default operating condition of each library.
Total number of fetched objects 356
AAE_INFO-618: Total number of nets in the design is 360,  100.0 percent of the nets selected for SI analysis
End delay calculation. (MEM=2298.5 CPU=0:00:00.0 REAL=0:00:00.0)
End delay calculation (fullDC). (MEM=2298.5 CPU=0:00:00.0 REAL=0:00:00.0)
Loading CTE timing window with TwFlowType 0...(CPU = 0:00:00.0, REAL = 0:00:00.0, MEM = 2306.5M)
Add other clocks and setupCteToAAEClockMapping during iter 1
Loading CTE timing window is completed (CPU = 0:00:00.0, REAL = 0:00:00.0, MEM = 2306.5M)

Executing IPO callback for view pruning ..
Starting SI iteration 2
Start delay calculation (fullDC) (1 T). (MEM=2239.61)
Glitch Analysis: View best_case -- Total Number of Nets Skipped = 0. 
Glitch Analysis: View best_case -- Total Number of Nets Analyzed = 356. 
Total number of fetched objects 356
AAE_INFO-618: Total number of nets in the design is 360,  29.2 percent of the nets selected for SI analysis
End delay calculation. (MEM=2284.31 CPU=0:00:00.0 REAL=0:00:00.0)
End delay calculation (fullDC). (MEM=2284.31 CPU=0:00:00.0 REAL=0:00:00.0)
*** Done Building Timing Graph (cpu=0:00:00.4 real=0:00:01.0 totSessionCpu=0:02:12 mem=2292.3M)
Done building cte hold timing graph (fixHold) cpu=0:00:00.4 real=0:00:01.0 totSessionCpu=0:02:12 mem=2292.3M ***
Done building hold timer [1184 node(s), 1454 edge(s), 1 view(s)] (fixHold) cpu=0:00:00.4 real=0:00:01.0 totSessionCpu=0:02:12 mem=2307.6M ***
Starting delay calculation for Setup views
AAE_INFO: opIsDesignInPostRouteState() is 1
AAE_INFO: resetNetProps viewIdx 0 
Starting SI iteration 1 using Infinite Timing Windows
#################################################################################
# Design Stage: PostRoute
# Design Name: alarm_clock_top
# Design Mode: 90nm
# Analysis Mode: MMMC OCV 
# Parasitics Mode: SPEF/RCDB 
# Signoff Settings: SI On 
#################################################################################
AAE_INFO: 1 threads acquired from CTE.
Start delay calculation (fullDC) (1 T). (MEM=2279.84)
*** Calculating scaling factor for max_timing libraries using the default operating condition of each library.
Total number of fetched objects 356
AAE_INFO-618: Total number of nets in the design is 360,  100.0 percent of the nets selected for SI analysis
End delay calculation. (MEM=2280.71 CPU=0:00:00.0 REAL=0:00:00.0)
End delay calculation (fullDC). (MEM=2280.71 CPU=0:00:00.0 REAL=0:00:00.0)
Loading CTE timing window with TwFlowType 0...(CPU = 0:00:00.0, REAL = 0:00:00.0, MEM = 2288.7M)
Add other clocks and setupCteToAAEClockMapping during iter 1
Loading CTE timing window is completed (CPU = 0:00:00.0, REAL = 0:00:00.0, MEM = 2288.7M)

Executing IPO callback for view pruning ..
Starting SI iteration 2
Start delay calculation (fullDC) (1 T). (MEM=2248.83)
Glitch Analysis: View worst_case -- Total Number of Nets Skipped = 0. 
Glitch Analysis: View worst_case -- Total Number of Nets Analyzed = 356. 
Total number of fetched objects 356
AAE_INFO-618: Total number of nets in the design is 360,  0.3 percent of the nets selected for SI analysis
End delay calculation. (MEM=2294.54 CPU=0:00:00.0 REAL=0:00:00.0)
End delay calculation (fullDC). (MEM=2294.54 CPU=0:00:00.0 REAL=0:00:00.0)
*** Done Building Timing Graph (cpu=0:00:00.3 real=0:00:00.0 totSessionCpu=0:02:13 mem=2302.5M)
Done building cte setup timing graph (fixHold) cpu=0:00:00.8 real=0:00:01.0 totSessionCpu=0:02:13 mem=2302.5M ***
OPTC: m1 20.0 20.0
Setting latch borrow mode to budget during optimization.

*Info: minBufDelay = 99.6 ps, libStdDelay = 36.0 ps, minBufSize = 18165600 (6.0)
*Info: worst delay setup view: worst_case

------------------------------------------------------------------
     Hold Opt Initial Summary
------------------------------------------------------------------

Setup views included:
 worst_case
Hold views included:
 best_case

+--------------------+---------+---------+---------+
|     Setup mode     |   all   | reg2reg | default |
+--------------------+---------+---------+---------+
|           WNS (ns):|  6.422  |  6.422  |  7.144  |
|           TNS (ns):|  0.000  |  0.000  |  0.000  |
|    Violating Paths:|    0    |    0    |    0    |
|          All Paths:|   102   |   67    |   52    |
+--------------------+---------+---------+---------+

+--------------------+---------+---------+---------+
|     Hold mode      |   all   | reg2reg | default |
+--------------------+---------+---------+---------+
|           WNS (ns):| -0.211  | -0.211  |  1.747  |
|           TNS (ns):| -8.447  | -8.447  |  0.000  |
|    Violating Paths:|   66    |   66    |    0    |
|          All Paths:|   102   |   67    |   52    |
+--------------------+---------+---------+---------+

+----------------+-------------------------------+------------------+
|                |              Real             |       Total      |
|    DRVs        +------------------+------------+------------------|
|                |  Nr nets(terms)  | Worst Vio  |  Nr nets(terms)  |
+----------------+------------------+------------+------------------+
|   max_cap      |      0 (0)       |   0.000    |      0 (0)       |
|   max_tran     |      0 (0)       |   0.000    |      0 (0)       |
|   max_fanout   |      0 (0)       |     0      |      0 (0)       |
|   max_length   |      0 (0)       |     0      |      0 (0)       |
+----------------+------------------+------------+------------------+

Density: 64.898%
       (100.000% with Fillers)
------------------------------------------------------------------
**optDesign ... cpu = 0:00:03, real = 0:00:03, mem = 2085.0M, totSessionCpu=0:02:13 **
*** BuildHoldData #1 [finish] (optDesign #3) : cpu/real = 0:00:01.7/0:00:01.7 (1.0), totSession cpu/real = 0:02:13.4/0:23:43.7 (0.1), mem = 2295.8M
*** HoldOpt #1 [begin] (optDesign #3) : totSession cpu/real = 0:02:13.4/0:23:43.7 (0.1), mem = 2295.8M
*info: Run optDesign holdfix with 1 thread.
Info: 0 don't touch net , 1 undriven net  excluded from IPO operation.
Info: 1 clock net  excluded from IPO operation.
Info: Done creating the CCOpt slew target map.

*** Starting Core Fixing (fixHold) cpu=0:00:01.8 real=0:00:02.0 totSessionCpu=0:02:13 mem=2477.4M density=100.000% ***

Phase I ......
Executing transform: ECO Safe Resize
+----+--------+---------+--------+-----------+----------------+---------+------------+---------+
|Iter|  WNS   |  TNS    |  #VP   |  #Buffer  |  #Resize(F/F)  | Density |    Real    |   Mem   |
+----+--------+---------+--------+-----------+----------------+---------+------------+---------+
**Info: Stopping hold fixing due to density exceeding max design density 95.000%
|   0|  -0.211|    -8.45|      66|          0|       0(     0)|  100.00%|   0:00:00.0|  2477.4M|
+----+--------+---------+--------+-----------+----------------+---------+------------+---------+
Executing transform: AddBuffer + LegalResize
+----+--------+---------+--------+-----------+----------------+---------+------------+---------+
|Iter|  WNS   |  TNS    |  #VP   |  #Buffer  |  #Resize(F/F)  | Density |    Real    |   Mem   |
+----+--------+---------+--------+-----------+----------------+---------+------------+---------+
**Info: Stopping hold fixing due to density exceeding max design density 95.000%
|   0|  -0.211|    -8.45|      66|          0|       0(     0)|  100.00%|   0:00:00.0|  2477.4M|
+----+--------+---------+--------+-----------+----------------+---------+------------+---------+


=======================================================================
                Reasons for remaining hold violations
=======================================================================
*info: Total 289 net(s) have violated hold timing slacks.

Buffering failure reasons
------------------------------------------------

Resizing failure reasons
------------------------------------------------


*** Finished Core Fixing (fixHold) cpu=0:00:01.8 real=0:00:02.0 totSessionCpu=0:02:13 mem=2477.4M density=100.000% ***


*** Finish Post Route Hold Fixing (cpu=0:00:01.8 real=0:00:02.0 totSessionCpu=0:02:13 mem=2477.4M density=100.000%) ***
**INFO: total 0 insts, 0 nets marked don't touch
**INFO: total 0 insts, 0 nets marked don't touch DB property
**INFO: total 0 insts, 0 nets unmarked don't touch

*** HoldOpt #1 [finish] (optDesign #3) : cpu/real = 0:00:00.1/0:00:00.1 (1.0), totSession cpu/real = 0:02:13.5/0:23:43.8 (0.1), mem = 2383.3M
Running postRoute recovery in preEcoRoute mode
**optDesign ... cpu = 0:00:03, real = 0:00:03, mem = 2173.2M, totSessionCpu=0:02:13 **
Checking DRV degradation...
**INFO: Skipping DRV recovery as drv did not degrade beyond margin
Finish postRoute recovery in preEcoRoute mode (cpu=0:00:00, real=0:00:00, mem=2383.45M, totSessionCpu=0:02:13).
**optDesign ... cpu = 0:00:03, real = 0:00:03, mem = 2173.2M, totSessionCpu=0:02:13 **

**INFO: Skipping refine place as no legal commits were detected
Latch borrow mode reset to max_borrow
**INFO: flowCheckPoint #3 FinalSummary
Reported timing to dir ./timingReports
**optDesign ... cpu = 0:00:03, real = 0:00:03, mem = 2171.2M, totSessionCpu=0:02:14 **
Saving timing graph ...
Done save timing graph
Starting delay calculation for Hold views
AAE_INFO: opIsDesignInPostRouteState() is 1
AAE_INFO: resetNetProps viewIdx 1 
Starting SI iteration 1 using Infinite Timing Windows
#################################################################################
# Design Stage: PostRoute
# Design Name: alarm_clock_top
# Design Mode: 90nm
# Analysis Mode: MMMC OCV 
# Parasitics Mode: SPEF/RCDB 
# Signoff Settings: SI On 
#################################################################################
AAE_INFO: 1 threads acquired from CTE.
Start delay calculation (fullDC) (1 T). (MEM=2384.41)
*** Calculating scaling factor for min_timing libraries using the default operating condition of each library.
Total number of fetched objects 356
AAE_INFO-618: Total number of nets in the design is 360,  100.0 percent of the nets selected for SI analysis
End delay calculation. (MEM=2383.83 CPU=0:00:00.0 REAL=0:00:00.0)
End delay calculation (fullDC). (MEM=2383.83 CPU=0:00:00.0 REAL=0:00:00.0)
Loading CTE timing window with TwFlowType 0...(CPU = 0:00:00.0, REAL = 0:00:00.0, MEM = 2391.8M)
Add other clocks and setupCteToAAEClockMapping during iter 1
Loading CTE timing window is completed (CPU = 0:00:00.0, REAL = 0:00:00.0, MEM = 2391.8M)
Starting SI iteration 2
Start delay calculation (fullDC) (1 T). (MEM=2335.95)
Glitch Analysis: View best_case -- Total Number of Nets Skipped = 0. 
Glitch Analysis: View best_case -- Total Number of Nets Analyzed = 356. 
Total number of fetched objects 356
AAE_INFO-618: Total number of nets in the design is 360,  29.2 percent of the nets selected for SI analysis
End delay calculation. (MEM=2383.65 CPU=0:00:00.0 REAL=0:00:00.0)
End delay calculation (fullDC). (MEM=2383.65 CPU=0:00:00.0 REAL=0:00:00.0)
*** Done Building Timing Graph (cpu=0:00:00.3 real=0:00:01.0 totSessionCpu=0:02:14 mem=2391.7M)
Restoring timing graph ...
**WARN: (IMPCTE-290):	Could not locate cell INVX1 in any library for view best_case.
Type 'man IMPCTE-290' for more detail.
**WARN: (IMPCTE-290):	Could not locate cell INVX1 in any library for view best_case.
Type 'man IMPCTE-290' for more detail.
**WARN: (IMPCTE-290):	Could not locate cell INVX1 in any library for view best_case.
Type 'man IMPCTE-290' for more detail.
**WARN: (IMPCTE-290):	Could not locate cell INVX1 in any library for view best_case.
Type 'man IMPCTE-290' for more detail.
**WARN: (IMPCTE-290):	Could not locate cell INVX1 in any library for view best_case.
Type 'man IMPCTE-290' for more detail.
**WARN: (IMPCTE-290):	Could not locate cell INVX1 in any library for view best_case.
Type 'man IMPCTE-290' for more detail.
**WARN: (IMPCTE-290):	Could not locate cell INVX1 in any library for view best_case.
Type 'man IMPCTE-290' for more detail.
**WARN: (IMPCTE-290):	Could not locate cell INVX1 in any library for view best_case.
Type 'man IMPCTE-290' for more detail.
**WARN: (IMPCTE-290):	Could not locate cell INVX1 in any library for view best_case.
Type 'man IMPCTE-290' for more detail.
**WARN: (IMPCTE-290):	Could not locate cell INVX1 in any library for view best_case.
Type 'man IMPCTE-290' for more detail.
**WARN: (IMPCTE-290):	Could not locate cell INVX1 in any library for view best_case.
Type 'man IMPCTE-290' for more detail.
**WARN: (IMPCTE-290):	Could not locate cell INVX1 in any library for view best_case.
Type 'man IMPCTE-290' for more detail.
**WARN: (IMPCTE-290):	Could not locate cell INVX1 in any library for view best_case.
Type 'man IMPCTE-290' for more detail.
**WARN: (IMPCTE-290):	Could not locate cell INVX1 in any library for view best_case.
Type 'man IMPCTE-290' for more detail.
**WARN: (IMPCTE-290):	Could not locate cell INVX1 in any library for view best_case.
Type 'man IMPCTE-290' for more detail.
**WARN: (IMPCTE-290):	Could not locate cell INVX1 in any library for view best_case.
Type 'man IMPCTE-290' for more detail.
**WARN: (IMPCTE-290):	Could not locate cell INVX1 in any library for view best_case.
Type 'man IMPCTE-290' for more detail.
**WARN: (IMPCTE-290):	Could not locate cell INVX1 in any library for view best_case.
Type 'man IMPCTE-290' for more detail.
**WARN: (IMPCTE-290):	Could not locate cell INVX1 in any library for view best_case.
Type 'man IMPCTE-290' for more detail.
**WARN: (IMPCTE-290):	Could not locate cell INVX1 in any library for view best_case.
Type 'man IMPCTE-290' for more detail.
**WARN: (EMS-27):	Message (IMPCTE-290) has exceeded the current message display limit of 20.
To increase the message display limit, refer to the product command reference manual.
AAE_INFO: Resetting and re-constructing cache for AAE clocks ...
Done restore timing graph

------------------------------------------------------------------
     optDesign Final SI Timing Summary
------------------------------------------------------------------

Setup views included:
 worst_case 
Hold views included:
 best_case

+--------------------+---------+---------+---------+
|     Setup mode     |   all   | reg2reg | default |
+--------------------+---------+---------+---------+
|           WNS (ns):|  6.422  |  6.422  |  7.144  |
|           TNS (ns):|  0.000  |  0.000  |  0.000  |
|    Violating Paths:|    0    |    0    |    0    |
|          All Paths:|   102   |   67    |   52    |
+--------------------+---------+---------+---------+

+--------------------+---------+---------+---------+
|     Hold mode      |   all   | reg2reg | default |
+--------------------+---------+---------+---------+
|           WNS (ns):| -0.211  | -0.211  |  1.747  |
|           TNS (ns):| -8.447  | -8.447  |  0.000  |
|    Violating Paths:|   66    |   66    |    0    |
|          All Paths:|   102   |   67    |   52    |
+--------------------+---------+---------+---------+

+----------------+-------------------------------+------------------+
|                |              Real             |       Total      |
|    DRVs        +------------------+------------+------------------|
|                |  Nr nets(terms)  | Worst Vio  |  Nr nets(terms)  |
+----------------+------------------+------------+------------------+
|   max_cap      |      0 (0)       |   0.000    |      0 (0)       |
|   max_tran     |      0 (0)       |   0.000    |      0 (0)       |
|   max_fanout   |      0 (0)       |     0      |      0 (0)       |
|   max_length   |      0 (0)       |     0      |      0 (0)       |
+----------------+------------------+------------+------------------+

Density: 64.898%
       (100.000% with Fillers)
------------------------------------------------------------------
**optDesign ... cpu = 0:00:04, real = 0:00:05, mem = 2210.5M, totSessionCpu=0:02:14 **
 ReSet Options after AAE Based Opt flow 
*** Finished optDesign ***
Info: Destroy the CCOpt slew target map.
*** optDesign #3 [finish] : cpu/real = 0:00:03.8/0:00:04.7 (0.8), totSession cpu/real = 0:02:14.4/0:23:45.3 (0.1), mem = 2399.1M
<CMD> setOptMode -fixCap true -fixTran true -fixFanoutLoad true
<CMD> setDelayCalMode -engine default -siAware true
<CMD> optDesign -postRoute -hold
**optDesign ... cpu = 0:00:00, real = 0:00:00, mem = 2124.4M, totSessionCpu=0:02:15 **
*** optDesign #4 [begin] : totSession cpu/real = 0:02:14.7/0:23:48.9 (0.1), mem = 2337.1M
GigaOpt running with 1 threads.
*** InitOpt #1 [begin] (optDesign #4) : totSession cpu/real = 0:02:14.7/0:23:48.9 (0.1), mem = 2337.1M
**INFO: User settings:
setNanoRouteMode -drouteEndIteration                            1
setNanoRouteMode -droutePostRouteSpreadWire                     1
setNanoRouteMode -droutePostRouteWidenWireRule                  LEFDefaultRouteSpec_gpdk090
setNanoRouteMode -extractThirdPartyCompatible                   false
setNanoRouteMode -grouteExpTdUseTifTimingEngineForImportDesign  true
setNanoRouteMode -routeBottomRoutingLayer                       1
setNanoRouteMode -routeTopRoutingLayer                          9
setNanoRouteMode -routeWithSiDriven                             false
setNanoRouteMode -routeWithTimingDriven                         false
setNanoRouteMode -timingEngine                                  {}
setExtractRCMode -coupled                                       true
setExtractRCMode -engine                                        postRoute
setExtractRCMode -noCleanRCDB                                   true
setExtractRCMode -nrNetInMemory                                 100000
setUsefulSkewMode -ecoRoute                                     false
setUsefulSkewMode -maxAllowedDelay                              1
setUsefulSkewMode -noBoundary                                   false
setDelayCalMode -enable_high_fanout                             true
setDelayCalMode -engine                                         aae
setDelayCalMode -ignoreNetLoad                                  false
setDelayCalMode -SIAware                                        true
setDelayCalMode -socv_accuracy_mode                             low
setOptMode -activeHoldViews                                     { best_case }
setOptMode -activeSetupViews                                    { worst_case }
setOptMode -autoHoldViews                                       { best_case}
setOptMode -autoSetupViews                                      { worst_case}
setOptMode -autoTDGRSetupViews                                  { worst_case}
setOptMode -autoViewHoldTargetSlack                             0
setOptMode -deleteInst                                          true
setOptMode -drcMargin                                           0
setOptMode -fixCap                                              true
setOptMode -fixFanoutLoad                                       true
setOptMode -fixTran                                             true
setOptMode -preserveAllSequential                               false
setOptMode -setupTargetSlack                                    0
setSIMode -separate_delta_delay_on_data                         true
setPlaceMode -place_design_floorplan_mode                       false
setPlaceMode -place_detail_check_route                          false
setPlaceMode -place_detail_preserve_routing                     true
setPlaceMode -place_detail_remove_affected_routing              false
setPlaceMode -place_detail_swap_eeq_cells                       false
setPlaceMode -place_global_clock_gate_aware                     true
setPlaceMode -place_global_cong_effort                          auto
setPlaceMode -place_global_ignore_scan                          true
setPlaceMode -place_global_ignore_spare                         false
setPlaceMode -place_global_module_aware_spare                   false
setPlaceMode -place_global_place_io_pins                        true
setPlaceMode -place_global_reorder_scan                         true
setPlaceMode -powerDriven                                       false
setPlaceMode -timingDriven                                      true
setAnalysisMode -analysisType                                   onChipVariation
setAnalysisMode -checkType                                      setup
setAnalysisMode -clkSrcPath                                     true
setAnalysisMode -clockGatingCheck                               true
setAnalysisMode -clockPropagation                               sdcControl
setAnalysisMode -cppr                                           both
setAnalysisMode -enableMultipleDriveNet                         true
setAnalysisMode -log                                            true
setAnalysisMode -sequentialConstProp                            false
setAnalysisMode -skew                                           true
setAnalysisMode -timeBorrowing                                  true
setAnalysisMode -timingSelfLoopsNoSkew                          false
setAnalysisMode -usefulSkew                                     false
setAnalysisMode -useOutputPinCap                                true
setAnalysisMode -virtualIPO                                     false
setAnalysisMode -warn                                           true

**INFO: setDesignMode -flowEffort standard -> setting 'setOptMode -allEndPoints true' for the duration of this command.
Disable merging buffers from different footprints for postRoute code for non-MSV designs
Need call spDPlaceInit before registerPrioInstLoc.
**WARN: (IMPOPT-7320):	Glitch fixing is enabled but glitch report is disabled. Glitch reporting can be enabled using command setSIMode -enable_glitch_report true
**optDesign ... cpu = 0:00:00, real = 0:00:01, mem = 2085.9M, totSessionCpu=0:02:15 **
Existing Dirty Nets : 0
New Signature Flow (optDesignCheckOptions) ....
#Taking db snapshot
#Taking db snapshot ... done
Begin checking placement ... (start mem=2314.2M, init mem=2314.2M)
*info: Placed = 880           
*info: Unplaced = 0           
Placement Density:100.00%(3480/3480)
Placement Density (including fixed std cells):100.00%(3480/3480)
Finished checkPlace (total: cpu=0:00:00.0, real=0:00:00.0; vio checks: cpu=0:00:00.0, real=0:00:00.0; mem=2314.2M)
 Initial DC engine is -> aae
 
 AAE-Opt:: Current number of nets in RC Memory -> 100 K
 
 
 AAE-Opt:: New number of nets in RC Memory -> 100 K
 
Reset EOS DB
Ignoring AAE DB Resetting ...
 Set Options for AAE Based Opt flow 
*** optDesign -postRoute ***
DRC Margin: user margin 0.0; extra margin 0
Setup Target Slack: user slack 0
Hold Target Slack: user slack 0
*** InitOpt #1 [finish] (optDesign #4) : cpu/real = 0:00:00.5/0:00:00.5 (1.0), totSession cpu/real = 0:02:15.2/0:23:49.4 (0.1), mem = 2314.2M
Include MVT Delays for Hold Opt
** INFO : this run is activating 'postRoute' automaton
**INFO: flowCheckPoint #4 InitialSummary
Extraction called for design 'alarm_clock_top' of instances=880 and nets=360 using extraction engine 'postRoute' at effort level 'low' .
**WARN: (IMPEXT-3530):	The process node is not set. Use the command setDesignMode -process <process node> prior to extraction for maximum accuracy and optimal automatic threshold setting.
Type 'man IMPEXT-3530' for more detail.
PostRoute (effortLevel low) RC Extraction called for design alarm_clock_top.
RC Extraction called in multi-corner(1) mode.
Process corner(s) are loaded.
 Corner: rc_corners
extractDetailRC Option : -outfile /tmp/innovus_temp_39186_ic312.vit.ac.in_vlsi_pFhszA/alarm_clock_top_39186_HP4NU8.rcdb.d -maxResLength 200  -extended
RC Mode: PostRoute -effortLevel low [Extended CapTable, RC Table Resistances]
      RC Corner Indexes            0   
Capacitance Scaling Factor   : 1.00000 
Coupling Cap. Scaling Factor : 1.00000 
Resistance Scaling Factor    : 1.00000 
Clock Cap. Scaling Factor    : 1.00000 
Clock Res. Scaling Factor    : 1.00000 
Shrink Factor                : 1.00000
Initializing multi-corner capacitance tables ... 
Initializing multi-corner resistance tables ...
Checking LVS Completed (CPU Time= 0:00:00.0  MEM= 2306.2M)
Extracted 10.051% (CPU Time= 0:00:00.0  MEM= 2334.2M)
Extracted 20.0628% (CPU Time= 0:00:00.0  MEM= 2334.2M)
Extracted 30.0746% (CPU Time= 0:00:00.0  MEM= 2358.2M)
Extracted 40.0471% (CPU Time= 0:00:00.0  MEM= 2358.2M)
Extracted 50.0589% (CPU Time= 0:00:00.0  MEM= 2358.2M)
Extracted 60.0707% (CPU Time= 0:00:00.0  MEM= 2358.2M)
Extracted 70.0432% (CPU Time= 0:00:00.0  MEM= 2358.2M)
Extracted 80.055% (CPU Time= 0:00:00.0  MEM= 2358.2M)
Extracted 90.0667% (CPU Time= 0:00:00.0  MEM= 2358.2M)
Extracted 100% (CPU Time= 0:00:00.0  MEM= 2358.2M)
Number of Extracted Resistors     : 4522
Number of Extracted Ground Cap.   : 4640
Number of Extracted Coupling Cap. : 5428
Filtering XCap in 'relativeOnly' mode using values relative_c_threshold=0.03 and total_c_threshold=5fF.
 Corner: rc_corners
Checking LVS Completed (CPU Time= 0:00:00.0  MEM= 2326.9M)
PostRoute (effortLevel low) RC Extraction DONE (CPU Time: 0:00:00.2  Real Time: 0:00:00.0  MEM: 2334.895M)
**ERROR: (IMPOPT-310):	Design density (100.00%) exceeds/equals limit (95.00%).
**INFO: flowCheckPoint #5 OptimizationHold
**ERROR: (IMPOPT-310):	Design density (100.00%) exceeds/equals limit (95.00%).
GigaOpt Hold Optimizer is used
Initializing multi-corner capacitance tables ... 
Initializing multi-corner resistance tables ...
Starting initialization (fixHold) cpu=0:00:00.0 real=0:00:00.0 totSessionCpu=0:02:16 mem=2317.2M ***
*** BuildHoldData #1 [begin] (optDesign #4) : totSession cpu/real = 0:02:15.8/0:23:50.3 (0.1), mem = 2317.2M
Starting delay calculation for Hold views
AAE_INFO: opIsDesignInPostRouteState() is 1
AAE_INFO: resetNetProps viewIdx 1 
Starting SI iteration 1 using Infinite Timing Windows
#################################################################################
# Design Stage: PostRoute
# Design Name: alarm_clock_top
# Design Mode: 90nm
# Analysis Mode: MMMC OCV 
# Parasitics Mode: SPEF/RCDB 
# Signoff Settings: SI On 
#################################################################################
AAE_INFO: 1 threads acquired from CTE.
Start delay calculation (fullDC) (1 T). (MEM=2315.17)
*** Calculating scaling factor for min_timing libraries using the default operating condition of each library.
Total number of fetched objects 356
AAE_INFO-618: Total number of nets in the design is 360,  100.0 percent of the nets selected for SI analysis
End delay calculation. (MEM=2342.47 CPU=0:00:00.0 REAL=0:00:00.0)
End delay calculation (fullDC). (MEM=2342.47 CPU=0:00:00.0 REAL=0:00:00.0)
Loading CTE timing window with TwFlowType 0...(CPU = 0:00:00.0, REAL = 0:00:00.0, MEM = 2350.5M)
Add other clocks and setupCteToAAEClockMapping during iter 1
Loading CTE timing window is completed (CPU = 0:00:00.0, REAL = 0:00:00.0, MEM = 2350.5M)

Executing IPO callback for view pruning ..
Starting SI iteration 2
Start delay calculation (fullDC) (1 T). (MEM=2280.59)
Glitch Analysis: View best_case -- Total Number of Nets Skipped = 0. 
Glitch Analysis: View best_case -- Total Number of Nets Analyzed = 356. 
Total number of fetched objects 356
AAE_INFO-618: Total number of nets in the design is 360,  29.2 percent of the nets selected for SI analysis
End delay calculation. (MEM=2323.27 CPU=0:00:00.0 REAL=0:00:00.0)
End delay calculation (fullDC). (MEM=2323.27 CPU=0:00:00.0 REAL=0:00:00.0)
*** Done Building Timing Graph (cpu=0:00:00.3 real=0:00:00.0 totSessionCpu=0:02:16 mem=2331.3M)
Done building cte hold timing graph (fixHold) cpu=0:00:00.4 real=0:00:00.0 totSessionCpu=0:02:16 mem=2331.3M ***
Done building hold timer [1184 node(s), 1454 edge(s), 1 view(s)] (fixHold) cpu=0:00:00.4 real=0:00:00.0 totSessionCpu=0:02:16 mem=2346.5M ***
Starting delay calculation for Setup views
AAE_INFO: opIsDesignInPostRouteState() is 1
AAE_INFO: resetNetProps viewIdx 0 
Starting SI iteration 1 using Infinite Timing Windows
#################################################################################
# Design Stage: PostRoute
# Design Name: alarm_clock_top
# Design Mode: 90nm
# Analysis Mode: MMMC OCV 
# Parasitics Mode: SPEF/RCDB 
# Signoff Settings: SI On 
#################################################################################
AAE_INFO: 1 threads acquired from CTE.
Start delay calculation (fullDC) (1 T). (MEM=2318.8)
*** Calculating scaling factor for max_timing libraries using the default operating condition of each library.
Total number of fetched objects 356
AAE_INFO-618: Total number of nets in the design is 360,  100.0 percent of the nets selected for SI analysis
End delay calculation. (MEM=2315.15 CPU=0:00:00.0 REAL=0:00:00.0)
End delay calculation (fullDC). (MEM=2315.15 CPU=0:00:00.0 REAL=0:00:00.0)
Loading CTE timing window with TwFlowType 0...(CPU = 0:00:00.0, REAL = 0:00:00.0, MEM = 2323.2M)
Add other clocks and setupCteToAAEClockMapping during iter 1
Loading CTE timing window is completed (CPU = 0:00:00.0, REAL = 0:00:00.0, MEM = 2323.2M)

Executing IPO callback for view pruning ..
Starting SI iteration 2
Start delay calculation (fullDC) (1 T). (MEM=2279.27)
Glitch Analysis: View worst_case -- Total Number of Nets Skipped = 0. 
Glitch Analysis: View worst_case -- Total Number of Nets Analyzed = 356. 
Total number of fetched objects 356
AAE_INFO-618: Total number of nets in the design is 360,  0.3 percent of the nets selected for SI analysis
End delay calculation. (MEM=2321.95 CPU=0:00:00.0 REAL=0:00:00.0)
End delay calculation (fullDC). (MEM=2321.95 CPU=0:00:00.0 REAL=0:00:00.0)
*** Done Building Timing Graph (cpu=0:00:00.3 real=0:00:00.0 totSessionCpu=0:02:17 mem=2329.9M)
Done building cte setup timing graph (fixHold) cpu=0:00:00.8 real=0:00:00.0 totSessionCpu=0:02:17 mem=2329.9M ***
OPTC: m1 20.0 20.0
Setting latch borrow mode to budget during optimization.

*Info: minBufDelay = 99.6 ps, libStdDelay = 36.0 ps, minBufSize = 18165600 (6.0)
*Info: worst delay setup view: worst_case

------------------------------------------------------------------
     Hold Opt Initial Summary
------------------------------------------------------------------

Setup views included:
 worst_case
Hold views included:
 best_case

+--------------------+---------+---------+---------+
|     Setup mode     |   all   | reg2reg | default |
+--------------------+---------+---------+---------+
|           WNS (ns):|  6.422  |  6.422  |  7.144  |
|           TNS (ns):|  0.000  |  0.000  |  0.000  |
|    Violating Paths:|    0    |    0    |    0    |
|          All Paths:|   102   |   67    |   52    |
+--------------------+---------+---------+---------+

+--------------------+---------+---------+---------+
|     Hold mode      |   all   | reg2reg | default |
+--------------------+---------+---------+---------+
|           WNS (ns):| -0.211  | -0.211  |  1.747  |
|           TNS (ns):| -8.447  | -8.447  |  0.000  |
|    Violating Paths:|   66    |   66    |    0    |
|          All Paths:|   102   |   67    |   52    |
+--------------------+---------+---------+---------+

+----------------+-------------------------------+------------------+
|                |              Real             |       Total      |
|    DRVs        +------------------+------------+------------------|
|                |  Nr nets(terms)  | Worst Vio  |  Nr nets(terms)  |
+----------------+------------------+------------+------------------+
|   max_cap      |      0 (0)       |   0.000    |      0 (0)       |
|   max_tran     |      0 (0)       |   0.000    |      0 (0)       |
|   max_fanout   |      0 (0)       |     0      |      0 (0)       |
|   max_length   |      0 (0)       |     0      |      0 (0)       |
+----------------+------------------+------------+------------------+

Density: 64.898%
       (100.000% with Fillers)
------------------------------------------------------------------
**optDesign ... cpu = 0:00:03, real = 0:00:03, mem = 2101.1M, totSessionCpu=0:02:17 **
*** BuildHoldData #1 [finish] (optDesign #4) : cpu/real = 0:00:01.6/0:00:01.7 (1.0), totSession cpu/real = 0:02:17.5/0:23:52.0 (0.1), mem = 2325.3M
*** HoldOpt #1 [begin] (optDesign #4) : totSession cpu/real = 0:02:17.5/0:23:52.0 (0.1), mem = 2325.3M
*info: Run optDesign holdfix with 1 thread.
Info: 0 don't touch net , 1 undriven net  excluded from IPO operation.
Info: 1 clock net  excluded from IPO operation.
Info: Done creating the CCOpt slew target map.

*** Starting Core Fixing (fixHold) cpu=0:00:01.7 real=0:00:01.0 totSessionCpu=0:02:18 mem=2502.2M density=100.000% ***

Phase I ......
Executing transform: ECO Safe Resize
+----+--------+---------+--------+-----------+----------------+---------+------------+---------+
|Iter|  WNS   |  TNS    |  #VP   |  #Buffer  |  #Resize(F/F)  | Density |    Real    |   Mem   |
+----+--------+---------+--------+-----------+----------------+---------+------------+---------+
**Info: Stopping hold fixing due to density exceeding max design density 95.000%
|   0|  -0.211|    -8.45|      66|          0|       0(     0)|  100.00%|   0:00:00.0|  2502.2M|
+----+--------+---------+--------+-----------+----------------+---------+------------+---------+
Executing transform: AddBuffer + LegalResize
+----+--------+---------+--------+-----------+----------------+---------+------------+---------+
|Iter|  WNS   |  TNS    |  #VP   |  #Buffer  |  #Resize(F/F)  | Density |    Real    |   Mem   |
+----+--------+---------+--------+-----------+----------------+---------+------------+---------+
**Info: Stopping hold fixing due to density exceeding max design density 95.000%
|   0|  -0.211|    -8.45|      66|          0|       0(     0)|  100.00%|   0:00:00.0|  2502.2M|
+----+--------+---------+--------+-----------+----------------+---------+------------+---------+


=======================================================================
                Reasons for remaining hold violations
=======================================================================
*info: Total 289 net(s) have violated hold timing slacks.

Buffering failure reasons
------------------------------------------------

Resizing failure reasons
------------------------------------------------


*** Finished Core Fixing (fixHold) cpu=0:00:01.8 real=0:00:01.0 totSessionCpu=0:02:18 mem=2502.2M density=100.000% ***


*** Finish Post Route Hold Fixing (cpu=0:00:01.8 real=0:00:01.0 totSessionCpu=0:02:18 mem=2502.2M density=100.000%) ***
**INFO: total 0 insts, 0 nets marked don't touch
**INFO: total 0 insts, 0 nets marked don't touch DB property
**INFO: total 0 insts, 0 nets unmarked don't touch

*** HoldOpt #1 [finish] (optDesign #4) : cpu/real = 0:00:00.1/0:00:00.2 (0.7), totSession cpu/real = 0:02:17.6/0:23:52.1 (0.1), mem = 2406.1M
Running postRoute recovery in preEcoRoute mode
**optDesign ... cpu = 0:00:03, real = 0:00:03, mem = 2189.4M, totSessionCpu=0:02:18 **
Checking DRV degradation...
**INFO: Skipping DRV recovery as drv did not degrade beyond margin
Finish postRoute recovery in preEcoRoute mode (cpu=0:00:00, real=0:00:00, mem=2406.26M, totSessionCpu=0:02:18).
**optDesign ... cpu = 0:00:03, real = 0:00:03, mem = 2189.4M, totSessionCpu=0:02:18 **

**INFO: Skipping refine place as no legal commits were detected
Latch borrow mode reset to max_borrow
**INFO: flowCheckPoint #6 FinalSummary
Reported timing to dir ./timingReports
**optDesign ... cpu = 0:00:03, real = 0:00:03, mem = 2187.3M, totSessionCpu=0:02:18 **
Saving timing graph ...
Done save timing graph
Starting delay calculation for Hold views
AAE_INFO: opIsDesignInPostRouteState() is 1
AAE_INFO: resetNetProps viewIdx 1 
Starting SI iteration 1 using Infinite Timing Windows
#################################################################################
# Design Stage: PostRoute
# Design Name: alarm_clock_top
# Design Mode: 90nm
# Analysis Mode: MMMC OCV 
# Parasitics Mode: SPEF/RCDB 
# Signoff Settings: SI On 
#################################################################################
AAE_INFO: 1 threads acquired from CTE.
Start delay calculation (fullDC) (1 T). (MEM=2409.21)
*** Calculating scaling factor for min_timing libraries using the default operating condition of each library.
Total number of fetched objects 356
AAE_INFO-618: Total number of nets in the design is 360,  100.0 percent of the nets selected for SI analysis
End delay calculation. (MEM=2408.64 CPU=0:00:00.0 REAL=0:00:00.0)
End delay calculation (fullDC). (MEM=2408.64 CPU=0:00:00.0 REAL=0:00:00.0)
Loading CTE timing window with TwFlowType 0...(CPU = 0:00:00.0, REAL = 0:00:00.0, MEM = 2416.6M)
Add other clocks and setupCteToAAEClockMapping during iter 1
Loading CTE timing window is completed (CPU = 0:00:00.0, REAL = 0:00:00.0, MEM = 2416.6M)
Starting SI iteration 2
Start delay calculation (fullDC) (1 T). (MEM=2363.75)
Glitch Analysis: View best_case -- Total Number of Nets Skipped = 0. 
Glitch Analysis: View best_case -- Total Number of Nets Analyzed = 356. 
Total number of fetched objects 356
AAE_INFO-618: Total number of nets in the design is 360,  29.2 percent of the nets selected for SI analysis
End delay calculation. (MEM=2410.46 CPU=0:00:00.0 REAL=0:00:00.0)
End delay calculation (fullDC). (MEM=2410.46 CPU=0:00:00.0 REAL=0:00:00.0)
*** Done Building Timing Graph (cpu=0:00:00.3 real=0:00:00.0 totSessionCpu=0:02:18 mem=2418.5M)
Restoring timing graph ...
**WARN: (IMPCTE-290):	Could not locate cell INVX1 in any library for view best_case.
Type 'man IMPCTE-290' for more detail.
**WARN: (IMPCTE-290):	Could not locate cell INVX1 in any library for view best_case.
Type 'man IMPCTE-290' for more detail.
**WARN: (IMPCTE-290):	Could not locate cell INVX1 in any library for view best_case.
Type 'man IMPCTE-290' for more detail.
**WARN: (IMPCTE-290):	Could not locate cell INVX1 in any library for view best_case.
Type 'man IMPCTE-290' for more detail.
**WARN: (IMPCTE-290):	Could not locate cell INVX1 in any library for view best_case.
Type 'man IMPCTE-290' for more detail.
**WARN: (IMPCTE-290):	Could not locate cell INVX1 in any library for view best_case.
Type 'man IMPCTE-290' for more detail.
**WARN: (IMPCTE-290):	Could not locate cell INVX1 in any library for view best_case.
Type 'man IMPCTE-290' for more detail.
**WARN: (IMPCTE-290):	Could not locate cell INVX1 in any library for view best_case.
Type 'man IMPCTE-290' for more detail.
**WARN: (IMPCTE-290):	Could not locate cell INVX1 in any library for view best_case.
Type 'man IMPCTE-290' for more detail.
**WARN: (IMPCTE-290):	Could not locate cell INVX1 in any library for view best_case.
Type 'man IMPCTE-290' for more detail.
**WARN: (IMPCTE-290):	Could not locate cell INVX1 in any library for view best_case.
Type 'man IMPCTE-290' for more detail.
**WARN: (IMPCTE-290):	Could not locate cell INVX1 in any library for view best_case.
Type 'man IMPCTE-290' for more detail.
**WARN: (IMPCTE-290):	Could not locate cell INVX1 in any library for view best_case.
Type 'man IMPCTE-290' for more detail.
**WARN: (IMPCTE-290):	Could not locate cell INVX1 in any library for view best_case.
Type 'man IMPCTE-290' for more detail.
**WARN: (IMPCTE-290):	Could not locate cell INVX1 in any library for view best_case.
Type 'man IMPCTE-290' for more detail.
**WARN: (IMPCTE-290):	Could not locate cell INVX1 in any library for view best_case.
Type 'man IMPCTE-290' for more detail.
**WARN: (IMPCTE-290):	Could not locate cell INVX1 in any library for view best_case.
Type 'man IMPCTE-290' for more detail.
**WARN: (IMPCTE-290):	Could not locate cell INVX1 in any library for view best_case.
Type 'man IMPCTE-290' for more detail.
**WARN: (IMPCTE-290):	Could not locate cell INVX1 in any library for view best_case.
Type 'man IMPCTE-290' for more detail.
**WARN: (IMPCTE-290):	Could not locate cell INVX1 in any library for view best_case.
Type 'man IMPCTE-290' for more detail.
**WARN: (EMS-27):	Message (IMPCTE-290) has exceeded the current message display limit of 20.
To increase the message display limit, refer to the product command reference manual.
AAE_INFO: Resetting and re-constructing cache for AAE clocks ...
Done restore timing graph

------------------------------------------------------------------
     optDesign Final SI Timing Summary
------------------------------------------------------------------

Setup views included:
 worst_case 
Hold views included:
 best_case

+--------------------+---------+---------+---------+
|     Setup mode     |   all   | reg2reg | default |
+--------------------+---------+---------+---------+
|           WNS (ns):|  6.422  |  6.422  |  7.144  |
|           TNS (ns):|  0.000  |  0.000  |  0.000  |
|    Violating Paths:|    0    |    0    |    0    |
|          All Paths:|   102   |   67    |   52    |
+--------------------+---------+---------+---------+

+--------------------+---------+---------+---------+
|     Hold mode      |   all   | reg2reg | default |
+--------------------+---------+---------+---------+
|           WNS (ns):| -0.211  | -0.211  |  1.747  |
|           TNS (ns):| -8.447  | -8.447  |  0.000  |
|    Violating Paths:|   66    |   66    |    0    |
|          All Paths:|   102   |   67    |   52    |
+--------------------+---------+---------+---------+

+----------------+-------------------------------+------------------+
|                |              Real             |       Total      |
|    DRVs        +------------------+------------+------------------|
|                |  Nr nets(terms)  | Worst Vio  |  Nr nets(terms)  |
+----------------+------------------+------------+------------------+
|   max_cap      |      0 (0)       |   0.000    |      0 (0)       |
|   max_tran     |      0 (0)       |   0.000    |      0 (0)       |
|   max_fanout   |      0 (0)       |     0      |      0 (0)       |
|   max_length   |      0 (0)       |     0      |      0 (0)       |
+----------------+------------------+------------+------------------+

Density: 64.898%
       (100.000% with Fillers)
------------------------------------------------------------------
**optDesign ... cpu = 0:00:04, real = 0:00:05, mem = 2227.9M, totSessionCpu=0:02:19 **
 ReSet Options after AAE Based Opt flow 
*** Finished optDesign ***
Info: Destroy the CCOpt slew target map.
*** optDesign #4 [finish] : cpu/real = 0:00:03.8/0:00:04.7 (0.8), totSession cpu/real = 0:02:18.5/0:23:53.6 (0.1), mem = 2427.9M
<CMD> setOptMode -fixCap true -fixTran true -fixFanoutLoad true
<CMD> setDelayCalMode -engine default -siAware true
<CMD> optDesign -postRoute -hold
**optDesign ... cpu = 0:00:00, real = 0:00:00, mem = 2143.3M, totSessionCpu=0:02:48 **
*** optDesign #5 [begin] : totSession cpu/real = 0:02:48.3/0:30:55.2 (0.1), mem = 2358.9M
GigaOpt running with 1 threads.
*** InitOpt #1 [begin] (optDesign #5) : totSession cpu/real = 0:02:48.3/0:30:55.2 (0.1), mem = 2358.9M
**INFO: User settings:
setNanoRouteMode -drouteEndIteration                            1
setNanoRouteMode -droutePostRouteSpreadWire                     1
setNanoRouteMode -droutePostRouteWidenWireRule                  LEFDefaultRouteSpec_gpdk090
setNanoRouteMode -extractThirdPartyCompatible                   false
setNanoRouteMode -grouteExpTdUseTifTimingEngineForImportDesign  true
setNanoRouteMode -routeBottomRoutingLayer                       1
setNanoRouteMode -routeTopRoutingLayer                          9
setNanoRouteMode -routeWithSiDriven                             false
setNanoRouteMode -routeWithTimingDriven                         false
setNanoRouteMode -timingEngine                                  {}
setExtractRCMode -coupled                                       true
setExtractRCMode -engine                                        postRoute
setExtractRCMode -noCleanRCDB                                   true
setExtractRCMode -nrNetInMemory                                 100000
setUsefulSkewMode -ecoRoute                                     false
setUsefulSkewMode -maxAllowedDelay                              1
setUsefulSkewMode -noBoundary                                   false
setDelayCalMode -enable_high_fanout                             true
setDelayCalMode -engine                                         aae
setDelayCalMode -ignoreNetLoad                                  false
setDelayCalMode -SIAware                                        true
setDelayCalMode -socv_accuracy_mode                             low
setOptMode -activeHoldViews                                     { best_case }
setOptMode -activeSetupViews                                    { worst_case }
setOptMode -autoHoldViews                                       { best_case}
setOptMode -autoSetupViews                                      { worst_case}
setOptMode -autoTDGRSetupViews                                  { worst_case}
setOptMode -autoViewHoldTargetSlack                             0
setOptMode -deleteInst                                          true
setOptMode -drcMargin                                           0
setOptMode -fixCap                                              true
setOptMode -fixFanoutLoad                                       true
setOptMode -fixTran                                             true
setOptMode -preserveAllSequential                               false
setOptMode -setupTargetSlack                                    0
setSIMode -separate_delta_delay_on_data                         true
setPlaceMode -place_design_floorplan_mode                       false
setPlaceMode -place_detail_check_route                          false
setPlaceMode -place_detail_preserve_routing                     true
setPlaceMode -place_detail_remove_affected_routing              false
setPlaceMode -place_detail_swap_eeq_cells                       false
setPlaceMode -place_global_clock_gate_aware                     true
setPlaceMode -place_global_cong_effort                          auto
setPlaceMode -place_global_ignore_scan                          true
setPlaceMode -place_global_ignore_spare                         false
setPlaceMode -place_global_module_aware_spare                   false
setPlaceMode -place_global_place_io_pins                        true
setPlaceMode -place_global_reorder_scan                         true
setPlaceMode -powerDriven                                       false
setPlaceMode -timingDriven                                      true
setAnalysisMode -analysisType                                   onChipVariation
setAnalysisMode -checkType                                      setup
setAnalysisMode -clkSrcPath                                     true
setAnalysisMode -clockGatingCheck                               true
setAnalysisMode -clockPropagation                               sdcControl
setAnalysisMode -cppr                                           both
setAnalysisMode -enableMultipleDriveNet                         true
setAnalysisMode -log                                            true
setAnalysisMode -sequentialConstProp                            false
setAnalysisMode -skew                                           true
setAnalysisMode -timeBorrowing                                  true
setAnalysisMode -timingSelfLoopsNoSkew                          false
setAnalysisMode -usefulSkew                                     false
setAnalysisMode -useOutputPinCap                                true
setAnalysisMode -virtualIPO                                     false
setAnalysisMode -warn                                           true

**INFO: setDesignMode -flowEffort standard -> setting 'setOptMode -allEndPoints true' for the duration of this command.
Disable merging buffers from different footprints for postRoute code for non-MSV designs
Need call spDPlaceInit before registerPrioInstLoc.
**WARN: (IMPOPT-7320):	Glitch fixing is enabled but glitch report is disabled. Glitch reporting can be enabled using command setSIMode -enable_glitch_report true
**optDesign ... cpu = 0:00:00, real = 0:00:01, mem = 2104.5M, totSessionCpu=0:02:49 **
Existing Dirty Nets : 0
New Signature Flow (optDesignCheckOptions) ....
#Taking db snapshot
#Taking db snapshot ... done
Begin checking placement ... (start mem=2336.0M, init mem=2336.0M)
*info: Placed = 880           
*info: Unplaced = 0           
Placement Density:100.00%(3480/3480)
Placement Density (including fixed std cells):100.00%(3480/3480)
Finished checkPlace (total: cpu=0:00:00.0, real=0:00:00.0; vio checks: cpu=0:00:00.0, real=0:00:00.0; mem=2336.0M)
 Initial DC engine is -> aae
 
 AAE-Opt:: Current number of nets in RC Memory -> 100 K
 
 
 AAE-Opt:: New number of nets in RC Memory -> 100 K
 
Reset EOS DB
Ignoring AAE DB Resetting ...
 Set Options for AAE Based Opt flow 
*** optDesign -postRoute ***
DRC Margin: user margin 0.0; extra margin 0
Setup Target Slack: user slack 0
Hold Target Slack: user slack 0
*** InitOpt #1 [finish] (optDesign #5) : cpu/real = 0:00:00.5/0:00:00.5 (1.0), totSession cpu/real = 0:02:48.8/0:30:55.7 (0.1), mem = 2334.0M
Include MVT Delays for Hold Opt
** INFO : this run is activating 'postRoute' automaton
**INFO: flowCheckPoint #7 InitialSummary
Extraction called for design 'alarm_clock_top' of instances=880 and nets=360 using extraction engine 'postRoute' at effort level 'low' .
**WARN: (IMPEXT-3530):	The process node is not set. Use the command setDesignMode -process <process node> prior to extraction for maximum accuracy and optimal automatic threshold setting.
Type 'man IMPEXT-3530' for more detail.
PostRoute (effortLevel low) RC Extraction called for design alarm_clock_top.
RC Extraction called in multi-corner(1) mode.
Process corner(s) are loaded.
 Corner: rc_corners
extractDetailRC Option : -outfile /tmp/innovus_temp_39186_ic312.vit.ac.in_vlsi_pFhszA/alarm_clock_top_39186_HP4NU8.rcdb.d -maxResLength 200  -extended
RC Mode: PostRoute -effortLevel low [Extended CapTable, RC Table Resistances]
      RC Corner Indexes            0   
Capacitance Scaling Factor   : 1.00000 
Coupling Cap. Scaling Factor : 1.00000 
Resistance Scaling Factor    : 1.00000 
Clock Cap. Scaling Factor    : 1.00000 
Clock Res. Scaling Factor    : 1.00000 
Shrink Factor                : 1.00000
Initializing multi-corner capacitance tables ... 
Initializing multi-corner resistance tables ...
Checking LVS Completed (CPU Time= 0:00:00.0  MEM= 2328.0M)
Extracted 10.051% (CPU Time= 0:00:00.0  MEM= 2356.0M)
Extracted 20.0628% (CPU Time= 0:00:00.0  MEM= 2356.0M)
Extracted 30.0746% (CPU Time= 0:00:00.0  MEM= 2380.0M)
Extracted 40.0471% (CPU Time= 0:00:00.0  MEM= 2380.0M)
Extracted 50.0589% (CPU Time= 0:00:00.0  MEM= 2380.0M)
Extracted 60.0707% (CPU Time= 0:00:00.0  MEM= 2380.0M)
Extracted 70.0432% (CPU Time= 0:00:00.0  MEM= 2380.0M)
Extracted 80.055% (CPU Time= 0:00:00.0  MEM= 2380.0M)
Extracted 90.0667% (CPU Time= 0:00:00.0  MEM= 2380.0M)
Extracted 100% (CPU Time= 0:00:00.0  MEM= 2380.0M)
Number of Extracted Resistors     : 4522
Number of Extracted Ground Cap.   : 4640
Number of Extracted Coupling Cap. : 5428
Filtering XCap in 'relativeOnly' mode using values relative_c_threshold=0.03 and total_c_threshold=5fF.
 Corner: rc_corners
Checking LVS Completed (CPU Time= 0:00:00.0  MEM= 2348.7M)
PostRoute (effortLevel low) RC Extraction DONE (CPU Time: 0:00:00.2  Real Time: 0:00:00.0  MEM: 2356.699M)
**ERROR: (IMPOPT-310):	Design density (100.00%) exceeds/equals limit (95.00%).
**INFO: flowCheckPoint #8 OptimizationHold
**ERROR: (IMPOPT-310):	Design density (100.00%) exceeds/equals limit (95.00%).
GigaOpt Hold Optimizer is used
Initializing multi-corner capacitance tables ... 
Initializing multi-corner resistance tables ...
Starting initialization (fixHold) cpu=0:00:00.0 real=0:00:00.0 totSessionCpu=0:02:49 mem=2339.0M ***
*** BuildHoldData #1 [begin] (optDesign #5) : totSession cpu/real = 0:02:49.5/0:30:56.6 (0.1), mem = 2339.0M
Starting delay calculation for Hold views
AAE_INFO: opIsDesignInPostRouteState() is 1
AAE_INFO: resetNetProps viewIdx 1 
Starting SI iteration 1 using Infinite Timing Windows
#################################################################################
# Design Stage: PostRoute
# Design Name: alarm_clock_top
# Design Mode: 90nm
# Analysis Mode: MMMC OCV 
# Parasitics Mode: SPEF/RCDB 
# Signoff Settings: SI On 
#################################################################################
AAE_INFO: 1 threads acquired from CTE.
Start delay calculation (fullDC) (1 T). (MEM=2336.97)
*** Calculating scaling factor for min_timing libraries using the default operating condition of each library.
Total number of fetched objects 356
AAE_INFO-618: Total number of nets in the design is 360,  100.0 percent of the nets selected for SI analysis
End delay calculation. (MEM=2364.28 CPU=0:00:00.0 REAL=0:00:00.0)
End delay calculation (fullDC). (MEM=2364.28 CPU=0:00:00.1 REAL=0:00:00.0)
Loading CTE timing window with TwFlowType 0...(CPU = 0:00:00.0, REAL = 0:00:00.0, MEM = 2372.3M)
Add other clocks and setupCteToAAEClockMapping during iter 1
Loading CTE timing window is completed (CPU = 0:00:00.0, REAL = 0:00:00.0, MEM = 2372.3M)

Executing IPO callback for view pruning ..
Starting SI iteration 2
Start delay calculation (fullDC) (1 T). (MEM=2303.39)
Glitch Analysis: View best_case -- Total Number of Nets Skipped = 0. 
Glitch Analysis: View best_case -- Total Number of Nets Analyzed = 356. 
Total number of fetched objects 356
AAE_INFO-618: Total number of nets in the design is 360,  29.2 percent of the nets selected for SI analysis
End delay calculation. (MEM=2346.07 CPU=0:00:00.0 REAL=0:00:00.0)
End delay calculation (fullDC). (MEM=2346.07 CPU=0:00:00.0 REAL=0:00:00.0)
*** Done Building Timing Graph (cpu=0:00:00.3 real=0:00:00.0 totSessionCpu=0:02:50 mem=2354.1M)
Done building cte hold timing graph (fixHold) cpu=0:00:00.4 real=0:00:00.0 totSessionCpu=0:02:50 mem=2354.1M ***
Done building hold timer [1184 node(s), 1454 edge(s), 1 view(s)] (fixHold) cpu=0:00:00.4 real=0:00:00.0 totSessionCpu=0:02:50 mem=2369.3M ***
Starting delay calculation for Setup views
AAE_INFO: opIsDesignInPostRouteState() is 1
AAE_INFO: resetNetProps viewIdx 0 
Starting SI iteration 1 using Infinite Timing Windows
#################################################################################
# Design Stage: PostRoute
# Design Name: alarm_clock_top
# Design Mode: 90nm
# Analysis Mode: MMMC OCV 
# Parasitics Mode: SPEF/RCDB 
# Signoff Settings: SI On 
#################################################################################
AAE_INFO: 1 threads acquired from CTE.
Start delay calculation (fullDC) (1 T). (MEM=2341.61)
*** Calculating scaling factor for max_timing libraries using the default operating condition of each library.
Total number of fetched objects 356
AAE_INFO-618: Total number of nets in the design is 360,  100.0 percent of the nets selected for SI analysis
End delay calculation. (MEM=2337.96 CPU=0:00:00.0 REAL=0:00:00.0)
End delay calculation (fullDC). (MEM=2337.96 CPU=0:00:00.1 REAL=0:00:00.0)
Loading CTE timing window with TwFlowType 0...(CPU = 0:00:00.0, REAL = 0:00:00.0, MEM = 2346.0M)
Add other clocks and setupCteToAAEClockMapping during iter 1
Loading CTE timing window is completed (CPU = 0:00:00.0, REAL = 0:00:00.0, MEM = 2346.0M)

Executing IPO callback for view pruning ..
Starting SI iteration 2
Start delay calculation (fullDC) (1 T). (MEM=2304.07)
Glitch Analysis: View worst_case -- Total Number of Nets Skipped = 0. 
Glitch Analysis: View worst_case -- Total Number of Nets Analyzed = 356. 
Total number of fetched objects 356
AAE_INFO-618: Total number of nets in the design is 360,  0.3 percent of the nets selected for SI analysis
End delay calculation. (MEM=2346.75 CPU=0:00:00.0 REAL=0:00:00.0)
End delay calculation (fullDC). (MEM=2346.75 CPU=0:00:00.0 REAL=0:00:00.0)
*** Done Building Timing Graph (cpu=0:00:00.3 real=0:00:01.0 totSessionCpu=0:02:50 mem=2354.8M)
Done building cte setup timing graph (fixHold) cpu=0:00:00.8 real=0:00:01.0 totSessionCpu=0:02:50 mem=2354.8M ***
OPTC: m1 20.0 20.0
Setting latch borrow mode to budget during optimization.

*Info: minBufDelay = 99.6 ps, libStdDelay = 36.0 ps, minBufSize = 18165600 (6.0)
*Info: worst delay setup view: worst_case

------------------------------------------------------------------
     Hold Opt Initial Summary
------------------------------------------------------------------

Setup views included:
 worst_case
Hold views included:
 best_case

+--------------------+---------+---------+---------+
|     Setup mode     |   all   | reg2reg | default |
+--------------------+---------+---------+---------+
|           WNS (ns):|  6.422  |  6.422  |  7.144  |
|           TNS (ns):|  0.000  |  0.000  |  0.000  |
|    Violating Paths:|    0    |    0    |    0    |
|          All Paths:|   102   |   67    |   52    |
+--------------------+---------+---------+---------+

+--------------------+---------+---------+---------+
|     Hold mode      |   all   | reg2reg | default |
+--------------------+---------+---------+---------+
|           WNS (ns):| -0.211  | -0.211  |  1.747  |
|           TNS (ns):| -8.447  | -8.447  |  0.000  |
|    Violating Paths:|   66    |   66    |    0    |
|          All Paths:|   102   |   67    |   52    |
+--------------------+---------+---------+---------+

+----------------+-------------------------------+------------------+
|                |              Real             |       Total      |
|    DRVs        +------------------+------------+------------------|
|                |  Nr nets(terms)  | Worst Vio  |  Nr nets(terms)  |
+----------------+------------------+------------+------------------+
|   max_cap      |      0 (0)       |   0.000    |      0 (0)       |
|   max_tran     |      0 (0)       |   0.000    |      0 (0)       |
|   max_fanout   |      0 (0)       |     0      |      0 (0)       |
|   max_length   |      0 (0)       |     0      |      0 (0)       |
+----------------+------------------+------------+------------------+

Density: 64.898%
       (100.000% with Fillers)
------------------------------------------------------------------
**optDesign ... cpu = 0:00:03, real = 0:00:04, mem = 2118.8M, totSessionCpu=0:02:51 **
*** BuildHoldData #1 [finish] (optDesign #5) : cpu/real = 0:00:01.7/0:00:01.7 (1.0), totSession cpu/real = 0:02:51.1/0:30:58.3 (0.1), mem = 2350.1M
*** HoldOpt #1 [begin] (optDesign #5) : totSession cpu/real = 0:02:51.1/0:30:58.3 (0.1), mem = 2350.1M
*info: Run optDesign holdfix with 1 thread.
Info: 0 don't touch net , 1 undriven net  excluded from IPO operation.
Info: 1 clock net  excluded from IPO operation.
Info: Done creating the CCOpt slew target map.

*** Starting Core Fixing (fixHold) cpu=0:00:01.8 real=0:00:02.0 totSessionCpu=0:02:51 mem=2538.1M density=100.000% ***

Phase I ......
Executing transform: ECO Safe Resize
+----+--------+---------+--------+-----------+----------------+---------+------------+---------+
|Iter|  WNS   |  TNS    |  #VP   |  #Buffer  |  #Resize(F/F)  | Density |    Real    |   Mem   |
+----+--------+---------+--------+-----------+----------------+---------+------------+---------+
**Info: Stopping hold fixing due to density exceeding max design density 95.000%
|   0|  -0.211|    -8.45|      66|          0|       0(     0)|  100.00%|   0:00:00.0|  2538.1M|
+----+--------+---------+--------+-----------+----------------+---------+------------+---------+
Executing transform: AddBuffer + LegalResize
+----+--------+---------+--------+-----------+----------------+---------+------------+---------+
|Iter|  WNS   |  TNS    |  #VP   |  #Buffer  |  #Resize(F/F)  | Density |    Real    |   Mem   |
+----+--------+---------+--------+-----------+----------------+---------+------------+---------+
**Info: Stopping hold fixing due to density exceeding max design density 95.000%
|   0|  -0.211|    -8.45|      66|          0|       0(     0)|  100.00%|   0:00:00.0|  2538.1M|
+----+--------+---------+--------+-----------+----------------+---------+------------+---------+


=======================================================================
                Reasons for remaining hold violations
=======================================================================
*info: Total 289 net(s) have violated hold timing slacks.

Buffering failure reasons
------------------------------------------------

Resizing failure reasons
------------------------------------------------


*** Finished Core Fixing (fixHold) cpu=0:00:01.8 real=0:00:02.0 totSessionCpu=0:02:51 mem=2538.1M density=100.000% ***


*** Finish Post Route Hold Fixing (cpu=0:00:01.8 real=0:00:02.0 totSessionCpu=0:02:51 mem=2538.1M density=100.000%) ***
**INFO: total 0 insts, 0 nets marked don't touch
**INFO: total 0 insts, 0 nets marked don't touch DB property
**INFO: total 0 insts, 0 nets unmarked don't touch

*** HoldOpt #1 [finish] (optDesign #5) : cpu/real = 0:00:00.1/0:00:00.1 (0.9), totSession cpu/real = 0:02:51.2/0:30:58.5 (0.1), mem = 2442.0M
Running postRoute recovery in preEcoRoute mode
**optDesign ... cpu = 0:00:03, real = 0:00:04, mem = 2211.1M, totSessionCpu=0:02:51 **
Checking DRV degradation...
**INFO: Skipping DRV recovery as drv did not degrade beyond margin
Finish postRoute recovery in preEcoRoute mode (cpu=0:00:00, real=0:00:00, mem=2442.19M, totSessionCpu=0:02:51).
**optDesign ... cpu = 0:00:03, real = 0:00:04, mem = 2211.1M, totSessionCpu=0:02:51 **

**INFO: Skipping refine place as no legal commits were detected
Latch borrow mode reset to max_borrow
**INFO: flowCheckPoint #9 FinalSummary
Reported timing to dir ./timingReports
**optDesign ... cpu = 0:00:03, real = 0:00:04, mem = 2209.1M, totSessionCpu=0:02:51 **
Saving timing graph ...
Done save timing graph
Starting delay calculation for Hold views
AAE_INFO: opIsDesignInPostRouteState() is 1
AAE_INFO: resetNetProps viewIdx 1 
Starting SI iteration 1 using Infinite Timing Windows
#################################################################################
# Design Stage: PostRoute
# Design Name: alarm_clock_top
# Design Mode: 90nm
# Analysis Mode: MMMC OCV 
# Parasitics Mode: SPEF/RCDB 
# Signoff Settings: SI On 
#################################################################################
AAE_INFO: 1 threads acquired from CTE.
Start delay calculation (fullDC) (1 T). (MEM=2445.14)
*** Calculating scaling factor for min_timing libraries using the default operating condition of each library.
Total number of fetched objects 356
AAE_INFO-618: Total number of nets in the design is 360,  100.0 percent of the nets selected for SI analysis
End delay calculation. (MEM=2444.57 CPU=0:00:00.0 REAL=0:00:00.0)
End delay calculation (fullDC). (MEM=2444.57 CPU=0:00:00.0 REAL=0:00:00.0)
Loading CTE timing window with TwFlowType 0...(CPU = 0:00:00.0, REAL = 0:00:00.0, MEM = 2452.6M)
Add other clocks and setupCteToAAEClockMapping during iter 1
Loading CTE timing window is completed (CPU = 0:00:00.0, REAL = 0:00:00.0, MEM = 2452.6M)
Starting SI iteration 2
Start delay calculation (fullDC) (1 T). (MEM=2399.68)
Glitch Analysis: View best_case -- Total Number of Nets Skipped = 0. 
Glitch Analysis: View best_case -- Total Number of Nets Analyzed = 356. 
Total number of fetched objects 356
AAE_INFO-618: Total number of nets in the design is 360,  29.2 percent of the nets selected for SI analysis
End delay calculation. (MEM=2446.39 CPU=0:00:00.0 REAL=0:00:00.0)
End delay calculation (fullDC). (MEM=2446.39 CPU=0:00:00.0 REAL=0:00:00.0)
*** Done Building Timing Graph (cpu=0:00:00.3 real=0:00:00.0 totSessionCpu=0:02:52 mem=2454.4M)
Restoring timing graph ...
**WARN: (IMPCTE-290):	Could not locate cell INVX1 in any library for view best_case.
Type 'man IMPCTE-290' for more detail.
**WARN: (IMPCTE-290):	Could not locate cell INVX1 in any library for view best_case.
Type 'man IMPCTE-290' for more detail.
**WARN: (IMPCTE-290):	Could not locate cell INVX1 in any library for view best_case.
Type 'man IMPCTE-290' for more detail.
**WARN: (IMPCTE-290):	Could not locate cell INVX1 in any library for view best_case.
Type 'man IMPCTE-290' for more detail.
**WARN: (IMPCTE-290):	Could not locate cell INVX1 in any library for view best_case.
Type 'man IMPCTE-290' for more detail.
**WARN: (IMPCTE-290):	Could not locate cell INVX1 in any library for view best_case.
Type 'man IMPCTE-290' for more detail.
**WARN: (IMPCTE-290):	Could not locate cell INVX1 in any library for view best_case.
Type 'man IMPCTE-290' for more detail.
**WARN: (IMPCTE-290):	Could not locate cell INVX1 in any library for view best_case.
Type 'man IMPCTE-290' for more detail.
**WARN: (IMPCTE-290):	Could not locate cell INVX1 in any library for view best_case.
Type 'man IMPCTE-290' for more detail.
**WARN: (IMPCTE-290):	Could not locate cell INVX1 in any library for view best_case.
Type 'man IMPCTE-290' for more detail.
**WARN: (IMPCTE-290):	Could not locate cell INVX1 in any library for view best_case.
Type 'man IMPCTE-290' for more detail.
**WARN: (IMPCTE-290):	Could not locate cell INVX1 in any library for view best_case.
Type 'man IMPCTE-290' for more detail.
**WARN: (IMPCTE-290):	Could not locate cell INVX1 in any library for view best_case.
Type 'man IMPCTE-290' for more detail.
**WARN: (IMPCTE-290):	Could not locate cell INVX1 in any library for view best_case.
Type 'man IMPCTE-290' for more detail.
**WARN: (IMPCTE-290):	Could not locate cell INVX1 in any library for view best_case.
Type 'man IMPCTE-290' for more detail.
**WARN: (IMPCTE-290):	Could not locate cell INVX1 in any library for view best_case.
Type 'man IMPCTE-290' for more detail.
**WARN: (IMPCTE-290):	Could not locate cell INVX1 in any library for view best_case.
Type 'man IMPCTE-290' for more detail.
**WARN: (IMPCTE-290):	Could not locate cell INVX1 in any library for view best_case.
Type 'man IMPCTE-290' for more detail.
**WARN: (IMPCTE-290):	Could not locate cell INVX1 in any library for view best_case.
Type 'man IMPCTE-290' for more detail.
**WARN: (IMPCTE-290):	Could not locate cell INVX1 in any library for view best_case.
Type 'man IMPCTE-290' for more detail.
**WARN: (EMS-27):	Message (IMPCTE-290) has exceeded the current message display limit of 20.
To increase the message display limit, refer to the product command reference manual.
AAE_INFO: Resetting and re-constructing cache for AAE clocks ...
Done restore timing graph

------------------------------------------------------------------
     optDesign Final SI Timing Summary
------------------------------------------------------------------

Setup views included:
 worst_case 
Hold views included:
 best_case

+--------------------+---------+---------+---------+
|     Setup mode     |   all   | reg2reg | default |
+--------------------+---------+---------+---------+
|           WNS (ns):|  6.422  |  6.422  |  7.144  |
|           TNS (ns):|  0.000  |  0.000  |  0.000  |
|    Violating Paths:|    0    |    0    |    0    |
|          All Paths:|   102   |   67    |   52    |
+--------------------+---------+---------+---------+

+--------------------+---------+---------+---------+
|     Hold mode      |   all   | reg2reg | default |
+--------------------+---------+---------+---------+
|           WNS (ns):| -0.211  | -0.211  |  1.747  |
|           TNS (ns):| -8.447  | -8.447  |  0.000  |
|    Violating Paths:|   66    |   66    |    0    |
|          All Paths:|   102   |   67    |   52    |
+--------------------+---------+---------+---------+

+----------------+-------------------------------+------------------+
|                |              Real             |       Total      |
|    DRVs        +------------------+------------+------------------|
|                |  Nr nets(terms)  | Worst Vio  |  Nr nets(terms)  |
+----------------+------------------+------------+------------------+
|   max_cap      |      0 (0)       |   0.000    |      0 (0)       |
|   max_tran     |      0 (0)       |   0.000    |      0 (0)       |
|   max_fanout   |      0 (0)       |     0      |      0 (0)       |
|   max_length   |      0 (0)       |     0      |      0 (0)       |
+----------------+------------------+------------+------------------+

Density: 64.898%
       (100.000% with Fillers)
------------------------------------------------------------------
**optDesign ... cpu = 0:00:04, real = 0:00:05, mem = 2248.6M, totSessionCpu=0:02:52 **
 ReSet Options after AAE Based Opt flow 
*** Finished optDesign ***
Info: Destroy the CCOpt slew target map.
*** optDesign #5 [finish] : cpu/real = 0:00:03.9/0:00:04.8 (0.8), totSession cpu/real = 0:02:52.2/0:30:59.9 (0.1), mem = 2464.9M
<CMD> setNanoRouteMode -quiet -routeWithTimingDriven false
<CMD> setNanoRouteMode -quiet -routeWithSiDriven false
<CMD> routeDesign -globalDetail -viaOpt -wireOpt
#routeDesign: cpu time = 00:00:00, elapsed time = 00:00:00, memory = 2162.48 (MB), peak = 2293.67 (MB)
AAE_INFO: Pre Route call back at the beginning of routeDesign
#**INFO: setDesignMode -flowEffort standard
#**INFO: setDesignMode -powerEffort none
#WARNING (NRIG-96) Selected single pass global detail route "-globalDetail". Clock eco and post optimizations will not be run. See "man NRIG-96" for more details.
#WARNING (NRIG-144) Cannot combine -viaOpt with -globalDetail option. The -viaOpt will be ignored.
**INFO: User settings:
setNanoRouteMode -drouteEndIteration                            1
setNanoRouteMode -droutePostRouteSpreadWire                     1
setNanoRouteMode -droutePostRouteWidenWireRule                  LEFDefaultRouteSpec_gpdk090
setNanoRouteMode -extractThirdPartyCompatible                   false
setNanoRouteMode -grouteExpTdUseTifTimingEngineForImportDesign  true
setNanoRouteMode -routeBottomRoutingLayer                       1
setNanoRouteMode -routeTopRoutingLayer                          9
setNanoRouteMode -routeWithSiDriven                             false
setNanoRouteMode -routeWithTimingDriven                         false
setNanoRouteMode -timingEngine                                  {}
setExtractRCMode -coupled                                       true
setExtractRCMode -engine                                        postRoute
setExtractRCMode -noCleanRCDB                                   true
setExtractRCMode -nrNetInMemory                                 100000
setDelayCalMode -enable_high_fanout                             true
setDelayCalMode -engine                                         aae
setDelayCalMode -ignoreNetLoad                                  false
setDelayCalMode -SIAware                                        true
setDelayCalMode -socv_accuracy_mode                             low
setSIMode -separate_delta_delay_on_data                         true

#**INFO: multi-cut via swapping will not be performed after routing.
#**INFO: All auto set options tuned by routeDesign will be restored to their original settings on command completion.
Begin checking placement ... (start mem=2398.9M, init mem=2398.9M)
*info: Placed = 880           
*info: Unplaced = 0           
Placement Density:100.00%(3480/3480)
Placement Density (including fixed std cells):100.00%(3480/3480)
Finished checkPlace (total: cpu=0:00:00.0, real=0:00:00.0; vio checks: cpu=0:00:00.0, real=0:00:00.0; mem=2398.9M)

changeUseClockNetStatus Option :  -noFixedNetWires 
*** Changed status on (0) nets in Clock.
*** End changeUseClockNetStatus (cpu=0:00:00.0, real=0:00:00.0, mem=2398.9M) ***

globalDetailRoute

#Start globalDetailRoute on Sat Mar  7 17:52:23 2026
#
#Warning: design is detail-routed. Trial route is skipped!
#Invoke dbWirePreImport deleteTR=1 convert_unrouted=0 selected_only=0 (nr_selected_net=0)
#num needed restored net=0
#need_extraction net=0 (total=360)
#WARNING (NRDB-2005) SPECIAL_NET VDD has special wires but no definitions for instance pins or top level pins. This will cause routability problems later.
#WARNING (NRDB-2005) SPECIAL_NET VSS has special wires but no definitions for instance pins or top level pins. This will cause routability problems later.
#NanoRoute Version 21.15-s110_1 NR220912-2004/21_15-UB
#Total number of trivial nets (e.g. < 2 pins) = 3 (skipped).
#Total number of routable nets = 357.
#Total number of nets in the design = 360.
#357 routable nets have routed wires.
#No nets have been global routed.
#Start routing data preparation on Sat Mar  7 17:52:23 2026
#
#Minimum voltage of a net in the design = 0.000.
#Maximum voltage of a net in the design = 1.100.
#Voltage range [0.000 - 1.100] has 358 nets.
#Voltage range [0.900 - 1.100] has 1 net.
#Voltage range [0.000 - 0.000] has 1 net.
#Build and mark too close pins for the same net.
#Rebuild pin access data for design.
#Initial pin access analysis.
#Detail pin access analysis.
# Metal1       H   Track-Pitch = 0.29000    Line-2-Via Pitch = 0.25500
# Metal2       V   Track-Pitch = 0.29000    Line-2-Via Pitch = 0.28500
# Metal3       H   Track-Pitch = 0.29000    Line-2-Via Pitch = 0.28500
# Metal4       V   Track-Pitch = 0.29000    Line-2-Via Pitch = 0.28500
# Metal5       H   Track-Pitch = 0.29000    Line-2-Via Pitch = 0.28500
# Metal6       V   Track-Pitch = 0.29000    Line-2-Via Pitch = 0.28500
# Metal7       H   Track-Pitch = 0.29000    Line-2-Via Pitch = 0.28500
# Metal8       V   Track-Pitch = 0.87000    Line-2-Via Pitch = 0.85000
# Metal9       H   Track-Pitch = 0.87000    Line-2-Via Pitch = 0.85000
#cpu time = 00:00:00, elapsed time = 00:00:00, memory = 2165.21 (MB), peak = 2293.67 (MB)
#Regenerating Ggrids automatically.
#Auto generating G-grids with size=15 tracks, using layer Metal3's pitch = 0.29000.
#Using automatically generated G-grids.
#(check_and_prepare_match_target_file) no match_target_file in constraint. quit
#Done routing data preparation.
#cpu time = 00:00:01, elapsed time = 00:00:01, memory = 2169.01 (MB), peak = 2293.67 (MB)
#
#Finished routing data preparation on Sat Mar  7 17:52:24 2026
#
#Cpu time = 00:00:01
#Elapsed time = 00:00:01
#Increased memory = 7.77 (MB)
#Total memory = 2169.01 (MB)
#Peak memory = 2293.67 (MB)
#
#
#Start global routing on Sat Mar  7 17:52:24 2026
#
#
#Start global routing initialization on Sat Mar  7 17:52:24 2026
#
#WARNING (NRGR-22) Design is already detail routed.
#Routing data preparation, pin analysis, global routing and track assignment statistics:
#Cpu time = 00:00:01
#Elapsed time = 00:00:01
#Increased memory = 7.77 (MB)
#Total memory = 2169.01 (MB)
#Peak memory = 2293.67 (MB)
#
#Start Detail Routing..
#start 1st optimization iteration ...
#   number of violations = 0
#cpu time = 00:00:00, elapsed time = 00:00:00, memory = 2169.01 (MB), peak = 2293.67 (MB)
#Complete Detail Routing.
#Total wire length = 4380 um.
#Total half perimeter of net bounding box = 3727 um.
#Total wire length on LAYER Metal1 = 309 um.
#Total wire length on LAYER Metal2 = 2443 um.
#Total wire length on LAYER Metal3 = 1398 um.
#Total wire length on LAYER Metal4 = 127 um.
#Total wire length on LAYER Metal5 = 93 um.
#Total wire length on LAYER Metal6 = 9 um.
#Total wire length on LAYER Metal7 = 0 um.
#Total wire length on LAYER Metal8 = 0 um.
#Total wire length on LAYER Metal9 = 0 um.
#Total number of vias = 1751
#Up-Via Summary (total 1751):
#           
#-----------------------
# Metal1           1123
# Metal2            595
# Metal3             26
# Metal4              6
# Metal5              1
#-----------------------
#                  1751 
#
#Total number of DRC violations = 0
#Cpu time = 00:00:00
#Elapsed time = 00:00:00
#Increased memory = 0.05 (MB)
#Total memory = 2169.06 (MB)
#Peak memory = 2293.67 (MB)
#
#Start Post Route wire spreading..
#
#Start DRC checking..
#   number of violations = 0
#cpu time = 00:00:00, elapsed time = 00:00:00, memory = 2169.37 (MB), peak = 2293.67 (MB)
#CELL_VIEW alarm_clock_top,init has no DRC violation.
#Total number of DRC violations = 0
#Total number of process antenna violations = 0
#Total number of net violated process antenna rule = 0
#
#Start data preparation for wire spreading...
#
#Data preparation is done on Sat Mar  7 17:52:24 2026
#
#
#Start Post Route Wire Spread.
#Done with 5 horizontal wires in 1 hboxes and 10 vertical wires in 1 hboxes.
#Complete Post Route Wire Spread.
#
#Total wire length = 4380 um.
#Total half perimeter of net bounding box = 3727 um.
#Total wire length on LAYER Metal1 = 309 um.
#Total wire length on LAYER Metal2 = 2443 um.
#Total wire length on LAYER Metal3 = 1398 um.
#Total wire length on LAYER Metal4 = 127 um.
#Total wire length on LAYER Metal5 = 93 um.
#Total wire length on LAYER Metal6 = 9 um.
#Total wire length on LAYER Metal7 = 0 um.
#Total wire length on LAYER Metal8 = 0 um.
#Total wire length on LAYER Metal9 = 0 um.
#Total number of vias = 1751
#Up-Via Summary (total 1751):
#           
#-----------------------
# Metal1           1123
# Metal2            595
# Metal3             26
# Metal4              6
# Metal5              1
#-----------------------
#                  1751 
#
#
#Start DRC checking..
#   number of violations = 0
#cpu time = 00:00:00, elapsed time = 00:00:00, memory = 2170.73 (MB), peak = 2293.67 (MB)
#CELL_VIEW alarm_clock_top,init has no DRC violation.
#Total number of DRC violations = 0
#Total number of process antenna violations = 0
#Total number of net violated process antenna rule = 0
#   number of violations = 0
#cpu time = 00:00:00, elapsed time = 00:00:00, memory = 2170.73 (MB), peak = 2293.67 (MB)
#CELL_VIEW alarm_clock_top,init has no DRC violation.
#Total number of DRC violations = 0
#Total number of process antenna violations = 0
#Total number of net violated process antenna rule = 0
#Post Route wire spread is done.
#Total wire length = 4380 um.
#Total half perimeter of net bounding box = 3727 um.
#Total wire length on LAYER Metal1 = 309 um.
#Total wire length on LAYER Metal2 = 2443 um.
#Total wire length on LAYER Metal3 = 1398 um.
#Total wire length on LAYER Metal4 = 127 um.
#Total wire length on LAYER Metal5 = 93 um.
#Total wire length on LAYER Metal6 = 9 um.
#Total wire length on LAYER Metal7 = 0 um.
#Total wire length on LAYER Metal8 = 0 um.
#Total wire length on LAYER Metal9 = 0 um.
#Total number of vias = 1751
#Up-Via Summary (total 1751):
#           
#-----------------------
# Metal1           1123
# Metal2            595
# Metal3             26
# Metal4              6
# Metal5              1
#-----------------------
#                  1751 
#
#detailRoute Statistics:
#Cpu time = 00:00:00
#Elapsed time = 00:00:00
#Increased memory = 1.71 (MB)
#Total memory = 2170.73 (MB)
#Peak memory = 2293.67 (MB)
#	no debugging net set
#
#globalDetailRoute statistics:
#Cpu time = 00:00:01
#Elapsed time = 00:00:01
#Increased memory = 3.67 (MB)
#Total memory = 2166.43 (MB)
#Peak memory = 2293.67 (MB)
#Number of warnings = 3
#Total number of warnings = 21
#Number of fails = 0
#Total number of fails = 0
#Complete globalDetailRoute on Sat Mar  7 17:52:24 2026
#
#Default setup view is reset to worst_case.

detailRoute

#Start detailRoute on Sat Mar  7 17:52:24 2026
#
#Invoke dbWirePreImport deleteTR=1 convert_unrouted=0 selected_only=0 (nr_selected_net=0)
#num needed restored net=0
#need_extraction net=0 (total=360)
#WARNING (NRDB-2005) SPECIAL_NET VDD has special wires but no definitions for instance pins or top level pins. This will cause routability problems later.
#WARNING (NRDB-2005) SPECIAL_NET VSS has special wires but no definitions for instance pins or top level pins. This will cause routability problems later.
#NanoRoute Version 21.15-s110_1 NR220912-2004/21_15-UB
#Start routing data preparation on Sat Mar  7 17:52:24 2026
#
#Minimum voltage of a net in the design = 0.000.
#Maximum voltage of a net in the design = 1.100.
#Voltage range [0.000 - 1.100] has 358 nets.
#Voltage range [0.900 - 1.100] has 1 net.
#Voltage range [0.000 - 0.000] has 1 net.
#Build and mark too close pins for the same net.
#Initial pin access analysis.
#Detail pin access analysis.
# Metal1       H   Track-Pitch = 0.29000    Line-2-Via Pitch = 0.25500
# Metal2       V   Track-Pitch = 0.29000    Line-2-Via Pitch = 0.28500
# Metal3       H   Track-Pitch = 0.29000    Line-2-Via Pitch = 0.28500
# Metal4       V   Track-Pitch = 0.29000    Line-2-Via Pitch = 0.28500
# Metal5       H   Track-Pitch = 0.29000    Line-2-Via Pitch = 0.28500
# Metal6       V   Track-Pitch = 0.29000    Line-2-Via Pitch = 0.28500
# Metal7       H   Track-Pitch = 0.29000    Line-2-Via Pitch = 0.28500
# Metal8       V   Track-Pitch = 0.87000    Line-2-Via Pitch = 0.85000
# Metal9       H   Track-Pitch = 0.87000    Line-2-Via Pitch = 0.85000
#cpu time = 00:00:00, elapsed time = 00:00:00, memory = 2114.68 (MB), peak = 2293.67 (MB)
#Regenerating Ggrids automatically.
#Auto generating G-grids with size=15 tracks, using layer Metal3's pitch = 0.29000.
#Using automatically generated G-grids.
#(check_and_prepare_match_target_file) no match_target_file in constraint. quit
#Done routing data preparation.
#cpu time = 00:00:00, elapsed time = 00:00:00, memory = 2118.47 (MB), peak = 2293.67 (MB)
#
#Start Post Route wire spreading..
#
#Start data preparation for wire spreading...
#
#Data preparation is done on Sat Mar  7 17:52:25 2026
#
#
#Start Post Route Wire Spread.
#Done with 5 horizontal wires in 1 hboxes and 10 vertical wires in 1 hboxes.
#Complete Post Route Wire Spread.
#
#Total wire length = 4380 um.
#Total half perimeter of net bounding box = 3727 um.
#Total wire length on LAYER Metal1 = 309 um.
#Total wire length on LAYER Metal2 = 2443 um.
#Total wire length on LAYER Metal3 = 1398 um.
#Total wire length on LAYER Metal4 = 127 um.
#Total wire length on LAYER Metal5 = 93 um.
#Total wire length on LAYER Metal6 = 9 um.
#Total wire length on LAYER Metal7 = 0 um.
#Total wire length on LAYER Metal8 = 0 um.
#Total wire length on LAYER Metal9 = 0 um.
#Total number of vias = 1751
#Up-Via Summary (total 1751):
#           
#-----------------------
# Metal1           1123
# Metal2            595
# Metal3             26
# Metal4              6
# Metal5              1
#-----------------------
#                  1751 
#
#   number of violations = 0
#cpu time = 00:00:00, elapsed time = 00:00:00, memory = 2118.48 (MB), peak = 2293.67 (MB)
#CELL_VIEW alarm_clock_top,init has no DRC violation.
#Total number of DRC violations = 0
#Total number of process antenna violations = 0
#Total number of net violated process antenna rule = 0
#Post Route wire spread is done.
#Total wire length = 4380 um.
#Total half perimeter of net bounding box = 3727 um.
#Total wire length on LAYER Metal1 = 309 um.
#Total wire length on LAYER Metal2 = 2443 um.
#Total wire length on LAYER Metal3 = 1398 um.
#Total wire length on LAYER Metal4 = 127 um.
#Total wire length on LAYER Metal5 = 93 um.
#Total wire length on LAYER Metal6 = 9 um.
#Total wire length on LAYER Metal7 = 0 um.
#Total wire length on LAYER Metal8 = 0 um.
#Total wire length on LAYER Metal9 = 0 um.
#Total number of vias = 1751
#Up-Via Summary (total 1751):
#           
#-----------------------
# Metal1           1123
# Metal2            595
# Metal3             26
# Metal4              6
# Metal5              1
#-----------------------
#                  1751 
#
#	no debugging net set
#
#detailRoute statistics:
#Cpu time = 00:00:00
#Elapsed time = 00:00:00
#Increased memory = -29.30 (MB)
#Total memory = 2114.19 (MB)
#Peak memory = 2293.67 (MB)
#Number of warnings = 2
#Total number of warnings = 23
#Number of fails = 0
#Total number of fails = 0
#Complete detailRoute on Sat Mar  7 17:52:25 2026
#
#Default setup view is reset to worst_case.
AAE_INFO: Post Route call back at the end of routeDesign
#routeDesign: cpu time = 00:00:02, elapsed time = 00:00:02, memory = 2114.25 (MB), peak = 2293.67 (MB)
*** Message Summary: 0 warning(s), 0 error(s)

<CMD> setLayerPreference node_layer -isVisible 0
<CMD> setLayerPreference node_layer -isVisible 1
<CMD> setLayerPreference node_layer -isVisible 0
<CMD> setLayerPreference node_layer -isVisible 1
<CMD> setLayerPreference node_route -isVisible 0
<CMD> setLayerPreference node_route -isVisible 1
<CMD> setLayerPreference node_route -isVisible 0
<CMD> setLayerPreference node_route -isVisible 1
<CMD> setLayerPreference node_net -isVisible 0
<CMD> setLayerPreference node_net -isVisible 1
<CMD> gui_select -rect {73.63700 1.15650 -8.90100 70.13900}
<CMD> create_ccopt_clock_tree_spec -file clock_tree.spec
Creating clock tree spec for modes (timing configs): const
extract_clock_generator_skew_groups=true: create_ccopt_clock_tree_spec will generate skew groups with a name prefix of "_clock_gen" to balance clock generator connected flops with the clock generator they drive.
**ERROR: (IMPCCOPT-2048):	Clock tree extraction failed. Reason Cannot run automatic clock tree extraction as clock trees are already defined..

<CMD> deselectAll

--------------------------------------------------------------------------------
Exiting Innovus on Sat Mar  7 17:54:29 2026
  Total CPU time:     0:03:26
  Total real time:    0:36:33
  Peak memory (main): 2248.58MB


*** Memory Usage v#1 (Current mem = 2367.281M, initial mem = 483.863M) ***
*** Message Summary: 2580 warning(s), 217 error(s)

--- Ending "Innovus" (totcpu=0:03:18, real=0:36:32, mem=2367.3M) ---
