Cadence Genus(TM) Synthesis Solution.
Copyright 2022 Cadence Design Systems, Inc. All rights reserved worldwide.
Cadence and the Cadence logo are registered trademarks and Genus is a trademark
of Cadence Design Systems, Inc. in the United States and other countries.

[16:33:13.328586] Configured Lic search path (21.01-s002): 5281@14.139.1.126:1717@14.139.1.126

Version: 21.14-s082_1, built Thu Jun 23 02:02:08 PDT 2022
Options: 
Date:    Sun Mar 01 16:33:13 2026
Host:    ic312.vit.ac.in (x86_64 w/Linux 4.18.0-425.19.2.el8_7.x86_64) (12cores*20cpus*1physical cpu*12th Gen Intel(R) Core(TM) i7-12700 25600KB) (32402344KB)
PID:     136134
OS:      Red Hat Enterprise Linux release 8.7 (Ootpa)


[16:33:14.505635] Periodic Lic check successful
[16:33:14.505635] Feature usage summary:
[16:33:14.505635] Genus_Synthesis
Checking out license: Genus_Synthesis


***********************************************************************************************************
***********************************************************************************************************



Loading tool scripts...
Finished loading tool scripts (4 seconds elapsed).

WARNING: This version of the tool is 1347 days old.
@genus:root: 1> source gcd_run.tcl
Sourcing './gcd_run.tcl' (Sun Mar 01 16:33:39 IST 2026)...
#@ Begin verbose source ./gcd_run.tcl
@file(gcd_run.tcl) 1: set_db init_lib_search_path /home/install/FOUNDRY/digital/90nm/dig/lib
  Setting attribute of root '/': 'init_lib_search_path' = /home/install/FOUNDRY/digital/90nm/dig/lib
@file(gcd_run.tcl) 2: set_db init_hdl_search_path /home/vlsi/Desktop/25MVD1032_ASIC/Alarm_clock/Genus
  Setting attribute of root '/': 'init_hdl_search_path' = /home/vlsi/Desktop/25MVD1032_ASIC/Alarm_clock/Genus
@file(gcd_run.tcl) 3: read_libs slow.lib

Threads Configured:3

  Message Summary for Library slow.lib:
  *************************************
  Missing a function attribute in the output pin definition. [LBR-518]: 1
  Missing library level attribute. [LBR-516]: 1
  *************************************
 
Info    : Created nominal operating condition. [LBR-412]
        : Operating condition '_nominal_' was created for the PVT values (1.000000, 0.900000, 125.000000) in library 'slow.lib'.
        : The nominal operating condition is represented, either by the nominal PVT values specified in the library source (via nom_process,nom_voltage and nom_temperature respectively), or by the default PVT values (1.0,1.0,1.0).
@file(gcd_run.tcl) 4: read_hdl alarm_clock_top.v
@file(gcd_run.tcl) 5: read_hdl alarm_controller.v
@file(gcd_run.tcl) 6: read_hdl alarm_register.v
@file(gcd_run.tcl) 7: read_hdl time_counter.v
@file(gcd_run.tcl) 8: read_hdl time_generator.v
@file(gcd_run.tcl) 9: elaborate
  Library has 324 usable logic and 128 usable sequential lib-cells.
Info    : Elaborating Design. [ELAB-1]
        : Elaborating top-level block 'alarm_clock_top' from file '/home/vlsi/Desktop/25MVD1032_ASIC/Alarm_clock/Genus/alarm_clock_top.v'.
Warning : In legacy_ui mode, Genus creates a blackbox as description for a module is not found. Black boxes represent unresolved references in the design and are usually not expected. Another possible reason is, some libraries are not read and the tool could not get the content for some macros or lib_cells. [CDFG-428]
        : A blackbox was created for instance 'kr' in file '/home/vlsi/Desktop/25MVD1032_ASIC/Alarm_clock/Genus/alarm_clock_top.v' on line 36.
        : Check the kind of module a black box is. If it is a lib_cell or a macro, check why the corresponding .lib was not read in. This could be either due to a missing or faulty file or due to an incomplete init_lib_search_path attribute value making restricting access to the missing file. If it is a module of your design, verify whether the path to this module is a part of the files you read or else check that the init_hdl_search_path attribute is not missing some paths.
Info    : Done Elaborating Design. [ELAB-3]
        : Done elaborating 'alarm_clock_top'.
Warning : Black-boxes are represented as unresolved references in the design. [TUI-273]
        : Cannot resolve reference to 'key_register'.
        : Run check_design to get all unresolved instance. To resolve the reference, either load a technology library containing the cell by appending to the 'library' attribute, or read in the hdl file containing the module before performing elaboration. As the design is incomplete, synthesis results may not correspond to the entire design.
Checking for analog nets...
Check completed for analog nets.
Checking for source RTL...
Check completed for source RTL.
Running Unified Mux Engine Tricks...
Completed Unified Mux Engine Tricks

Stage: post_elab
--------------------------------------------------------
| Trick             | Accepts | Rejects | Runtime (ms) | 
--------------------------------------------------------
| ume_constant_bmux |       0 |       0 |         0.00 | 
--------------------------------------------------------
Starting clip mux common data inputs [v1.0] (stage: post_elab, startdef: alarm_clock_top, recur: true)
Completed clip mux common data inputs (accepts: 0, rejects: 0, runtime: 0.000s)
Starting clip the non-user hierarchies [v2.0] (stage: post_elab, startdef: alarm_clock_top, recur: true)
Completed clip the non-user hierarchies (accepts: 0, rejects: 0, runtime: 0.000s)

Stage: post_elab
---------------------------------------------------------
| Transform          | Accepts | Rejects | Runtime (ms) | 
---------------------------------------------------------
| hlo_clip_mux_input |       0 |       0 |         0.00 | 
| hlo_clip           |       0 |       0 |         0.00 | 
---------------------------------------------------------
UM:   flow.cputime  flow.realtime  timing.setup.tns  timing.setup.wns  snapshot
UM:*                                                                   elaborate
@file(gcd_run.tcl) 10: read_sdc alarm_constraints.g
Statistics for commands executed by read_sdc:
 "all_inputs"               - successful      2 , failed      0 (runtime  0.00)
 "all_outputs"              - successful      2 , failed      0 (runtime  0.00)
 "create_clock"             - successful      1 , failed      0 (runtime  0.00)
 "get_clocks"               - successful      1 , failed      0 (runtime  0.00)
 "get_ports"                - successful      4 , failed      0 (runtime  0.00)
 "remove_from_collection"   - successful      2 , failed      0 (runtime  0.00)
 "set_clock_uncertainty"    - successful      1 , failed      0 (runtime  0.00)
 "set_driving_cell"         - successful      1 , failed      0 (runtime  0.00)
 "set_false_path"           - successful      1 , failed      0 (runtime  0.00)
 "set_input_delay"          - successful      1 , failed      0 (runtime  0.00)
 "set_load"                 - successful      1 , failed      0 (runtime  0.00)
 "set_output_delay"         - successful      1 , failed      0 (runtime  0.00)
read_sdc completed in 00:00:00 (hh:mm:ss)
@file(gcd_run.tcl) 12: set_db syn_generic_effort medium
  Setting attribute of root '/': 'syn_generic_effort' = medium
@file(gcd_run.tcl) 13: set_db syn_map_effort medium
  Setting attribute of root '/': 'syn_map_effort' = medium
@file(gcd_run.tcl) 14: set_db syn_opt_effort medium
  Setting attribute of root '/': 'syn_opt_effort' = medium
@file(gcd_run.tcl) 15: syn_generic

Stage: pre_early_cg
------------------------------------------------
| Transform | Accepts | Rejects | Runtime (ms) | 
------------------------------------------------
------------------------------------------------
##Generic Timing Info for library domain: _default_ typical gate delay: 127.0 ps std_slew: 15.5 ps std_load: 7.0 fF
Starting mux data reorder optimization [v1.0] (stage: pre_to_gen_setup, startdef: alarm_clock_top, recur: true)
Completed mux data reorder optimization (accepts: 0, rejects: 0, runtime: 0.000s)

Stage: pre_to_gen_setup
------------------------------------------------------
| Transform       | Accepts | Rejects | Runtime (ms) | 
------------------------------------------------------
| hlo_mux_reorder |       0 |       0 |         0.00 | 
------------------------------------------------------
Info    : Synthesizing. [SYNTH-1]
        : Synthesizing 'alarm_clock_top' to generic gates using 'medium' effort.
PBS_Generic-Start - Elapsed_Time 0, CPU_Time 0.0
stamp 'PBS_Generic-Start' being created for table 'pbs_debug'

  Total Time (Wall) |  Stage Time (Wall)  |   % (Wall)   |    Date - Time     |  Memory   | Stage
--------------------+---------------------+--------------+--------------------+-----------+----------------------
 00:00:05(00:00:23) |  00:00:00(00:00:00) |   0.0(  0.0) |   16:33:39 (Mar01) |  443.0 MB | PBS_Generic-Start
--------------------+---------------------+--------------+--------------------+-----------+----------------------
Number of threads: 8 * 1   (id: pbs_debug, time_info v1.57)
Info: (*N*) indicates data that was populated from previously saved time_info database
Info: CPU time includes time of parent + longest thread
TNS Restructuring config: no_value at stage: generic applied.
Info    : Partition Based Synthesis execution skipped. [PHYS-752]
        : Design size is less than the partition size '100000' for distributed generic optimization to kick in.
Starting mux data reorder optimization [v1.0] (stage: pre_to_gen_setup, startdef: alarm_clock_top, recur: true)
Completed mux data reorder optimization (accepts: 0, rejects: 0, runtime: 0.000s)

Stage: pre_to_gen_setup
------------------------------------------------------
| Transform       | Accepts | Rejects | Runtime (ms) | 
------------------------------------------------------
| hlo_mux_reorder |       0 |       0 |         0.00 | 
------------------------------------------------------
Starting mux data reorder optimization [v1.0] (stage: post_to_gen_setup, startdef: alarm_clock_top, recur: true)
Completed mux data reorder optimization (accepts: 0, rejects: 0, runtime: 0.001s)

Stage: post_to_gen_setup
------------------------------------------------------
| Transform       | Accepts | Rejects | Runtime (ms) | 
------------------------------------------------------
| hlo_mux_reorder |       0 |       0 |         1.00 | 
------------------------------------------------------
Running Unified Mux Engine Tricks...
Completed Unified Mux Engine Tricks

Stage: pre_hlo_rtlopt
--------------------------------------------
| Trick | Accepts | Rejects | Runtime (ms) | 
--------------------------------------------
--------------------------------------------
Starting infer macro optimization [v1.0] (stage: pre_rtlopt, startdef: alarm_clock_top, recur: true)
Completed infer macro optimization (accepts: 0, rejects: 0, runtime: 0.001s)
Starting decode mux sandwich optimization [v2.0] (stage: pre_rtlopt, startdef: alarm_clock_top, recur: true)
Completed decode mux sandwich optimization (accepts: 0, rejects: 0, runtime: 0.000s)
Starting decode mux optimization [v1.0] (stage: pre_rtlopt, startdef: alarm_clock_top, recur: true)
Completed decode mux optimization (accepts: 0, rejects: 0, runtime: 0.000s)
Starting chop wide muxes [v1.0] (stage: pre_rtlopt, startdef: alarm_clock_top, recur: true)
Completed chop wide muxes (accepts: 0, rejects: 0, runtime: 0.000s)
Starting common data mux cascade opt [v1.0] (stage: pre_rtlopt, startdef: alarm_clock_top, recur: true)
Completed common data mux cascade opt (accepts: 0, rejects: 0, runtime: 0.000s)
Starting mux input consolidation [v1.0] (stage: pre_rtlopt, startdef: alarm_clock_top, recur: true)
Completed mux input consolidation (accepts: 0, rejects: 0, runtime: 0.000s)
Starting constant-data mux optimization [v1.0] (stage: pre_rtlopt, startdef: alarm_clock_top, recur: true)
Completed constant-data mux optimization (accepts: 0, rejects: 0, runtime: 0.000s)
Starting chain-to-tree inequality transform [v2.0] (stage: pre_rtlopt, startdef: alarm_clock_top, recur: true)
Completed chain-to-tree inequality transform (accepts: 0, rejects: 0, runtime: 0.001s)
Starting reconvergence optimization [v1.0] (stage: pre_rtlopt, startdef: alarm_clock_top, recur: true)
Completed reconvergence optimization (accepts: 0, rejects: 0, runtime: 0.000s)
Starting logic restructure optimization [v1.0] (stage: pre_rtlopt, startdef: alarm_clock_top, recur: true)
Completed logic restructure optimization (accepts: 0, rejects: 0, runtime: 0.000s)
Starting common select mux optimization [v1.0] (stage: pre_rtlopt, startdef: alarm_clock_top, recur: true)
Completed common select mux optimization (accepts: 0, rejects: 1, runtime: 0.000s)
Starting identity transform [v3.0] (stage: pre_rtlopt, startdef: alarm_clock_top, recur: true)
Completed identity transform (accepts: 0, rejects: 0, runtime: 0.000s)
Starting reduce operator chain [v1.0] (stage: pre_rtlopt, startdef: alarm_clock_top, recur: true)
Completed reduce operator chain (accepts: 0, rejects: 0, runtime: 0.000s)
Starting common data mux cascade opt [v1.0] (stage: pre_rtlopt, startdef: alarm_clock_top, recur: true)
Completed common data mux cascade opt (accepts: 0, rejects: 0, runtime: 0.000s)
Starting mux input consolidation [v1.0] (stage: pre_rtlopt, startdef: alarm_clock_top, recur: true)
Completed mux input consolidation (accepts: 0, rejects: 0, runtime: 0.000s)
Starting optimize datapath elements [v1.0] (stage: pre_rtlopt, startdef: alarm_clock_top, recur: true)
Completed optimize datapath elements (accepts: 0, rejects: 0, runtime: 0.000s)
Starting datapath recasting [v1.0] (stage: pre_rtlopt, startdef: alarm_clock_top, recur: true)
Completed datapath recasting (accepts: 0, rejects: 0, runtime: 0.000s)
Starting clip mux common data inputs [v1.0] (stage: pre_rtlopt, startdef: alarm_clock_top, recur: true)
Completed clip mux common data inputs (accepts: 0, rejects: 0, runtime: 0.000s)
Starting clip the non-user hierarchies [v2.0] (stage: pre_rtlopt, startdef: alarm_clock_top, recur: true)
Completed clip the non-user hierarchies (accepts: 0, rejects: 0, runtime: 0.000s)

Stage: pre_rtlopt
----------------------------------------------------------------
| Transform                 | Accepts | Rejects | Runtime (ms) | 
----------------------------------------------------------------
| hlo_infer_macro           |       0 |       0 |         1.00 | 
| hlo_decode_mux_sandwich   |       0 |       0 |         0.00 | 
| hlo_mux_decode            |       0 |       0 |         0.00 | 
| hlo_chop_mux              |       0 |       0 |         0.00 | 
| hlo_mux_cascade_opt       |       0 |       0 |         0.00 | 
| hlo_mux_consolidation     |       0 |       0 |         0.00 | 
| hlo_constant_mux_opt      |       0 |       0 |         0.00 | 
| hlo_inequality_transform  |       0 |       0 |         1.00 | 
| hlo_reconv_opt            |       0 |       0 |         0.00 | 
| hlo_restructure           |       0 |       0 |         0.00 | 
| hlo_common_select_muxopto |       0 |       1 |         0.00 | 
| hlo_identity_transform    |       0 |       0 |         0.00 | 
| hlo_reduce_operator_chain |       0 |       0 |         0.00 | 
| hlo_mux_cascade_opt       |       0 |       0 |         0.00 | 
| hlo_mux_consolidation     |       0 |       0 |         0.00 | 
| hlo_optimize_datapath     |       0 |       0 |         0.00 | 
| hlo_datapath_recast       |       0 |       0 |         0.00 | 
| hlo_clip_mux_input        |       0 |       0 |         0.00 | 
| hlo_clip                  |       0 |       0 |         0.00 | 
----------------------------------------------------------------
Running Unified Mux Engine Tricks...
Completed Unified Mux Engine Tricks

Stage: post_hlo_rtlopt
--------------------------------------------------
| Trick       | Accepts | Rejects | Runtime (ms) | 
--------------------------------------------------
| ume_runtime |       0 |       0 |         0.00 | 
--------------------------------------------------
Number of big hc bmuxes before = 0
Number of non-ctl's : 12
g136 g138 g156 g158 g159 g161 g163 g175 g179 g180 mux_alarm_on_29_15 mux_state_29_15 
SOP DEBUG : Module= alarm_controller, Cluster= ctl_state_29_15, ctl= 1, Non-ctl= 12
Selected impl_type 1 (pla_form1 (optimized)) for sop cluster ctl_state_29_15.
Info    : Pre-processed datapath logic. [DPOPT-6]
        : Pre-processing optimizations applied to datapath logic in 'alarm_clock_top':
          sop(1) 
Info    : Optimizing datapath logic. [DPOPT-1]
        : Optimizing datapath logic in 'alarm_clock_top'.
Info    : Implementing datapath configurations. [DPOPT-3]
        : Implementing datapath configurations for 'CDN_DP_region_5_0'
CSAGen Prep Share:0 Re-Write:1 Speculation: 0
MaxCSA: Successfully built Maximal CSA Expression Expr0
CDN_DP_region_5_0 level = 0 loads = 0 drivers = 0
CDN_DP_region_5_0_c0 in time_generator: area: 1369439605 ,dp = 2 mux = 1 sg = slow         worst_clk_period: -1.0000 
    wns: 0  norm_wns:  -1.0000 
    fail_endp: -1 
    tns:  0  tns_per_endp:  -1.0000   norm_tns_per_endp:  -1.0000 
    tns_sense_max:  -1.0000  tns_sense_avg:  -1.0000   tns_sense_num: -1
 skipped
CDN_DP_region_5_0_c1 in time_generator: area: 1140563905 ,dp = 2 mux = 1 sg = fast         worst_clk_period: -1.0000 
    wns: 0  norm_wns:  -1.0000 
    fail_endp: -1 
    tns:  0  tns_per_endp:  -1.0000   norm_tns_per_endp:  -1.0000 
    tns_sense_max:  -1.0000  tns_sense_avg:  -1.0000   tns_sense_num: -1
 is current best
CDN_DP_region_5_0_c2 in time_generator: area: 1140563905 ,dp = 2 mux = 1 sg = very_slow    worst_clk_period: -1.0000 
    wns: 0  norm_wns:  -1.0000 
    fail_endp: -1 
    tns:  0  tns_per_endp:  -1.0000   norm_tns_per_endp:  -1.0000 
    tns_sense_max:  -1.0000  tns_sense_avg:  -1.0000   tns_sense_num: -1
 is current best
CDN_DP_region_5_0_c3 in time_generator: area: 1140563905 ,dp = 2 mux = 1 sg = very_fast    worst_clk_period: -1.0000 
    wns: 0  norm_wns:  -1.0000 
    fail_endp: -1 
    tns:  0  tns_per_endp:  -1.0000   norm_tns_per_endp:  -1.0000 
    tns_sense_max:  -1.0000  tns_sense_avg:  -1.0000   tns_sense_num: -1
 is current best
CDN_DP_region_5_0_c4 in time_generator: area: 1140563905 ,dp = 2 mux = 1 sg = very_fast    worst_clk_period: -1.0000 
    wns: 0  norm_wns:  -1.0000 
    fail_endp: -1 
    tns:  0  tns_per_endp:  -1.0000   norm_tns_per_endp:  -1.0000 
    tns_sense_max:  -1.0000  tns_sense_avg:  -1.0000   tns_sense_num: -1
 is current best
CDN_DP_region_5_0_c5 in time_generator: area: 1140563905 ,dp = 2 mux = 1 sg = very_fast    worst_clk_period: -1.0000 
    wns: 0  norm_wns:  -1.0000 
    fail_endp: -1 
    tns:  0  tns_per_endp:  -1.0000   norm_tns_per_endp:  -1.0000 
    tns_sense_max:  -1.0000  tns_sense_avg:  -1.0000   tns_sense_num: -1
 is current best
CDN_DP_region_5_0_c6 in time_generator: area: 1140563905 ,dp = 2 mux = 1 sg = very_fast    worst_clk_period: -1.0000 
    wns: 0  norm_wns:  -1.0000 
    fail_endp: -1 
    tns:  0  tns_per_endp:  -1.0000   norm_tns_per_endp:  -1.0000 
    tns_sense_max:  -1.0000  tns_sense_avg:  -1.0000   tns_sense_num: -1
 is current best
CDN_DP_region_5_0_c7 in time_generator: area: 2029364540 ,dp = 2 mux = 1 sg = very_fast    worst_clk_period: -1.0000 
    wns: 0  norm_wns:  -1.0000 
    fail_endp: -1 
    tns:  0  tns_per_endp:  -1.0000   norm_tns_per_endp:  -1.0000 
    tns_sense_max:  -1.0000  tns_sense_avg:  -1.0000   tns_sense_num: -1

Best config: CDN_DP_region_5_0_c6 in time_generator: area: 1140563905 ,dp = 2 mux = 1 sg = very_fast    worst_clk_period: -1.0000 
    wns: 0  norm_wns:  -1.0000 
    fail_endp: -1 
    tns:  0  tns_per_endp:  -1.0000   norm_tns_per_endp:  -1.0000 
    tns_sense_max:  -1.0000  tns_sense_avg:  -1.0000   tns_sense_num: -1
  Smallest config area : 1140563905.  Fastest config wns;  0
##>+----------------------------------------------------------------------------------------------------------------------------------------------------------------+
##>Summary table of configs (Best config is CDN_DP_region_5_0_c6)
##>+----------------------------------------------------------------------------------------------------------------------------------------------------------------+
##>                     0                  1                  2                  3                  4                  5                  6                  7            
##>+----------------------------------------------------------------------------------------------------------------------------------------------------------------+
##>           Area       1369439605         1140563905         1140563905         1140563905         1140563905         1140563905         1140563905         2029364540  
##>            WNS         +8057.30           +8229.30           +8229.30           +8229.30           +8229.30           +8229.30           +8229.30           +7629.10  
##>            TNS                0                  0                  0                  0                  0                  0                  0                  0  
##>    Num Rewrite                0                  0                  0                  0                  0                  0                  0                  1  
##>     Num Factor                0                  0                  0                  0                  0                  0                  0                  0  
##>      Num Share                0                  0                  0                  0                  0                  0                  0                  0  
##>   Num CmultCse                0                  0                  0                  0                  0                  0                  0                  0  
##>   Num Downsize                0                  0                  0                  0                  0                  0                  0                  0  
##>  Num Speculate                0                  0                  0                  0                  0                  0                  0                  0  
##>     Runtime(s)                0                  0                  0                  0                  0                  0                  0                  0  
+----------------------------------------------------------------------------------------------------------------------------------------------------------------+
##>
##>
##>+------------------------------------------------------------------------------------------------------------------------------------------------------------+
##>Optimization Step DEBUG Table for config CDN_DP_region_5_0_c6
##>
##>                          Step                        Area   ( % Chg)        WNS (Change)        TNS (Change)          Runtime (s)        Comment                   
##>+------------------------------------------------------------------------------------------------------------------------------------------------------------+
##>createMaxCarrySave              START             1369439605 (      )    107382239.70 (        )             0 (        )              
##> datapath_rewrite_one_def       START             1369439605 ( +0.00)    107382239.70 (   +0.00)             0 (       0)              
##>  fast_cse_elim                 START             1369439605 ( +0.00)    107382239.70 (   +0.00)             0 (       0)              
##>                                  END             1369439605 ( +0.00)    107382239.70 (   +0.00)             0 (       0)           0  
##>  fast_cse_elim                 START             1369439605 ( +0.00)    107382239.70 (   +0.00)             0 (       0)              
##>                                  END             1369439605 ( +0.00)    107382239.70 (   +0.00)             0 (       0)           0  
##>                                  END             1369439605 ( +0.00)    107382239.70 (   +0.00)             0 (       0)           0  
##> dpopt_share_one_def            START             1369439605 ( +0.00)    107382239.70 (   +0.00)             0 (       0)              
##>                                  END             1369439605 ( +0.00)    107382239.70 (   +0.00)             0 (       0)           0  
##> csa_opto                       START             1369439605 ( +0.00)    214748364.70 (+107366125.00)             0 (       0)              
##>                                  END             1285518515 ( -6.13)    214748364.70 (   +0.00)             0 (       0)           0  
##>                                  END             1285518515 ( -6.13)    214748364.70 (+107366125.00)             0 (       0)           0  
##>canonicalize_by_names           START             1285518515 ( +0.00)    214748364.70 (   +0.00)             0 (       0)              
##>                                  END             1285518515 ( +0.00)    214748364.70 (   +0.00)             0 (       0)           0  
##>datapath_rewrite_post_csa_one_  START             1285518515 ( +0.00)    214748364.70 (   +0.00)             0 (       0)              
##>                                  END             1285518515 ( +0.00)    214748364.70 (   +0.00)             0 (       0)           0  
##>datapath_csa_factoring_one_gde  START             1285518515 ( +0.00)    214748364.70 (   +0.00)             0 (       0)              
##>                                  END             1285518515 ( +0.00)    214748364.70 (   +0.00)             0 (       0)           0  
##>dpopt_share_one_def             START             1285518515 ( +0.00)    214748364.70 (   +0.00)             0 (       0)              
##>                                  END             1285518515 ( +0.00)    214748364.70 (   +0.00)             0 (       0)           0  
##>datapath_rewrite_post_share     START             1285518515 ( +0.00)    214748364.70 (   +0.00)             0 (       0)              
##>                                  END             1285518515 ( +0.00)    214748364.70 (   +0.00)             0 (       0)           0  
##>dp_combine_const_mult_with_com  START             1285518515 ( +0.00)    214748364.70 (   +0.00)             0 (       0)              
##>                                  END             1285518515 ( +0.00)    214748364.70 (   +0.00)             0 (       0)           0  
##>dp_operator_level_decompositio  START             1285518515 ( +0.00)    214748364.70 (   +0.00)             0 (       0)              
##>                                  END             1285518515 ( +0.00)    214748364.70 (   +0.00)             0 (       0)           0  
##>selective_flatten_dp_config     START             1285518515 ( +0.00)    214748364.70 (   +0.00)             0 (       0)              
##>                                  END             1285518515 ( +0.00)    214748364.70 (   +0.00)             0 (       0)           0  
##>createMaxCarrySave              START             1285518515 ( +0.00)    214748364.70 (   +0.00)             0 (       0)              
##> datapath_rewrite_one_def       START             1285518515 ( +0.00)    214748364.70 (   +0.00)             0 (       0)              
##>  fast_cse_elim                 START             1285518515 ( +0.00)    214748364.70 (   +0.00)             0 (       0)              
##>                                  END             1285518515 ( +0.00)    214748364.70 (   +0.00)             0 (       0)           0  
##>  fast_cse_elim                 START             1285518515 ( +0.00)    214748364.70 (   +0.00)             0 (       0)              
##>                                  END             1285518515 ( +0.00)    214748364.70 (   +0.00)             0 (       0)           0  
##>                                  END             1285518515 ( +0.00)    214748364.70 (   +0.00)             0 (       0)           0  
##> dpopt_share_one_def            START             1285518515 ( +0.00)    214748364.70 (   +0.00)             0 (       0)              
##>                                  END             1285518515 ( +0.00)    214748364.70 (   +0.00)             0 (       0)           0  
##> csa_opto                       START             1285518515 ( +0.00)    214748364.70 (   +0.00)             0 (       0)              
##>                                  END             1285518515 ( +0.00)    214748364.70 (   +0.00)             0 (       0)           0  
##>                                  END             1285518515 ( +0.00)    214748364.70 (   +0.00)             0 (       0)           0  
##>context_based_simplify          START             1270260135 ( -1.19)    214748364.70 (   +0.00)             0 (       0)              
##>                                  END             1140563905 (-10.21)    214748364.70 (   +0.00)             0 (       0)           0  
##>group_csa_final_adder_dp        START             1140563905 ( +0.00)    214748364.70 (   +0.00)             0 (       0)              
##>                                  END             1140563905 ( +0.00)    214748364.70 (   +0.00)             0 (       0)           0  
##>dpopt_flatten_critical_muxes_i  START             1140563905 ( +0.00)    214748364.70 (   +0.00)             0 (       0)              
##>                                  END             1140563905 ( +0.00)    214748364.70 (   +0.00)             0 (       0)           0  
##>create_score                    START             1140563905 ( +0.00)     8229.30 (-214740135.40)             0 (       0)              
##>                                  END             1140563905 ( +0.00)     8229.30 (   +0.00)             0 (       0)           0  
##>+------------------------------------------------------------------------------------------------------------------------------------------------------------+
Committed config: CDN_DP_region_5_0_c6
Info    : Done implementing datapath configurations. [DPOPT-4]
        : Selected 'very_fast' configuration 6 for module 'CDN_DP_region_5_0'.
          Optimizations applied to 'very_fast' configuration:
            rewriting(0), factoring(0), sharing(0), cmultcse(0), downsizing(0), speculation(0)
Info    : Implementing datapath configurations. [DPOPT-3]
        : Implementing datapath configurations for 'CDN_DP_region_4_1'
CSAGen Prep Share:0 Re-Write:0 Speculation: 0
MaxCSA: Successfully built Maximal CSA Expression Expr1
CDN_DP_region_4_1 level = 0 loads = 0 drivers = 0
CDN_DP_region_4_1_c0 in time_counter: area: 221246510 ,dp = 1 mux = 1 sg = slow         worst_clk_period: -1.0000 
    wns: 0  norm_wns:  -1.0000 
    fail_endp: -1 
    tns:  0  tns_per_endp:  -1.0000   norm_tns_per_endp:  -1.0000 
    tns_sense_max:  -1.0000  tns_sense_avg:  -1.0000   tns_sense_num: -1
 skipped
CDN_DP_region_4_1_c1 in time_counter: area: 186915155 ,dp = 1 mux = 1 sg = fast         worst_clk_period: -1.0000 
    wns: 0  norm_wns:  -1.0000 
    fail_endp: -1 
    tns:  0  tns_per_endp:  -1.0000   norm_tns_per_endp:  -1.0000 
    tns_sense_max:  -1.0000  tns_sense_avg:  -1.0000   tns_sense_num: -1
 is current best
CDN_DP_region_4_1_c2 in time_counter: area: 186915155 ,dp = 1 mux = 1 sg = very_slow    worst_clk_period: -1.0000 
    wns: 0  norm_wns:  -1.0000 
    fail_endp: -1 
    tns:  0  tns_per_endp:  -1.0000   norm_tns_per_endp:  -1.0000 
    tns_sense_max:  -1.0000  tns_sense_avg:  -1.0000   tns_sense_num: -1
 is current best
CDN_DP_region_4_1_c3 in time_counter: area: 186915155 ,dp = 1 mux = 1 sg = very_fast    worst_clk_period: -1.0000 
    wns: 0  norm_wns:  -1.0000 
    fail_endp: -1 
    tns:  0  tns_per_endp:  -1.0000   norm_tns_per_endp:  -1.0000 
    tns_sense_max:  -1.0000  tns_sense_avg:  -1.0000   tns_sense_num: -1
 is current best
CDN_DP_region_4_1_c4 in time_counter: area: 186915155 ,dp = 1 mux = 1 sg = very_fast    worst_clk_period: -1.0000 
    wns: 0  norm_wns:  -1.0000 
    fail_endp: -1 
    tns:  0  tns_per_endp:  -1.0000   norm_tns_per_endp:  -1.0000 
    tns_sense_max:  -1.0000  tns_sense_avg:  -1.0000   tns_sense_num: -1
 is current best
CDN_DP_region_4_1_c5 in time_counter: area: 186915155 ,dp = 1 mux = 1 sg = very_fast    worst_clk_period: -1.0000 
    wns: 0  norm_wns:  -1.0000 
    fail_endp: -1 
    tns:  0  tns_per_endp:  -1.0000   norm_tns_per_endp:  -1.0000 
    tns_sense_max:  -1.0000  tns_sense_avg:  -1.0000   tns_sense_num: -1
 is current best
CDN_DP_region_4_1_c6 in time_counter: area: 186915155 ,dp = 1 mux = 1 sg = very_fast    worst_clk_period: -1.0000 
    wns: 0  norm_wns:  -1.0000 
    fail_endp: -1 
    tns:  0  tns_per_endp:  -1.0000   norm_tns_per_endp:  -1.0000 
    tns_sense_max:  -1.0000  tns_sense_avg:  -1.0000   tns_sense_num: -1
 is current best
CDN_DP_region_4_1_c7 in time_counter: area: 186915155 ,dp = 1 mux = 1 sg = very_fast    worst_clk_period: -1.0000 
    wns: 0  norm_wns:  -1.0000 
    fail_endp: -1 
    tns:  0  tns_per_endp:  -1.0000   norm_tns_per_endp:  -1.0000 
    tns_sense_max:  -1.0000  tns_sense_avg:  -1.0000   tns_sense_num: -1
 is current best
Best config: CDN_DP_region_4_1_c7 in time_counter: area: 186915155 ,dp = 1 mux = 1 sg = very_fast    worst_clk_period: -1.0000 
    wns: 0  norm_wns:  -1.0000 
    fail_endp: -1 
    tns:  0  tns_per_endp:  -1.0000   norm_tns_per_endp:  -1.0000 
    tns_sense_max:  -1.0000  tns_sense_avg:  -1.0000   tns_sense_num: -1
  Smallest config area : 186915155.  Fastest config wns;  0
##>+----------------------------------------------------------------------------------------------------------------------------------------------------------------+
##>Summary table of configs (Best config is CDN_DP_region_4_1_c7)
##>+----------------------------------------------------------------------------------------------------------------------------------------------------------------+
##>                     0                  1                  2                  3                  4                  5                  6                  7            
##>+----------------------------------------------------------------------------------------------------------------------------------------------------------------+
##>           Area        221246510          186915155          186915155          186915155          186915155          186915155          186915155          186915155  
##>            WNS         +7215.00           +7215.00           +7215.00           +7215.00           +7215.00           +7215.00           +7215.00           +7215.00  
##>            TNS                0                  0                  0                  0                  0                  0                  0                  0  
##>    Num Rewrite                0                  0                  0                  0                  0                  0                  0                  0  
##>     Num Factor                0                  0                  0                  0                  0                  0                  0                  0  
##>      Num Share                0                  0                  0                  0                  0                  0                  0                  0  
##>   Num CmultCse                0                  0                  0                  0                  0                  0                  0                  0  
##>   Num Downsize                0                  0                  0                  0                  0                  0                  0                  0  
##>  Num Speculate                0                  0                  0                  0                  0                  0                  0                  0  
##>     Runtime(s)                0                  0                  0                  0                  0                  0                  0                  0  
+----------------------------------------------------------------------------------------------------------------------------------------------------------------+
##>
##>
##>+------------------------------------------------------------------------------------------------------------------------------------------------------------+
##>Optimization Step DEBUG Table for config CDN_DP_region_4_1_c7
##>
##>                          Step                        Area   ( % Chg)        WNS (Change)        TNS (Change)          Runtime (s)        Comment                   
##>+------------------------------------------------------------------------------------------------------------------------------------------------------------+
##>EquationExtraction              START              221246510 (      )     7215.00 (        )             0 (        )              
##> rewrite                        START              316611385 (+43.10)     7191.60 (  -23.40)             0 (       0)              (a,ar) Expr1_from --> Expr1_to
##>                                  END              507341135 (+60.24)     7191.60 (   +0.00)             0 (       0)           0  
##>                                  END              221246510 ( +0.00)     7215.00 (   +0.00)             0 (       0)           0  
##>createMaxCarrySave              START              221246510 ( +0.00)     7215.00 (   +0.00)             0 (       0)              
##> datapath_rewrite_one_def       START              221246510 ( +0.00)     7215.00 (   +0.00)             0 (       0)              
##>                                  END              221246510 ( +0.00)     7215.00 (   +0.00)             0 (       0)           0  
##> csa_opto                       START              221246510 ( +0.00)     7215.00 (   +0.00)             0 (       0)              
##>                                  END              221246510 ( +0.00)     7215.00 (   +0.00)             0 (       0)           0  
##>                                  END              221246510 ( +0.00)     7215.00 (   +0.00)             0 (       0)           0  
##>canonicalize_by_names           START              221246510 ( +0.00)     7215.00 (   +0.00)             0 (       0)              
##>                                  END              221246510 ( +0.00)     7215.00 (   +0.00)             0 (       0)           0  
##>datapath_rewrite_post_csa_one_  START              221246510 ( +0.00)     7215.00 (   +0.00)             0 (       0)              
##>                                  END              221246510 ( +0.00)     7215.00 (   +0.00)             0 (       0)           0  
##>datapath_csa_factoring_one_gde  START              221246510 ( +0.00)     7215.00 (   +0.00)             0 (       0)              
##>                                  END              221246510 ( +0.00)     7215.00 (   +0.00)             0 (       0)           0  
##>dpopt_share_one_def             START              221246510 ( +0.00)     7215.00 (   +0.00)             0 (       0)              
##>                                  END              221246510 ( +0.00)     7215.00 (   +0.00)             0 (       0)           0  
##>datapath_rewrite_post_share     START              221246510 ( +0.00)     7215.00 (   +0.00)             0 (       0)              
##>                                  END              221246510 ( +0.00)     7215.00 (   +0.00)             0 (       0)           0  
##>dp_combine_const_mult_with_com  START              221246510 ( +0.00)     7215.00 (   +0.00)             0 (       0)              
##>                                  END              221246510 ( +0.00)     7215.00 (   +0.00)             0 (       0)           0  
##>dp_operator_level_decompositio  START              221246510 ( +0.00)     7215.00 (   +0.00)             0 (       0)              
##>                                  END              221246510 ( +0.00)     7215.00 (   +0.00)             0 (       0)           0  
##>selective_flatten_dp_config     START              221246510 ( +0.00)     7215.00 (   +0.00)             0 (       0)              
##>                                  END              221246510 ( +0.00)     7215.00 (   +0.00)             0 (       0)           0  
##>createMaxCarrySave              START              221246510 ( +0.00)     7215.00 (   +0.00)             0 (       0)              
##> datapath_rewrite_one_def       START              221246510 ( +0.00)     7215.00 (   +0.00)             0 (       0)              
##>  fast_cse_elim                 START              221246510 ( +0.00)     7215.00 (   +0.00)             0 (       0)              
##>                                  END              221246510 ( +0.00)     7215.00 (   +0.00)             0 (       0)           0  
##>  fast_cse_elim                 START              221246510 ( +0.00)     7215.00 (   +0.00)             0 (       0)              
##>                                  END              221246510 ( +0.00)     7215.00 (   +0.00)             0 (       0)           0  
##>                                  END              221246510 ( +0.00)     7215.00 (   +0.00)             0 (       0)           0  
##> csa_opto                       START              221246510 ( +0.00)     7215.00 (   +0.00)             0 (       0)              
##>                                  END              221246510 ( +0.00)     7215.00 (   +0.00)             0 (       0)           0  
##>                                  END              221246510 ( +0.00)     7215.00 (   +0.00)             0 (       0)           0  
##>context_based_simplify          START              205988130 ( -6.90)     7215.00 (   +0.00)             0 (       0)              
##>                                  END              186915155 ( -9.26)     7215.00 (   +0.00)             0 (       0)           0  
##>group_csa_final_adder_dp        START              186915155 ( +0.00)     7215.00 (   +0.00)             0 (       0)              
##>                                  END              186915155 ( +0.00)     7215.00 (   +0.00)             0 (       0)           0  
##>dpopt_flatten_critical_muxes_i  START              186915155 ( +0.00)     7215.00 (   +0.00)             0 (       0)              
##>                                  END              186915155 ( +0.00)     7215.00 (   +0.00)             0 (       0)           0  
##>create_score                    START              186915155 ( +0.00)     7215.00 (   +0.00)             0 (       0)              
##>                                  END              186915155 ( +0.00)     7215.00 (   +0.00)             0 (       0)           0  
##>+------------------------------------------------------------------------------------------------------------------------------------------------------------+
Committed config: CDN_DP_region_4_1_c7
Info    : Done implementing datapath configurations. [DPOPT-4]
        : Selected 'very_fast' configuration 7 for module 'CDN_DP_region_4_1'.
          Optimizations applied to 'very_fast' configuration:
            rewriting(0), factoring(0), sharing(0), cmultcse(0), downsizing(0), speculation(0)
Info    : Implementing datapath configurations. [DPOPT-3]
        : Implementing datapath configurations for 'CDN_DP_region_4_0'
CSAGen Prep Share:0 Re-Write:0 Speculation: 0
MaxCSA: Successfully built Maximal CSA Expression Expr2
CDN_DP_region_4_0 level = 0 loads = 0 drivers = 0
CDN_DP_region_4_0_c0 in time_counter: area: 221246510 ,dp = 1 mux = 1 sg = slow         worst_clk_period: -1.0000 
    wns: 0  norm_wns:  -1.0000 
    fail_endp: -1 
    tns:  0  tns_per_endp:  -1.0000   norm_tns_per_endp:  -1.0000 
    tns_sense_max:  -1.0000  tns_sense_avg:  -1.0000   tns_sense_num: -1
 skipped
CDN_DP_region_4_0_c1 in time_counter: area: 186915155 ,dp = 1 mux = 1 sg = fast         worst_clk_period: -1.0000 
    wns: 0  norm_wns:  -1.0000 
    fail_endp: -1 
    tns:  0  tns_per_endp:  -1.0000   norm_tns_per_endp:  -1.0000 
    tns_sense_max:  -1.0000  tns_sense_avg:  -1.0000   tns_sense_num: -1
 is current best
CDN_DP_region_4_0_c2 in time_counter: area: 186915155 ,dp = 1 mux = 1 sg = very_slow    worst_clk_period: -1.0000 
    wns: 0  norm_wns:  -1.0000 
    fail_endp: -1 
    tns:  0  tns_per_endp:  -1.0000   norm_tns_per_endp:  -1.0000 
    tns_sense_max:  -1.0000  tns_sense_avg:  -1.0000   tns_sense_num: -1
 is current best
CDN_DP_region_4_0_c3 in time_counter: area: 186915155 ,dp = 1 mux = 1 sg = very_fast    worst_clk_period: -1.0000 
    wns: 0  norm_wns:  -1.0000 
    fail_endp: -1 
    tns:  0  tns_per_endp:  -1.0000   norm_tns_per_endp:  -1.0000 
    tns_sense_max:  -1.0000  tns_sense_avg:  -1.0000   tns_sense_num: -1
 is current best
CDN_DP_region_4_0_c4 in time_counter: area: 186915155 ,dp = 1 mux = 1 sg = very_fast    worst_clk_period: -1.0000 
    wns: 0  norm_wns:  -1.0000 
    fail_endp: -1 
    tns:  0  tns_per_endp:  -1.0000   norm_tns_per_endp:  -1.0000 
    tns_sense_max:  -1.0000  tns_sense_avg:  -1.0000   tns_sense_num: -1
 is current best
CDN_DP_region_4_0_c5 in time_counter: area: 186915155 ,dp = 1 mux = 1 sg = very_fast    worst_clk_period: -1.0000 
    wns: 0  norm_wns:  -1.0000 
    fail_endp: -1 
    tns:  0  tns_per_endp:  -1.0000   norm_tns_per_endp:  -1.0000 
    tns_sense_max:  -1.0000  tns_sense_avg:  -1.0000   tns_sense_num: -1
 is current best
CDN_DP_region_4_0_c6 in time_counter: area: 186915155 ,dp = 1 mux = 1 sg = very_fast    worst_clk_period: -1.0000 
    wns: 0  norm_wns:  -1.0000 
    fail_endp: -1 
    tns:  0  tns_per_endp:  -1.0000   norm_tns_per_endp:  -1.0000 
    tns_sense_max:  -1.0000  tns_sense_avg:  -1.0000   tns_sense_num: -1
 is current best
CDN_DP_region_4_0_c7 in time_counter: area: 186915155 ,dp = 1 mux = 1 sg = very_fast    worst_clk_period: -1.0000 
    wns: 0  norm_wns:  -1.0000 
    fail_endp: -1 
    tns:  0  tns_per_endp:  -1.0000   norm_tns_per_endp:  -1.0000 
    tns_sense_max:  -1.0000  tns_sense_avg:  -1.0000   tns_sense_num: -1
 is current best
Best config: CDN_DP_region_4_0_c7 in time_counter: area: 186915155 ,dp = 1 mux = 1 sg = very_fast    worst_clk_period: -1.0000 
    wns: 0  norm_wns:  -1.0000 
    fail_endp: -1 
    tns:  0  tns_per_endp:  -1.0000   norm_tns_per_endp:  -1.0000 
    tns_sense_max:  -1.0000  tns_sense_avg:  -1.0000   tns_sense_num: -1
  Smallest config area : 186915155.  Fastest config wns;  0
##>+----------------------------------------------------------------------------------------------------------------------------------------------------------------+
##>Summary table of configs (Best config is CDN_DP_region_4_0_c7)
##>+----------------------------------------------------------------------------------------------------------------------------------------------------------------+
##>                     0                  1                  2                  3                  4                  5                  6                  7            
##>+----------------------------------------------------------------------------------------------------------------------------------------------------------------+
##>           Area        221246510          186915155          186915155          186915155          186915155          186915155          186915155          186915155  
##>            WNS         +7215.00           +7215.00           +7215.00           +7215.00           +7215.00           +7215.00           +7215.00           +7215.00  
##>            TNS                0                  0                  0                  0                  0                  0                  0                  0  
##>    Num Rewrite                0                  0                  0                  0                  0                  0                  0                  0  
##>     Num Factor                0                  0                  0                  0                  0                  0                  0                  0  
##>      Num Share                0                  0                  0                  0                  0                  0                  0                  0  
##>   Num CmultCse                0                  0                  0                  0                  0                  0                  0                  0  
##>   Num Downsize                0                  0                  0                  0                  0                  0                  0                  0  
##>  Num Speculate                0                  0                  0                  0                  0                  0                  0                  0  
##>     Runtime(s)                0                  0                  0                  0                  0                  0                  0                  0  
+----------------------------------------------------------------------------------------------------------------------------------------------------------------+
##>
##>
##>+------------------------------------------------------------------------------------------------------------------------------------------------------------+
##>Optimization Step DEBUG Table for config CDN_DP_region_4_0_c7
##>
##>                          Step                        Area   ( % Chg)        WNS (Change)        TNS (Change)          Runtime (s)        Comment                   
##>+------------------------------------------------------------------------------------------------------------------------------------------------------------+
##>EquationExtraction              START              221246510 (      )     7215.00 (        )             0 (        )              
##> rewrite                        START              316611385 (+43.10)     7191.60 (  -23.40)             0 (       0)              (a,ar) Expr2_from --> Expr2_to
##>                                  END              507341135 (+60.24)     7191.60 (   +0.00)             0 (       0)           0  
##>                                  END              221246510 ( +0.00)     7215.00 (   +0.00)             0 (       0)           0  
##>createMaxCarrySave              START              221246510 ( +0.00)     7215.00 (   +0.00)             0 (       0)              
##> datapath_rewrite_one_def       START              221246510 ( +0.00)     7215.00 (   +0.00)             0 (       0)              
##>                                  END              221246510 ( +0.00)     7215.00 (   +0.00)             0 (       0)           0  
##> csa_opto                       START              221246510 ( +0.00)     7215.00 (   +0.00)             0 (       0)              
##>                                  END              221246510 ( +0.00)     7215.00 (   +0.00)             0 (       0)           0  
##>                                  END              221246510 ( +0.00)     7215.00 (   +0.00)             0 (       0)           0  
##>canonicalize_by_names           START              221246510 ( +0.00)     7215.00 (   +0.00)             0 (       0)              
##>                                  END              221246510 ( +0.00)     7215.00 (   +0.00)             0 (       0)           0  
##>datapath_rewrite_post_csa_one_  START              221246510 ( +0.00)     7215.00 (   +0.00)             0 (       0)              
##>                                  END              221246510 ( +0.00)     7215.00 (   +0.00)             0 (       0)           0  
##>datapath_csa_factoring_one_gde  START              221246510 ( +0.00)     7215.00 (   +0.00)             0 (       0)              
##>                                  END              221246510 ( +0.00)     7215.00 (   +0.00)             0 (       0)           0  
##>dpopt_share_one_def             START              221246510 ( +0.00)     7215.00 (   +0.00)             0 (       0)              
##>                                  END              221246510 ( +0.00)     7215.00 (   +0.00)             0 (       0)           0  
##>datapath_rewrite_post_share     START              221246510 ( +0.00)     7215.00 (   +0.00)             0 (       0)              
##>                                  END              221246510 ( +0.00)     7215.00 (   +0.00)             0 (       0)           0  
##>dp_combine_const_mult_with_com  START              221246510 ( +0.00)     7215.00 (   +0.00)             0 (       0)              
##>                                  END              221246510 ( +0.00)     7215.00 (   +0.00)             0 (       0)           0  
##>dp_operator_level_decompositio  START              221246510 ( +0.00)     7215.00 (   +0.00)             0 (       0)              
##>                                  END              221246510 ( +0.00)     7215.00 (   +0.00)             0 (       0)           0  
##>selective_flatten_dp_config     START              221246510 ( +0.00)     7215.00 (   +0.00)             0 (       0)              
##>                                  END              221246510 ( +0.00)     7215.00 (   +0.00)             0 (       0)           0  
##>createMaxCarrySave              START              221246510 ( +0.00)     7215.00 (   +0.00)             0 (       0)              
##> datapath_rewrite_one_def       START              221246510 ( +0.00)     7215.00 (   +0.00)             0 (       0)              
##>  fast_cse_elim                 START              221246510 ( +0.00)     7215.00 (   +0.00)             0 (       0)              
##>                                  END              221246510 ( +0.00)     7215.00 (   +0.00)             0 (       0)           0  
##>  fast_cse_elim                 START              221246510 ( +0.00)     7215.00 (   +0.00)             0 (       0)              
##>                                  END              221246510 ( +0.00)     7215.00 (   +0.00)             0 (       0)           0  
##>                                  END              221246510 ( +0.00)     7215.00 (   +0.00)             0 (       0)           0  
##> csa_opto                       START              221246510 ( +0.00)     7215.00 (   +0.00)             0 (       0)              
##>                                  END              221246510 ( +0.00)     7215.00 (   +0.00)             0 (       0)           0  
##>                                  END              221246510 ( +0.00)     7215.00 (   +0.00)             0 (       0)           0  
##>context_based_simplify          START              205988130 ( -6.90)     7215.00 (   +0.00)             0 (       0)              
##>                                  END              186915155 ( -9.26)     7215.00 (   +0.00)             0 (       0)           0  
##>group_csa_final_adder_dp        START              186915155 ( +0.00)     7215.00 (   +0.00)             0 (       0)              
##>                                  END              186915155 ( +0.00)     7215.00 (   +0.00)             0 (       0)           0  
##>dpopt_flatten_critical_muxes_i  START              186915155 ( +0.00)     7215.00 (   +0.00)             0 (       0)              
##>                                  END              186915155 ( +0.00)     7215.00 (   +0.00)             0 (       0)           0  
##>create_score                    START              186915155 ( +0.00)     7215.00 (   +0.00)             0 (       0)              
##>                                  END              186915155 ( +0.00)     7215.00 (   +0.00)             0 (       0)           0  
##>+------------------------------------------------------------------------------------------------------------------------------------------------------------+
Committed config: CDN_DP_region_4_0_c7
Info    : Done implementing datapath configurations. [DPOPT-4]
        : Selected 'very_fast' configuration 7 for module 'CDN_DP_region_4_0'.
          Optimizations applied to 'very_fast' configuration:
            rewriting(0), factoring(0), sharing(0), cmultcse(0), downsizing(0), speculation(0)
Info    : Implementing datapath configurations. [DPOPT-3]
        : Implementing datapath configurations for 'CDN_DP_region_4_2'
CSAGen Prep Share:0 Re-Write:0 Speculation: 0
MaxCSA: Successfully built Maximal CSA Expression Expr3
CDN_DP_region_4_2 level = 0 loads = 0 drivers = 0
CDN_DP_region_4_2_c0 in time_counter: area: 179285965 ,dp = 1 mux = 1 sg = slow         worst_clk_period: -1.0000 
    wns: 0  norm_wns:  -1.0000 
    fail_endp: -1 
    tns:  0  tns_per_endp:  -1.0000   norm_tns_per_endp:  -1.0000 
    tns_sense_max:  -1.0000  tns_sense_avg:  -1.0000   tns_sense_num: -1
 skipped
CDN_DP_region_4_2_c1 in time_counter: area: 152583800 ,dp = 1 mux = 1 sg = fast         worst_clk_period: -1.0000 
    wns: 0  norm_wns:  -1.0000 
    fail_endp: -1 
    tns:  0  tns_per_endp:  -1.0000   norm_tns_per_endp:  -1.0000 
    tns_sense_max:  -1.0000  tns_sense_avg:  -1.0000   tns_sense_num: -1
 is current best
CDN_DP_region_4_2_c2 in time_counter: area: 152583800 ,dp = 1 mux = 1 sg = very_slow    worst_clk_period: -1.0000 
    wns: 0  norm_wns:  -1.0000 
    fail_endp: -1 
    tns:  0  tns_per_endp:  -1.0000   norm_tns_per_endp:  -1.0000 
    tns_sense_max:  -1.0000  tns_sense_avg:  -1.0000   tns_sense_num: -1
 is current best
CDN_DP_region_4_2_c3 in time_counter: area: 152583800 ,dp = 1 mux = 1 sg = very_fast    worst_clk_period: -1.0000 
    wns: 0  norm_wns:  -1.0000 
    fail_endp: -1 
    tns:  0  tns_per_endp:  -1.0000   norm_tns_per_endp:  -1.0000 
    tns_sense_max:  -1.0000  tns_sense_avg:  -1.0000   tns_sense_num: -1
 is current best
CDN_DP_region_4_2_c4 in time_counter: area: 152583800 ,dp = 1 mux = 1 sg = very_fast    worst_clk_period: -1.0000 
    wns: 0  norm_wns:  -1.0000 
    fail_endp: -1 
    tns:  0  tns_per_endp:  -1.0000   norm_tns_per_endp:  -1.0000 
    tns_sense_max:  -1.0000  tns_sense_avg:  -1.0000   tns_sense_num: -1
 is current best
CDN_DP_region_4_2_c5 in time_counter: area: 152583800 ,dp = 1 mux = 1 sg = very_fast    worst_clk_period: -1.0000 
    wns: 0  norm_wns:  -1.0000 
    fail_endp: -1 
    tns:  0  tns_per_endp:  -1.0000   norm_tns_per_endp:  -1.0000 
    tns_sense_max:  -1.0000  tns_sense_avg:  -1.0000   tns_sense_num: -1
 is current best
CDN_DP_region_4_2_c6 in time_counter: area: 152583800 ,dp = 1 mux = 1 sg = very_fast    worst_clk_period: -1.0000 
    wns: 0  norm_wns:  -1.0000 
    fail_endp: -1 
    tns:  0  tns_per_endp:  -1.0000   norm_tns_per_endp:  -1.0000 
    tns_sense_max:  -1.0000  tns_sense_avg:  -1.0000   tns_sense_num: -1
 is current best
CDN_DP_region_4_2_c7 in time_counter: area: 152583800 ,dp = 1 mux = 1 sg = very_fast    worst_clk_period: -1.0000 
    wns: 0  norm_wns:  -1.0000 
    fail_endp: -1 
    tns:  0  tns_per_endp:  -1.0000   norm_tns_per_endp:  -1.0000 
    tns_sense_max:  -1.0000  tns_sense_avg:  -1.0000   tns_sense_num: -1
 is current best
Best config: CDN_DP_region_4_2_c7 in time_counter: area: 152583800 ,dp = 1 mux = 1 sg = very_fast    worst_clk_period: -1.0000 
    wns: 0  norm_wns:  -1.0000 
    fail_endp: -1 
    tns:  0  tns_per_endp:  -1.0000   norm_tns_per_endp:  -1.0000 
    tns_sense_max:  -1.0000  tns_sense_avg:  -1.0000   tns_sense_num: -1
  Smallest config area : 152583800.  Fastest config wns;  0
##>+----------------------------------------------------------------------------------------------------------------------------------------------------------------+
##>Summary table of configs (Best config is CDN_DP_region_4_2_c7)
##>+----------------------------------------------------------------------------------------------------------------------------------------------------------------+
##>                     0                  1                  2                  3                  4                  5                  6                  7            
##>+----------------------------------------------------------------------------------------------------------------------------------------------------------------+
##>           Area        179285965          152583800          152583800          152583800          152583800          152583800          152583800          152583800  
##>            WNS         +7215.00           +7215.00           +7215.00           +7215.00           +7215.00           +7215.00           +7215.00           +7215.00  
##>            TNS                0                  0                  0                  0                  0                  0                  0                  0  
##>    Num Rewrite                0                  0                  0                  0                  0                  0                  0                  0  
##>     Num Factor                0                  0                  0                  0                  0                  0                  0                  0  
##>      Num Share                0                  0                  0                  0                  0                  0                  0                  0  
##>   Num CmultCse                0                  0                  0                  0                  0                  0                  0                  0  
##>   Num Downsize                0                  0                  0                  0                  0                  0                  0                  0  
##>  Num Speculate                0                  0                  0                  0                  0                  0                  0                  0  
##>     Runtime(s)                0                  0                  0                  0                  0                  0                  0                  0  
+----------------------------------------------------------------------------------------------------------------------------------------------------------------+
##>
##>
##>+------------------------------------------------------------------------------------------------------------------------------------------------------------+
##>Optimization Step DEBUG Table for config CDN_DP_region_4_2_c7
##>
##>                          Step                        Area   ( % Chg)        WNS (Change)        TNS (Change)          Runtime (s)        Comment                   
##>+------------------------------------------------------------------------------------------------------------------------------------------------------------+
##>EquationExtraction              START              179285965 (      )     7215.00 (        )             0 (        )              
##> rewrite                        START              251763270 (+40.43)     7191.60 (  -23.40)             0 (       0)              (a,ar) Expr3_from --> Expr3_to
##>                                  END              415790855 (+65.15)     7191.60 (   +0.00)             0 (       0)           0  
##>                                  END              179285965 ( +0.00)     7215.00 (   +0.00)             0 (       0)           0  
##>createMaxCarrySave              START              179285965 ( +0.00)     7215.00 (   +0.00)             0 (       0)              
##> datapath_rewrite_one_def       START              179285965 ( +0.00)     7215.00 (   +0.00)             0 (       0)              
##>                                  END              179285965 ( +0.00)     7215.00 (   +0.00)             0 (       0)           0  
##> csa_opto                       START              179285965 ( +0.00)     7215.00 (   +0.00)             0 (       0)              
##>                                  END              183100560 ( +2.13)     7215.00 (   +0.00)             0 (       0)           0  
##>                                  END              183100560 ( +2.13)     7215.00 (   +0.00)             0 (       0)           0  
##>canonicalize_by_names           START              183100560 ( +0.00)     7215.00 (   +0.00)             0 (       0)              
##>                                  END              183100560 ( +0.00)     7215.00 (   +0.00)             0 (       0)           0  
##>datapath_rewrite_post_csa_one_  START              183100560 ( +0.00)     7215.00 (   +0.00)             0 (       0)              
##>                                  END              183100560 ( +0.00)     7215.00 (   +0.00)             0 (       0)           0  
##>datapath_csa_factoring_one_gde  START              183100560 ( +0.00)     7215.00 (   +0.00)             0 (       0)              
##>                                  END              183100560 ( +0.00)     7215.00 (   +0.00)             0 (       0)           0  
##>dpopt_share_one_def             START              183100560 ( +0.00)     7215.00 (   +0.00)             0 (       0)              
##>                                  END              183100560 ( +0.00)     7215.00 (   +0.00)             0 (       0)           0  
##>datapath_rewrite_post_share     START              183100560 ( +0.00)     7215.00 (   +0.00)             0 (       0)              
##>                                  END              183100560 ( +0.00)     7215.00 (   +0.00)             0 (       0)           0  
##>dp_combine_const_mult_with_com  START              183100560 ( +0.00)     7215.00 (   +0.00)             0 (       0)              
##>                                  END              183100560 ( +0.00)     7215.00 (   +0.00)             0 (       0)           0  
##>dp_operator_level_decompositio  START              183100560 ( +0.00)     7215.00 (   +0.00)             0 (       0)              
##>                                  END              183100560 ( +0.00)     7215.00 (   +0.00)             0 (       0)           0  
##>selective_flatten_dp_config     START              183100560 ( +0.00)     7215.00 (   +0.00)             0 (       0)              
##>                                  END              183100560 ( +0.00)     7215.00 (   +0.00)             0 (       0)           0  
##>createMaxCarrySave              START              183100560 ( +0.00)     7215.00 (   +0.00)             0 (       0)              
##> datapath_rewrite_one_def       START              183100560 ( +0.00)     7215.00 (   +0.00)             0 (       0)              
##>  fast_cse_elim                 START              183100560 ( +0.00)     7215.00 (   +0.00)             0 (       0)              
##>                                  END              183100560 ( +0.00)     7215.00 (   +0.00)             0 (       0)           0  
##>  fast_cse_elim                 START              183100560 ( +0.00)     7215.00 (   +0.00)             0 (       0)              
##>                                  END              183100560 ( +0.00)     7215.00 (   +0.00)             0 (       0)           0  
##>                                  END              183100560 ( +0.00)     7215.00 (   +0.00)             0 (       0)           0  
##> csa_opto                       START              183100560 ( +0.00)     7215.00 (   +0.00)             0 (       0)              
##>                                  END              183100560 ( +0.00)     7215.00 (   +0.00)             0 (       0)           0  
##>                                  END              183100560 ( +0.00)     7215.00 (   +0.00)             0 (       0)           0  
##>context_based_simplify          START              167842180 ( -8.33)     7215.00 (   +0.00)             0 (       0)              
##>                                  END              152583800 ( -9.09)     7215.00 (   +0.00)             0 (       0)           0  
##>group_csa_final_adder_dp        START              152583800 ( +0.00)     7215.00 (   +0.00)             0 (       0)              
##>                                  END              152583800 ( +0.00)     7215.00 (   +0.00)             0 (       0)           0  
##>dpopt_flatten_critical_muxes_i  START              152583800 ( +0.00)     7215.00 (   +0.00)             0 (       0)              
##>                                  END              152583800 ( +0.00)     7215.00 (   +0.00)             0 (       0)           0  
##>create_score                    START              152583800 ( +0.00)     7215.00 (   +0.00)             0 (       0)              
##>                                  END              152583800 ( +0.00)     7215.00 (   +0.00)             0 (       0)           0  
##>+------------------------------------------------------------------------------------------------------------------------------------------------------------+
Committed config: CDN_DP_region_4_2_c7
Info    : Done implementing datapath configurations. [DPOPT-4]
        : Selected 'very_fast' configuration 7 for module 'CDN_DP_region_4_2'.
          Optimizations applied to 'very_fast' configuration:
            rewriting(0), factoring(0), sharing(0), cmultcse(0), downsizing(0), speculation(0)
Info    : Implementing datapath configurations. [DPOPT-3]
        : Implementing datapath configurations for 'CDN_DP_region_1_0'
CSAGen Prep Share:0 Re-Write:0 Speculation: 0
MaxCSA: Successfully built Maximal CSA Expression Expr4
Number of non-ctl's : 1
mux_alarm_cnt_29_15 
SOP DEBUG : Module= CDN_DP_region_1_0_c7, Cluster= ctl_state_29_15_create, ctl= 1, Non-ctl= 1
Selected impl_type 0 (ctl + 1-hot mux form) for sop cluster ctl_state_29_15_create.
Number of non-ctl's : 1
mux_alarm_cnt_29_15 
SOP DEBUG : Module= CDN_DP_region_1_0_c1, Cluster= ctl_state_29_15_create, ctl= 1, Non-ctl= 1
Selected impl_type 0 (ctl + 1-hot mux form) for sop cluster ctl_state_29_15_create.
Number of non-ctl's : 1
mux_alarm_cnt_29_15 
SOP DEBUG : Module= CDN_DP_region_1_0_c2, Cluster= ctl_state_29_15_create, ctl= 1, Non-ctl= 1
Selected impl_type 0 (ctl + 1-hot mux form) for sop cluster ctl_state_29_15_create.
Number of non-ctl's : 1
mux_alarm_cnt_29_15 
SOP DEBUG : Module= CDN_DP_region_1_0_c3, Cluster= ctl_state_29_15_create, ctl= 1, Non-ctl= 1
Selected impl_type 0 (ctl + 1-hot mux form) for sop cluster ctl_state_29_15_create.
Number of non-ctl's : 1
mux_alarm_cnt_29_15 
SOP DEBUG : Module= CDN_DP_region_1_0_c4, Cluster= ctl_state_29_15_create, ctl= 1, Non-ctl= 1
Selected impl_type 0 (ctl + 1-hot mux form) for sop cluster ctl_state_29_15_create.
Number of non-ctl's : 1
mux_alarm_cnt_29_15 
SOP DEBUG : Module= CDN_DP_region_1_0_c5, Cluster= ctl_state_29_15_create, ctl= 1, Non-ctl= 1
Selected impl_type 0 (ctl + 1-hot mux form) for sop cluster ctl_state_29_15_create.
Number of non-ctl's : 1
mux_alarm_cnt_29_15 
SOP DEBUG : Module= CDN_DP_region_1_0_c6, Cluster= ctl_state_29_15_create, ctl= 1, Non-ctl= 1
Selected impl_type 0 (ctl + 1-hot mux form) for sop cluster ctl_state_29_15_create.
CDN_DP_region_1_0 level = 0 loads = 0 drivers = 0
CDN_DP_region_1_0_c0 in alarm_controller: area: 95364875 ,dp = 2 mux = 1 sg = slow         worst_clk_period: -1.0000 
    wns: 0  norm_wns:  -1.0000 
    fail_endp: -1 
    tns:  0  tns_per_endp:  -1.0000   norm_tns_per_endp:  -1.0000 
    tns_sense_max:  -1.0000  tns_sense_avg:  -1.0000   tns_sense_num: -1
 skipped
CDN_DP_region_1_0_c1 in alarm_controller: area: 41960545 ,dp = 1 mux = 0 sg = fast         worst_clk_period: -1.0000 
    wns: 0  norm_wns:  -1.0000 
    fail_endp: -1 
    tns:  0  tns_per_endp:  -1.0000   norm_tns_per_endp:  -1.0000 
    tns_sense_max:  -1.0000  tns_sense_avg:  -1.0000   tns_sense_num: -1
 is current best
CDN_DP_region_1_0_c2 in alarm_controller: area: 41960545 ,dp = 1 mux = 0 sg = very_slow    worst_clk_period: -1.0000 
    wns: 0  norm_wns:  -1.0000 
    fail_endp: -1 
    tns:  0  tns_per_endp:  -1.0000   norm_tns_per_endp:  -1.0000 
    tns_sense_max:  -1.0000  tns_sense_avg:  -1.0000   tns_sense_num: -1
 is current best
CDN_DP_region_1_0_c3 in alarm_controller: area: 41960545 ,dp = 1 mux = 0 sg = very_fast    worst_clk_period: -1.0000 
    wns: 0  norm_wns:  -1.0000 
    fail_endp: -1 
    tns:  0  tns_per_endp:  -1.0000   norm_tns_per_endp:  -1.0000 
    tns_sense_max:  -1.0000  tns_sense_avg:  -1.0000   tns_sense_num: -1
 is current best
CDN_DP_region_1_0_c4 in alarm_controller: area: 41960545 ,dp = 1 mux = 0 sg = very_fast    worst_clk_period: -1.0000 
    wns: 0  norm_wns:  -1.0000 
    fail_endp: -1 
    tns:  0  tns_per_endp:  -1.0000   norm_tns_per_endp:  -1.0000 
    tns_sense_max:  -1.0000  tns_sense_avg:  -1.0000   tns_sense_num: -1
 is current best
CDN_DP_region_1_0_c5 in alarm_controller: area: 41960545 ,dp = 1 mux = 0 sg = very_fast    worst_clk_period: -1.0000 
    wns: 0  norm_wns:  -1.0000 
    fail_endp: -1 
    tns:  0  tns_per_endp:  -1.0000   norm_tns_per_endp:  -1.0000 
    tns_sense_max:  -1.0000  tns_sense_avg:  -1.0000   tns_sense_num: -1
 is current best
CDN_DP_region_1_0_c6 in alarm_controller: area: 41960545 ,dp = 1 mux = 0 sg = very_fast    worst_clk_period: -1.0000 
    wns: 0  norm_wns:  -1.0000 
    fail_endp: -1 
    tns:  0  tns_per_endp:  -1.0000   norm_tns_per_endp:  -1.0000 
    tns_sense_max:  -1.0000  tns_sense_avg:  -1.0000   tns_sense_num: -1
 is current best
CDN_DP_region_1_0_c7 in alarm_controller: area: 41960545 ,dp = 1 mux = 0 sg = very_fast    worst_clk_period: -1.0000 
    wns: 0  norm_wns:  -1.0000 
    fail_endp: -1 
    tns:  0  tns_per_endp:  -1.0000   norm_tns_per_endp:  -1.0000 
    tns_sense_max:  -1.0000  tns_sense_avg:  -1.0000   tns_sense_num: -1
 is current best
Best config: CDN_DP_region_1_0_c7 in alarm_controller: area: 41960545 ,dp = 1 mux = 0 sg = very_fast    worst_clk_period: -1.0000 
    wns: 0  norm_wns:  -1.0000 
    fail_endp: -1 
    tns:  0  tns_per_endp:  -1.0000   norm_tns_per_endp:  -1.0000 
    tns_sense_max:  -1.0000  tns_sense_avg:  -1.0000   tns_sense_num: -1
  Smallest config area : 41960545.  Fastest config wns;  0
##>+----------------------------------------------------------------------------------------------------------------------------------------------------------------+
##>Summary table of configs (Best config is CDN_DP_region_1_0_c7)
##>+----------------------------------------------------------------------------------------------------------------------------------------------------------------+
##>                     0                  1                  2                  3                  4                  5                  6                  7            
##>+----------------------------------------------------------------------------------------------------------------------------------------------------------------+
##>           Area         95364875           41960545           41960545           41960545           41960545           41960545           41960545           41960545  
##>            WNS         +8364.70           +8354.80           +8354.80           +8354.80           +8354.80           +8354.80           +8354.80           +8354.80  
##>            TNS                0                  0                  0                  0                  0                  0                  0                  0  
##>    Num Rewrite                0                  0                  0                  0                  0                  0                  0                  0  
##>     Num Factor                0                  0                  0                  0                  0                  0                  0                  0  
##>      Num Share                0                  0                  0                  0                  0                  0                  0                  0  
##>   Num CmultCse                0                  0                  0                  0                  0                  0                  0                  0  
##>   Num Downsize                0                  0                  0                  0                  0                  0                  0                  0  
##>  Num Speculate                0                  0                  0                  0                  0                  0                  0                  0  
##>     Runtime(s)                0                  0                  0                  0                  0                  0                  0                  0  
+----------------------------------------------------------------------------------------------------------------------------------------------------------------+
##>
##>
##>+------------------------------------------------------------------------------------------------------------------------------------------------------------+
##>Optimization Step DEBUG Table for config CDN_DP_region_1_0_c7
##>
##>                          Step                        Area   ( % Chg)        WNS (Change)        TNS (Change)          Runtime (s)        Comment                   
##>+------------------------------------------------------------------------------------------------------------------------------------------------------------+
##>EquationExtraction              START               95364875 (      )     8364.70 (        )             0 (        )              
##> rewrite                        START              118252445 (+24.00)     8347.70 (  -17.00)             0 (       0)              (a,ar) Expr4_from --> Expr4_to
##>                                  END              160212990 (+35.48)     8347.70 (   +0.00)             0 (       0)           0  
##>                                  END               95364875 ( +0.00)     8364.70 (   +0.00)             0 (       0)           0  
##>createMaxCarrySave              START               95364875 ( +0.00)     8364.70 (   +0.00)             0 (       0)              
##> datapath_rewrite_one_def       START               95364875 ( +0.00)     8364.70 (   +0.00)             0 (       0)              
##>                                  END               95364875 ( +0.00)     8364.70 (   +0.00)             0 (       0)           0  
##> csa_opto                       START               95364875 ( +0.00)     8364.70 (   +0.00)             0 (       0)              
##>                                  END              114437850 (+20.00)     8364.70 (   +0.00)             0 (       0)           0  
##>                                  END              114437850 (+20.00)     8364.70 (   +0.00)             0 (       0)           0  
##>canonicalize_by_names           START              114437850 ( +0.00)     8364.70 (   +0.00)             0 (       0)              
##>                                  END              114437850 ( +0.00)     8364.70 (   +0.00)             0 (       0)           0  
##>datapath_rewrite_post_csa_one_  START              114437850 ( +0.00)     8364.70 (   +0.00)             0 (       0)              
##>                                  END              114437850 ( +0.00)     8364.70 (   +0.00)             0 (       0)           0  
##>datapath_csa_factoring_one_gde  START              114437850 ( +0.00)     8364.70 (   +0.00)             0 (       0)              
##>                                  END              114437850 ( +0.00)     8364.70 (   +0.00)             0 (       0)           0  
##>dpopt_share_one_def             START              114437850 ( +0.00)     8364.70 (   +0.00)             0 (       0)              
##>                                  END              114437850 ( +0.00)     8364.70 (   +0.00)             0 (       0)           0  
##>datapath_rewrite_post_share     START              114437850 ( +0.00)     8364.70 (   +0.00)             0 (       0)              
##>                                  END              114437850 ( +0.00)     8364.70 (   +0.00)             0 (       0)           0  
##>dp_combine_const_mult_with_com  START              114437850 ( +0.00)     8364.70 (   +0.00)             0 (       0)              
##>                                  END              114437850 ( +0.00)     8364.70 (   +0.00)             0 (       0)           0  
##>dp_operator_level_decompositio  START              114437850 ( +0.00)     8364.70 (   +0.00)             0 (       0)              
##>                                  END              114437850 ( +0.00)     8364.70 (   +0.00)             0 (       0)           0  
##>selective_flatten_dp_config     START              114437850 ( +0.00)     8364.70 (   +0.00)             0 (       0)              
##>                                  END              114437850 ( +0.00)     8364.70 (   +0.00)             0 (       0)           0  
##>createMaxCarrySave              START              114437850 ( +0.00)     8364.70 (   +0.00)             0 (       0)              
##> datapath_rewrite_one_def       START              114437850 ( +0.00)     8364.70 (   +0.00)             0 (       0)              
##>  fast_cse_elim                 START              114437850 ( +0.00)     8364.70 (   +0.00)             0 (       0)              
##>                                  END              114437850 ( +0.00)     8364.70 (   +0.00)             0 (       0)           0  
##>  fast_cse_elim                 START              114437850 ( +0.00)     8364.70 (   +0.00)             0 (       0)              
##>                                  END              114437850 ( +0.00)     8364.70 (   +0.00)             0 (       0)           0  
##>                                  END              114437850 ( +0.00)     8364.70 (   +0.00)             0 (       0)           0  
##> csa_opto                       START              114437850 ( +0.00)     8364.70 (   +0.00)             0 (       0)              
##>                                  END              114437850 ( +0.00)     8364.70 (   +0.00)             0 (       0)           0  
##>                                  END              114437850 ( +0.00)     8364.70 (   +0.00)             0 (       0)           0  
##>context_based_simplify          START               41960545 (-63.33)     8354.80 (   -9.90)             0 (       0)              
##>                                  END               41960545 ( +0.00)     8354.80 (   +0.00)             0 (       0)           0  
##>group_csa_final_adder_dp        START               41960545 ( +0.00)     8354.80 (   +0.00)             0 (       0)              
##>                                  END               41960545 ( +0.00)     8354.80 (   +0.00)             0 (       0)           0  
##>dpopt_flatten_critical_muxes_i  START               41960545 ( +0.00)     8354.80 (   +0.00)             0 (       0)              
##>                                  END               41960545 ( +0.00)     8354.80 (   +0.00)             0 (       0)           0  
##>create_score                    START               41960545 ( +0.00)     8354.80 (   +0.00)             0 (       0)              
##>                                  END               41960545 ( +0.00)     8354.80 (   +0.00)             0 (       0)           0  
##>+------------------------------------------------------------------------------------------------------------------------------------------------------------+
Committed config: CDN_DP_region_1_0_c7
Info    : Done implementing datapath configurations. [DPOPT-4]
        : Selected 'very_fast' configuration 7 for module 'CDN_DP_region_1_0'.
          Optimizations applied to 'very_fast' configuration:
            rewriting(0), factoring(0), sharing(0), cmultcse(0), downsizing(0), speculation(0)
Info    : Done optimizing datapath logic. [DPOPT-2]
        : Done optimizing datapath logic in 'alarm_clock_top'.
Number of big hc bmuxes after = 0
Starting logic reduction [v1.0] (stage: post_rtlopt, startdef: alarm_clock_top, recur: true)
Completed logic reduction (accepts: 0, rejects: 0, runtime: 0.000s)
Starting mux data reorder optimization [v1.0] (stage: post_rtlopt, startdef: alarm_clock_top, recur: true)
Completed mux data reorder optimization (accepts: 0, rejects: 0, runtime: 0.000s)

Stage: post_rtlopt
----------------------------------------------------------
| Transform           | Accepts | Rejects | Runtime (ms) | 
----------------------------------------------------------
| hlo_logic_reduction |       0 |       0 |         0.00 | 
| hlo_mux_reorder     |       0 |       0 |         0.00 | 
----------------------------------------------------------
Starting mux speculation [v1.0] (stage: post_muxopt, startdef: alarm_clock_top, recur: true)
Starting speculation optimization
Completed speculation optimization (accepts:0)
Completed mux speculation (accepts: 0, rejects: 0, runtime: 0.007s)

Stage: post_muxopt
------------------------------------------------------
| Transform       | Accepts | Rejects | Runtime (ms) | 
------------------------------------------------------
| hlo_speculation |       0 |       0 |         7.00 | 
------------------------------------------------------
==================================
Stage : to_generic 
==================================
  =================
   Message Summary
  =================
------------------------------------------------------------
|    Id    |  Sev   |Count |         Message Text          |
------------------------------------------------------------
| CDFG-372 |Info    |    6 |Bitwidth mismatch in           |
|          |        |      | assignment.                   |
|          |        |      |Review and make sure the       |
|          |        |      | mismatch is unintentional.    |
|          |        |      | Genus can possibly issue      |
|          |        |      | bitwidth mismatch warning for |
|          |        |      | explicit assignments present  |
|          |        |      | in RTL as-well-as for         |
|          |        |      | implicit assignments inferred |
|          |        |      | by the tool. For example, in  |
|          |        |      | case of enum declaration      |
|          |        |      | without value, the tool will  |
|          |        |      | implicitly assign value to    |
|          |        |      | the enum variables. It also   |
|          |        |      | issues the warning for any    |
|          |        |      | bitwidth mismatch that        |
|          |        |      | appears in this implicit      |
|          |        |      | assignment.                   |
| CDFG-428 |Warning |    1 |In legacy_ui mode, Genus       |
|          |        |      | creates a blackbox as         |
|          |        |      | description for a module is   |
|          |        |      | not found. Black boxes        |
|          |        |      | represent unresolved          |
|          |        |      | references in the design and  |
|          |        |      | are usually not expected.     |
|          |        |      | Another possible reason is,   |
|          |        |      | some libraries are not read   |
|          |        |      | and the tool could not get    |
|          |        |      | the content for some macros   |
|          |        |      | or lib_cells.                 |
|          |        |      |Check the kind of module a     |
|          |        |      | black box is. If it is a      |
|          |        |      | lib_cell or a macro, check    |
|          |        |      | why the corresponding .lib    |
|          |        |      | was not read in. This could   |
|          |        |      | be either due to a missing or |
|          |        |      | faulty file or due to an      |
|          |        |      | incomplete                    |
|          |        |      | init_lib_search_path          |
|          |        |      | attribute value making        |
|          |        |      | restricting access to the     |
|          |        |      | missing file. If it is a      |
|          |        |      | module of your design, verify |
|          |        |      | whether the path to this      |
|          |        |      | module is a part of the files |
|          |        |      | you read or else check that   |
|          |        |      | the init_hdl_search_path      |
|          |        |      | attribute is not missing some |
|          |        |      | paths.                        |
| CDFG-769 |Info    |    1 |Identified sum-of-products     |
|          |        |      | logic to be optimized during  |
|          |        |      | syn_generic.                  |
| CWD-19   |Info    |   56 |An implementation was          |
|          |        |      | inferred.                     |
| DPOPT-1  |Info    |    1 |Optimizing datapath logic.     |
| DPOPT-2  |Info    |    1 |Done optimizing datapath       |
|          |        |      | logic.                        |
| DPOPT-3  |Info    |    5 |Implementing datapath          |
|          |        |      | configurations.               |
| DPOPT-4  |Info    |    5 |Done implementing datapath     |
|          |        |      | configurations.               |
| DPOPT-6  |Info    |    1 |Pre-processed datapath logic.  |
| ELAB-1   |Info    |    1 |Elaborating Design.            |
| ELAB-2   |Info    |    4 |Elaborating Subdesign.         |
| ELAB-3   |Info    |    1 |Done Elaborating Design.       |
| LBR-41   |Info    |    1 |An output library pin lacks a  |
|          |        |      | function attribute.           |
|          |        |      |If the remainder of this       |
|          |        |      | library cell's semantic       |
|          |        |      | checks are successful, it     |
|          |        |      | will be considered as a       |
|          |        |      | timing-model                  |
|          |        |      | (because one of its outputs d |
|          |        |      | oes not have a valid          |
|          |        |      | function.                     |
| LBR-155  |Info    |  372 |Mismatch in unateness between  |
|          |        |      | 'timing_sense' attribute and  |
|          |        |      | the function.                 |
|          |        |      |The 'timing_sense' attribute   |
|          |        |      | will be respected.            |
| LBR-161  |Info    |    1 |Setting the maximum print      |
|          |        |      | count of this message to 10   |
|          |        |      | if information_level is less  |
|          |        |      | than 9.                       |
| LBR-162  |Info    |  124 |Both 'pos_unate' and           |
|          |        |      | 'neg_unate' timing_sense arcs |
|          |        |      | have been processed.          |
|          |        |      |Setting the 'timing_sense' to  |
|          |        |      | non_unate.                    |
| LBR-170  |Info    |   32 |Ignoring specified timing      |
|          |        |      | sense.                        |
|          |        |      |Timing sense should never be   |
|          |        |      | set with 'rising_edge' or     |
|          |        |      | 'falling_edge' timing type.   |
| LBR-412  |Info    |    1 |Created nominal operating      |
|          |        |      | condition.                    |
|          |        |      |The nominal operating          |
|          |        |      | condition is represented,     |
|          |        |      | either by the nominal PVT     |
|          |        |      | values specified in the       |
|          |        |      | library source                |
|          |        |      | (via nom_process,nom_voltage  |
|          |        |      | and nom_temperature           |
|          |        |      | respectively)                 |
|          |        |      | , or by the default PVT       |
|          |        |      | values (1.0,1.0,1.0).         |
| LBR-516  |Info    |    1 |Missing library level          |
|          |        |      | attribute.                    |
| LBR-518  |Info    |    1 |Missing a function attribute   |
|          |        |      | in the output pin definition. |
| PHYS-752 |Info    |    1 |Partition Based Synthesis      |
|          |        |      | execution skipped.            |
| SYNTH-1  |Info    |    1 |Synthesizing.                  |
| TIM-1000 |Info    |    1 |Multimode clock gating check   |
|          |        |      | is disabled.                  |
| TUI-273  |Warning |    1 |Black-boxes are represented as |
|          |        |      | unresolved references in the  |
|          |        |      | design.                       |
|          |        |      |Run check_design to get all    |
|          |        |      | unresolved instance. To       |
|          |        |      | resolve the reference, either |
|          |        |      | load a technology library     |
|          |        |      | containing the cell by        |
|          |        |      | appending to the 'library'    |
|          |        |      | attribute, or read in the hdl |
|          |        |      | file containing the module    |
|          |        |      | before performing             |
|          |        |      | elaboration. As the design is |
|          |        |      | incomplete, synthesis results |
|          |        |      | may not correspond to the     |
|          |        |      | entire design.                |
------------------------------------------------------------
Mapper: Libraries have:
	domain _default_: 324 combo usable cells and 128 sequential usable cells
Multi-threaded constant propagation [1|0] ...
Multi-threaded Virtual Mapping    (8 threads per ST process, 8 of 20 CPUs usable)
==================================
Stage : first_condense 
==================================
  =================
   Message Summary
  =================
------------------------------------------------------------
|  Id  |Sev  |Count |            Message Text              |
------------------------------------------------------------
| GB-6 |Info |    4 |A datapath component has been         |
|      |     |      | ungrouped.                           |
------------------------------------------------------------
 
Global mapping target info
==========================
Cost Group 'clk' target slack:   230 ps
Target path end-point (Port: alarm_clock_top/alarm_sec[0])


State Retention Synthesis Status
================================

Category                        Flops   Percentage
--------------------------------------------------
Total instances                    67        100.0
Excluded from State Retention      67        100.0
    - Will not convert             67        100.0
      - Preserved                   0          0.0
      - Power intent excluded      67        100.0
    - Could not convert             0          0.0
      - Scan type                   0          0.0
      - No suitable cell            0          0.0
State Retention instances           0          0.0
--------------------------------------------------

PBS_Generic_Opt-Post - Elapsed_Time 3, CPU_Time 1.7601699999999996
stamp 'PBS_Generic_Opt-Post' being created for table 'pbs_debug'

  Total Time (Wall) |  Stage Time (Wall)  |   % (Wall)   |    Date - Time     |  Memory   | Stage
--------------------+---------------------+--------------+--------------------+-----------+----------------------
 00:00:05(00:00:23) |  00:00:00(00:00:00) |   0.0(  0.0) |   16:33:39 (Mar01) |  443.0 MB | PBS_Generic-Start
--------------------+---------------------+--------------+--------------------+-----------+----------------------
 00:00:06(00:00:26) |  00:00:01(00:00:03) | 100.0(100.0) |   16:33:42 (Mar01) |  443.0 MB | PBS_Generic_Opt-Post
--------------------+---------------------+--------------+--------------------+-----------+----------------------
Number of threads: 8 * 1   (id: pbs_debug, time_info v1.57)
Info: (*N*) indicates data that was populated from previously saved time_info database
Info: CPU time includes time of parent + longest thread
PBS_Generic-Postgen HBO Optimizations - Elapsed_Time 0, CPU_Time 0.0
stamp 'PBS_Generic-Postgen HBO Optimizations' being created for table 'pbs_debug'

  Total Time (Wall) |  Stage Time (Wall)  |   % (Wall)   |    Date - Time     |  Memory   | Stage
--------------------+---------------------+--------------+--------------------+-----------+----------------------
 00:00:05(00:00:23) |  00:00:00(00:00:00) |   0.0(  0.0) |   16:33:39 (Mar01) |  443.0 MB | PBS_Generic-Start
--------------------+---------------------+--------------+--------------------+-----------+----------------------
 00:00:06(00:00:26) |  00:00:01(00:00:03) | 100.0(100.0) |   16:33:42 (Mar01) |  443.0 MB | PBS_Generic_Opt-Post
--------------------+---------------------+--------------+--------------------+-----------+----------------------
 00:00:06(00:00:26) |  00:00:00(00:00:00) |   0.0(  0.0) |   16:33:42 (Mar01) |  443.0 MB | PBS_Generic-Postgen HBO Optimizations
--------------------+---------------------+--------------+--------------------+-----------+----------------------
Number of threads: 8 * 1   (id: pbs_debug, time_info v1.57)
Info: (*N*) indicates data that was populated from previously saved time_info database
Info: CPU time includes time of parent + longest thread
##>=================== Cadence Confidential (Generic-Logical) ===================
##>=================== Cadence Confidential (Generic-Logical) ===================
##>Main Thread Summary:
##>----------------------------------------------------------------------------------------
##>STEP                           Elapsed       WNS       TNS     Insts      Area    Memory
##>----------------------------------------------------------------------------------------
##>G:Initial                            1         -         -       438      4611       443
##>G:Setup                              0         -         -         -         -         -
##>G:Launch ST                          0         -         -         -         -         -
##>G:Design Partition                   0         -         -         -         -         -
##>G:Create Partition Netlists          0         -         -         -         -         -
##>G:Init Power                         0         -         -         -         -         -
##>G:Budgeting                          0         -         -         -         -         -
##>G:Derenv-DB                          0         -         -         -         -         -
##>G:Debug Outputs                      0         -         -         -         -         -
##>G:ST loading                         0         -         -         -         -         -
##>G:Distributed                        0         -         -         -         -         -
##>G:Timer                              0         -         -         -         -         -
##>G:Assembly                           0         -         -         -         -         -
##>G:DFT                                0         -         -         -         -         -
##>G:Const Prop                         0         -         -       436      4588       443
##>G:Misc                               2
##>----------------------------------------------------------------------------------------
##>Total Elapsed                        3
##>========================================================================================
Info    : Done synthesizing. [SYNTH-2]
        : Done synthesizing 'alarm_clock_top' to generic gates.
      flow.cputime  flow.realtime  timing.setup.tns  timing.setup.wns  snapshot
UM:*                                                                   syn_gen
@file(gcd_run.tcl) 16: syn_map
##Generic Timing Info for library domain: _default_ typical gate delay: 127.0 ps std_slew: 15.5 ps std_load: 7.0 fF
Info    : Mapping. [SYNTH-4]
        : Mapping 'alarm_clock_top' using 'medium' effort.
Mapper: Libraries have:
	domain _default_: 324 combo usable cells and 128 sequential usable cells
Configuring mapper costing (none)
TNS Restructuring config: no_value at stage: map applied.
PBS_TechMap-Start - Elapsed_Time 0, CPU_Time 0.0
stamp 'PBS_TechMap-Start' being created for table 'pbs_debug'

  Total Time (Wall) |  Stage Time (Wall)  |   % (Wall)   |    Date - Time     |  Memory   | Stage
--------------------+---------------------+--------------+--------------------+-----------+----------------------
 00:00:05(00:00:23) |  00:00:00(00:00:00) |   0.0(  0.0) |   16:33:39 (Mar01) |  443.0 MB | PBS_Generic-Start
--------------------+---------------------+--------------+--------------------+-----------+----------------------
 00:00:06(00:00:26) |  00:00:01(00:00:03) | 100.0(100.0) |   16:33:42 (Mar01) |  443.0 MB | PBS_Generic_Opt-Post
--------------------+---------------------+--------------+--------------------+-----------+----------------------
 00:00:06(00:00:26) |  00:00:00(00:00:00) |   0.0(  0.0) |   16:33:42 (Mar01) |  443.0 MB | PBS_Generic-Postgen HBO Optimizations
--------------------+---------------------+--------------+--------------------+-----------+----------------------
 00:00:06(00:00:26) |  00:00:00(00:00:00) |   0.0(  0.0) |   16:33:42 (Mar01) |  443.0 MB | PBS_TechMap-Start
--------------------+---------------------+--------------+--------------------+-----------+----------------------
Number of threads: 8 * 1   (id: pbs_debug, time_info v1.57)
Info: (*N*) indicates data that was populated from previously saved time_info database
Info: CPU time includes time of parent + longest thread
PBS_TechMap-Premap HBO Optimizations - Elapsed_Time 0, CPU_Time 0.0
stamp 'PBS_TechMap-Premap HBO Optimizations' being created for table 'pbs_debug'

  Total Time (Wall) |  Stage Time (Wall)  |   % (Wall)   |    Date - Time     |  Memory   | Stage
--------------------+---------------------+--------------+--------------------+-----------+----------------------
 00:00:05(00:00:23) |  00:00:00(00:00:00) |   0.0(  0.0) |   16:33:39 (Mar01) |  443.0 MB | PBS_Generic-Start
--------------------+---------------------+--------------+--------------------+-----------+----------------------
 00:00:06(00:00:26) |  00:00:01(00:00:03) | 100.0(100.0) |   16:33:42 (Mar01) |  443.0 MB | PBS_Generic_Opt-Post
--------------------+---------------------+--------------+--------------------+-----------+----------------------
 00:00:06(00:00:26) |  00:00:00(00:00:00) |   0.0(  0.0) |   16:33:42 (Mar01) |  443.0 MB | PBS_Generic-Postgen HBO Optimizations
--------------------+---------------------+--------------+--------------------+-----------+----------------------
 00:00:06(00:00:26) |  00:00:00(00:00:00) |   0.0(  0.0) |   16:33:42 (Mar01) |  443.0 MB | PBS_TechMap-Start
--------------------+---------------------+--------------+--------------------+-----------+----------------------
 00:00:06(00:00:26) |  00:00:00(00:00:00) |   0.0(  0.0) |   16:33:42 (Mar01) |  443.0 MB | PBS_TechMap-Premap HBO Optimizations
--------------------+---------------------+--------------+--------------------+-----------+----------------------
Number of threads: 8 * 1   (id: pbs_debug, time_info v1.57)
Info: (*N*) indicates data that was populated from previously saved time_info database
Info: CPU time includes time of parent + longest thread
Info    : Partition Based Synthesis execution skipped. [PHYS-752]
        : Design size is less than the partition size '100000' for distributed mapping optimization to kick in.
Mapper: Libraries have:
	domain _default_: 324 combo usable cells and 128 sequential usable cells
Multi-threaded Virtual Mapping    (8 threads per ST process, 8 of 20 CPUs usable)
==================================
Stage : first_condense 
==================================
  =================
   Message Summary
  =================
------------------------------------------------------------
|    Id    |Sev  |Count |          Message Text            |
------------------------------------------------------------
| PHYS-752 |Info |    1 |Partition Based Synthesis         |
|          |     |      | execution skipped.               |
| SYNTH-2  |Info |    1 |Done synthesizing.                |
| SYNTH-4  |Info |    1 |Mapping.                          |
------------------------------------------------------------
 
Global mapping target info
==========================
Cost Group 'clk' target slack:   230 ps
Target path end-point (Port: alarm_clock_top/alarm_sec[0])

Multi-threaded Technology Mapping (8 threads per ST process, 8 of 20 CPUs usable)
 
Global mapping status
=====================
                                   Group   
                                  Tot Wrst 
                           Total  Weighted 
Operation                   Area   Slacks  
 global_map                 2402        0 

    Cost Group            Target    Slack    Diff.  Constr.
-----------------------------------------------------------
           clk               230     6883             10000 

 
Global incremental target info
==============================
Cost Group 'clk' target slack:   192 ps
Target path end-point (Pin: tc/hour_reg[4]/D (DFFQX1/D))

==================================
Stage : global_incr_map 
==================================
  =================
   Message Summary
  =================
------------------------------------------------------------
|  Id  |Sev  |Count |            Message Text              |
------------------------------------------------------------
| PA-7 |Info |   14 |Resetting power analysis results.     |
|      |     |      |All computed switching activities are |
|      |     |      | removed.                             |
------------------------------------------------------------
 
Global incremental optimization status
======================================
                                   Group   
                                  Tot Wrst 
                           Total  Weighted 
Operation                   Area   Slacks  
 global_incr                2266        0 

    Cost Group            Target    Slack    Diff.  Constr.
-----------------------------------------------------------
           clk               192     6797             10000 


State Retention Synthesis Status
================================

Category                        Flops   Percentage
--------------------------------------------------
Total instances                    67        100.0
Excluded from State Retention      67        100.0
    - Will not convert             67        100.0
      - Preserved                   0          0.0
      - Power intent excluded      67        100.0
    - Could not convert             0          0.0
      - Scan type                   0          0.0
      - No suitable cell            0          0.0
State Retention instances           0          0.0
--------------------------------------------------

INFO: skipping constant propagation
PBS_Techmap-Global Mapping - Elapsed_Time 1, CPU_Time 1.3337820000000002
stamp 'PBS_Techmap-Global Mapping' being created for table 'pbs_debug'

  Total Time (Wall) |  Stage Time (Wall)  |   % (Wall)   |    Date - Time     |  Memory   | Stage
--------------------+---------------------+--------------+--------------------+-----------+----------------------
 00:00:05(00:00:23) |  00:00:00(00:00:00) |   0.0(  0.0) |   16:33:39 (Mar01) |  443.0 MB | PBS_Generic-Start
--------------------+---------------------+--------------+--------------------+-----------+----------------------
 00:00:06(00:00:26) |  00:00:01(00:00:03) |  56.9( 75.0) |   16:33:42 (Mar01) |  443.0 MB | PBS_Generic_Opt-Post
--------------------+---------------------+--------------+--------------------+-----------+----------------------
 00:00:06(00:00:26) |  00:00:00(00:00:00) |   0.0(  0.0) |   16:33:42 (Mar01) |  443.0 MB | PBS_Generic-Postgen HBO Optimizations
--------------------+---------------------+--------------+--------------------+-----------+----------------------
 00:00:06(00:00:26) |  00:00:00(00:00:00) |   0.0(  0.0) |   16:33:42 (Mar01) |  443.0 MB | PBS_TechMap-Start
--------------------+---------------------+--------------+--------------------+-----------+----------------------
 00:00:06(00:00:26) |  00:00:00(00:00:00) |   0.0(  0.0) |   16:33:42 (Mar01) |  443.0 MB | PBS_TechMap-Premap HBO Optimizations
--------------------+---------------------+--------------+--------------------+-----------+----------------------
 00:00:08(00:00:27) |  00:00:01(00:00:01) |  43.1( 25.0) |   16:33:43 (Mar01) |  443.0 MB | PBS_Techmap-Global Mapping
--------------------+---------------------+--------------+--------------------+-----------+----------------------
Number of threads: 8 * 1   (id: pbs_debug, time_info v1.57)
Info: (*N*) indicates data that was populated from previously saved time_info database
Info: CPU time includes time of parent + longest thread
Warning : Command 'commit_power_intent' cannot proceed as there is no power intent loaded. [CPI-506]
        : Command 'commit_power_intent' requires a valid power_intent to be loaded.
Info    : Wrote formal verification information. [CFM-5]
        : Wrote 'fv/alarm_clock_top/fv_map.fv.json' for netlist 'fv/alarm_clock_top/fv_map.v.gz'.
Info    : Wrote dofile. [CFM-1]
        : Dofile is 'fv/alarm_clock_top/rtl_to_fv_map.do'.
        : Alias mapping flow is enabled.
PBS_TechMap-Datapath Postmap Operations - Elapsed_Time 0, CPU_Time 0.9968330000000005
stamp 'PBS_TechMap-Datapath Postmap Operations' being created for table 'pbs_debug'

  Total Time (Wall) |  Stage Time (Wall)  |   % (Wall)   |    Date - Time     |  Memory   | Stage
--------------------+---------------------+--------------+--------------------+-----------+----------------------
 00:00:05(00:00:23) |  00:00:00(00:00:00) |   0.0(  0.0) |   16:33:39 (Mar01) |  443.0 MB | PBS_Generic-Start
--------------------+---------------------+--------------+--------------------+-----------+----------------------
 00:00:06(00:00:26) |  00:00:01(00:00:03) |  43.0( 75.0) |   16:33:42 (Mar01) |  443.0 MB | PBS_Generic_Opt-Post
--------------------+---------------------+--------------+--------------------+-----------+----------------------
 00:00:06(00:00:26) |  00:00:00(00:00:00) |   0.0(  0.0) |   16:33:42 (Mar01) |  443.0 MB | PBS_Generic-Postgen HBO Optimizations
--------------------+---------------------+--------------+--------------------+-----------+----------------------
 00:00:06(00:00:26) |  00:00:00(00:00:00) |   0.0(  0.0) |   16:33:42 (Mar01) |  443.0 MB | PBS_TechMap-Start
--------------------+---------------------+--------------+--------------------+-----------+----------------------
 00:00:06(00:00:26) |  00:00:00(00:00:00) |   0.0(  0.0) |   16:33:42 (Mar01) |  443.0 MB | PBS_TechMap-Premap HBO Optimizations
--------------------+---------------------+--------------+--------------------+-----------+----------------------
 00:00:08(00:00:27) |  00:00:01(00:00:01) |  32.6( 25.0) |   16:33:43 (Mar01) |  443.0 MB | PBS_Techmap-Global Mapping
--------------------+---------------------+--------------+--------------------+-----------+----------------------
 00:00:09(00:00:27) |  00:00:00(00:00:00) |  24.4(  0.0) |   16:33:43 (Mar01) |  443.0 MB | PBS_TechMap-Datapath Postmap Operations
--------------------+---------------------+--------------+--------------------+-----------+----------------------
Number of threads: 8 * 1   (id: pbs_debug, time_info v1.57)
Info: (*N*) indicates data that was populated from previously saved time_info database
Info: CPU time includes time of parent + longest thread
PBS_TechMap-Postmap HBO Optimizations - Elapsed_Time 0, CPU_Time -0.0021970000000006706
stamp 'PBS_TechMap-Postmap HBO Optimizations' being created for table 'pbs_debug'

  Total Time (Wall) |  Stage Time (Wall)  |   % (Wall)   |    Date - Time     |  Memory   | Stage
--------------------+---------------------+--------------+--------------------+-----------+----------------------
 00:00:05(00:00:23) |  00:00:00(00:00:00) |   0.0(  0.0) |   16:33:39 (Mar01) |  443.0 MB | PBS_Generic-Start
--------------------+---------------------+--------------+--------------------+-----------+----------------------
 00:00:06(00:00:26) |  00:00:01(00:00:03) |  43.1( 75.0) |   16:33:42 (Mar01) |  443.0 MB | PBS_Generic_Opt-Post
--------------------+---------------------+--------------+--------------------+-----------+----------------------
 00:00:06(00:00:26) |  00:00:00(00:00:00) |   0.0(  0.0) |   16:33:42 (Mar01) |  443.0 MB | PBS_Generic-Postgen HBO Optimizations
--------------------+---------------------+--------------+--------------------+-----------+----------------------
 00:00:06(00:00:26) |  00:00:00(00:00:00) |   0.0(  0.0) |   16:33:42 (Mar01) |  443.0 MB | PBS_TechMap-Start
--------------------+---------------------+--------------+--------------------+-----------+----------------------
 00:00:06(00:00:26) |  00:00:00(00:00:00) |   0.0(  0.0) |   16:33:42 (Mar01) |  443.0 MB | PBS_TechMap-Premap HBO Optimizations
--------------------+---------------------+--------------+--------------------+-----------+----------------------
 00:00:08(00:00:27) |  00:00:01(00:00:01) |  32.6( 25.0) |   16:33:43 (Mar01) |  443.0 MB | PBS_Techmap-Global Mapping
--------------------+---------------------+--------------+--------------------+-----------+----------------------
 00:00:09(00:00:27) |  00:00:00(00:00:00) |  24.4(  0.0) |   16:33:43 (Mar01) |  443.0 MB | PBS_TechMap-Datapath Postmap Operations
--------------------+---------------------+--------------+--------------------+-----------+----------------------
 00:00:09(00:00:27) |  00:00:00(00:00:00) |  -0.1(  0.0) |   16:33:43 (Mar01) |  443.0 MB | PBS_TechMap-Postmap HBO Optimizations
--------------------+---------------------+--------------+--------------------+-----------+----------------------
Number of threads: 8 * 1   (id: pbs_debug, time_info v1.57)
Info: (*N*) indicates data that was populated from previously saved time_info database
Info: CPU time includes time of parent + longest thread
 Doing ConstProp on design:alarm_clock_top ... 

Time taken by ConstProp Step: 00:00:00
PBS_TechMap-Postmap Clock Gating - Elapsed_Time 0, CPU_Time 0.0
stamp 'PBS_TechMap-Postmap Clock Gating' being created for table 'pbs_debug'

  Total Time (Wall) |  Stage Time (Wall)  |   % (Wall)   |    Date - Time     |  Memory   | Stage
--------------------+---------------------+--------------+--------------------+-----------+----------------------
 00:00:05(00:00:23) |  00:00:00(00:00:00) |   0.0(  0.0) |   16:33:39 (Mar01) |  443.0 MB | PBS_Generic-Start
--------------------+---------------------+--------------+--------------------+-----------+----------------------
 00:00:06(00:00:26) |  00:00:01(00:00:03) |  43.1( 75.0) |   16:33:42 (Mar01) |  443.0 MB | PBS_Generic_Opt-Post
--------------------+---------------------+--------------+--------------------+-----------+----------------------
 00:00:06(00:00:26) |  00:00:00(00:00:00) |   0.0(  0.0) |   16:33:42 (Mar01) |  443.0 MB | PBS_Generic-Postgen HBO Optimizations
--------------------+---------------------+--------------+--------------------+-----------+----------------------
 00:00:06(00:00:26) |  00:00:00(00:00:00) |   0.0(  0.0) |   16:33:42 (Mar01) |  443.0 MB | PBS_TechMap-Start
--------------------+---------------------+--------------+--------------------+-----------+----------------------
 00:00:06(00:00:26) |  00:00:00(00:00:00) |   0.0(  0.0) |   16:33:42 (Mar01) |  443.0 MB | PBS_TechMap-Premap HBO Optimizations
--------------------+---------------------+--------------+--------------------+-----------+----------------------
 00:00:08(00:00:27) |  00:00:01(00:00:01) |  32.6( 25.0) |   16:33:43 (Mar01) |  443.0 MB | PBS_Techmap-Global Mapping
--------------------+---------------------+--------------+--------------------+-----------+----------------------
 00:00:09(00:00:27) |  00:00:00(00:00:00) |  24.4(  0.0) |   16:33:43 (Mar01) |  443.0 MB | PBS_TechMap-Datapath Postmap Operations
--------------------+---------------------+--------------+--------------------+-----------+----------------------
 00:00:09(00:00:27) |  00:00:00(00:00:00) |  -0.1(  0.0) |   16:33:43 (Mar01) |  443.0 MB | PBS_TechMap-Postmap HBO Optimizations
--------------------+---------------------+--------------+--------------------+-----------+----------------------
 00:00:09(00:00:27) |  00:00:00(00:00:00) |   0.0(  0.0) |   16:33:43 (Mar01) |  443.0 MB | PBS_TechMap-Postmap Clock Gating
--------------------+---------------------+--------------+--------------------+-----------+----------------------
Number of threads: 8 * 1   (id: pbs_debug, time_info v1.57)
Info: (*N*) indicates data that was populated from previously saved time_info database
Info: CPU time includes time of parent + longest thread
-------------------------------------------------------------------------------
 hi_fo_buf                  2266        0         0         0

           Trick     Calls     Accepts   Attempts    Time(secs) 
-----------------------------------------------------------
       hi_fo_buf         0  (        0 /        0 )  0.00

 
Incremental optimization status
===============================
                                   Group   
                                  Tot Wrst     Total DRC Total
                           Total  Weighted      Neg       Max 
Operation                   Area   Slacks      Slack      Cap 
 init_delay                 2266        0         0         0

           Trick     Calls     Accepts   Attempts    Time(secs) 
-----------------------------------------------------------
       crit_upsz         0  (        0 /        0 )  0.00
    plc_bal_star         0  (        0 /        0 )  0.00
     drc_buftimb         0  (        0 /        0 )  0.00
          plc_st         0  (        0 /        0 )  0.00
    plc_st_fence         0  (        0 /        0 )  0.00
        plc_star         0  (        0 /        0 )  0.00
      plc_laf_st         0  (        0 /        0 )  0.00
 plc_laf_st_fence         0  (        0 /        0 )  0.00
     drc_buftims         0  (        0 /        0 )  0.00
            fopt         0  (        0 /        0 )  0.00
   plc_laf_lo_st         0  (        0 /        0 )  0.00
       plc_lo_st         0  (        0 /        0 )  0.00
        mb_split         0  (        0 /        0 )  0.00

 
Local TNS optimization status
=============================
                                   Group   
                                  Tot Wrst     Total DRC Total
                           Total  Weighted      Neg       Max 
Operation                   Area   Slacks      Slack      Cap 
 init_tns                   2266        0         0         0

           Trick     Calls     Accepts   Attempts    Time(secs) 
-----------------------------------------------------------
    plc_bal_star         0  (        0 /        0 )  0.00
     drc_buftimb         0  (        0 /        0 )  0.00
     drc_buftims         0  (        0 /        0 )  0.00
       crit_upsz         0  (        0 /        0 )  0.00
   plc_laf_lo_st         0  (        0 /        0 )  0.00
       plc_lo_st         0  (        0 /        0 )  0.00
            fopt         0  (        0 /        0 )  0.00
       crit_dnsz         0  (        0 /        0 )  0.00
             dup         0  (        0 /        0 )  0.00
        setup_dn         0  (        0 /        0 )  0.00
        mb_split         0  (        0 /        0 )  0.00

PBS_TechMap-Postmap Cleanup - Elapsed_Time 0, CPU_Time -0.0021959999999996427
stamp 'PBS_TechMap-Postmap Cleanup' being created for table 'pbs_debug'

  Total Time (Wall) |  Stage Time (Wall)  |   % (Wall)   |    Date - Time     |  Memory   | Stage
--------------------+---------------------+--------------+--------------------+-----------+----------------------
 00:00:05(00:00:23) |  00:00:00(00:00:00) |   0.0(  0.0) |   16:33:39 (Mar01) |  443.0 MB | PBS_Generic-Start
--------------------+---------------------+--------------+--------------------+-----------+----------------------
 00:00:06(00:00:26) |  00:00:01(00:00:03) |  43.1( 75.0) |   16:33:42 (Mar01) |  443.0 MB | PBS_Generic_Opt-Post
--------------------+---------------------+--------------+--------------------+-----------+----------------------
 00:00:06(00:00:26) |  00:00:00(00:00:00) |   0.0(  0.0) |   16:33:42 (Mar01) |  443.0 MB | PBS_Generic-Postgen HBO Optimizations
--------------------+---------------------+--------------+--------------------+-----------+----------------------
 00:00:06(00:00:26) |  00:00:00(00:00:00) |   0.0(  0.0) |   16:33:42 (Mar01) |  443.0 MB | PBS_TechMap-Start
--------------------+---------------------+--------------+--------------------+-----------+----------------------
 00:00:06(00:00:26) |  00:00:00(00:00:00) |   0.0(  0.0) |   16:33:42 (Mar01) |  443.0 MB | PBS_TechMap-Premap HBO Optimizations
--------------------+---------------------+--------------+--------------------+-----------+----------------------
 00:00:08(00:00:27) |  00:00:01(00:00:01) |  32.6( 25.0) |   16:33:43 (Mar01) |  443.0 MB | PBS_Techmap-Global Mapping
--------------------+---------------------+--------------+--------------------+-----------+----------------------
 00:00:09(00:00:27) |  00:00:00(00:00:00) |  24.4(  0.0) |   16:33:43 (Mar01) |  443.0 MB | PBS_TechMap-Datapath Postmap Operations
--------------------+---------------------+--------------+--------------------+-----------+----------------------
 00:00:09(00:00:27) |  00:00:00(00:00:00) |  -0.1(  0.0) |   16:33:43 (Mar01) |  443.0 MB | PBS_TechMap-Postmap HBO Optimizations
--------------------+---------------------+--------------+--------------------+-----------+----------------------
 00:00:09(00:00:27) |  00:00:00(00:00:00) |   0.0(  0.0) |   16:33:43 (Mar01) |  443.0 MB | PBS_TechMap-Postmap Clock Gating
--------------------+---------------------+--------------+--------------------+-----------+----------------------
 00:00:09(00:00:27) |  00:00:00(00:00:00) |  -0.1(  0.0) |   16:33:43 (Mar01) |  443.0 MB | PBS_TechMap-Postmap Cleanup
--------------------+---------------------+--------------+--------------------+-----------+----------------------
Number of threads: 8 * 1   (id: pbs_debug, time_info v1.57)
Info: (*N*) indicates data that was populated from previously saved time_info database
Info: CPU time includes time of parent + longest thread
PBS_Techmap-Post_MBCI - Elapsed_Time 0, CPU_Time 0.0
stamp 'PBS_Techmap-Post_MBCI' being created for table 'pbs_debug'

  Total Time (Wall) |  Stage Time (Wall)  |   % (Wall)   |    Date - Time     |  Memory   | Stage
--------------------+---------------------+--------------+--------------------+-----------+----------------------
 00:00:05(00:00:23) |  00:00:00(00:00:00) |   0.0(  0.0) |   16:33:39 (Mar01) |  443.0 MB | PBS_Generic-Start
--------------------+---------------------+--------------+--------------------+-----------+----------------------
 00:00:06(00:00:26) |  00:00:01(00:00:03) |  43.1( 75.0) |   16:33:42 (Mar01) |  443.0 MB | PBS_Generic_Opt-Post
--------------------+---------------------+--------------+--------------------+-----------+----------------------
 00:00:06(00:00:26) |  00:00:00(00:00:00) |   0.0(  0.0) |   16:33:42 (Mar01) |  443.0 MB | PBS_Generic-Postgen HBO Optimizations
--------------------+---------------------+--------------+--------------------+-----------+----------------------
 00:00:06(00:00:26) |  00:00:00(00:00:00) |   0.0(  0.0) |   16:33:42 (Mar01) |  443.0 MB | PBS_TechMap-Start
--------------------+---------------------+--------------+--------------------+-----------+----------------------
 00:00:06(00:00:26) |  00:00:00(00:00:00) |   0.0(  0.0) |   16:33:42 (Mar01) |  443.0 MB | PBS_TechMap-Premap HBO Optimizations
--------------------+---------------------+--------------+--------------------+-----------+----------------------
 00:00:08(00:00:27) |  00:00:01(00:00:01) |  32.6( 25.0) |   16:33:43 (Mar01) |  443.0 MB | PBS_Techmap-Global Mapping
--------------------+---------------------+--------------+--------------------+-----------+----------------------
 00:00:09(00:00:27) |  00:00:00(00:00:00) |  24.4(  0.0) |   16:33:43 (Mar01) |  443.0 MB | PBS_TechMap-Datapath Postmap Operations
--------------------+---------------------+--------------+--------------------+-----------+----------------------
 00:00:09(00:00:27) |  00:00:00(00:00:00) |  -0.1(  0.0) |   16:33:43 (Mar01) |  443.0 MB | PBS_TechMap-Postmap HBO Optimizations
--------------------+---------------------+--------------+--------------------+-----------+----------------------
 00:00:09(00:00:27) |  00:00:00(00:00:00) |   0.0(  0.0) |   16:33:43 (Mar01) |  443.0 MB | PBS_TechMap-Postmap Clock Gating
--------------------+---------------------+--------------+--------------------+-----------+----------------------
 00:00:09(00:00:27) |  00:00:00(00:00:00) |  -0.1(  0.0) |   16:33:43 (Mar01) |  443.0 MB | PBS_TechMap-Postmap Cleanup
--------------------+---------------------+--------------+--------------------+-----------+----------------------
 00:00:09(00:00:27) |  00:00:00(00:00:00) |   0.0(  0.0) |   16:33:43 (Mar01) |  443.0 MB | PBS_Techmap-Post_MBCI
--------------------+---------------------+--------------+--------------------+-----------+----------------------
Number of threads: 8 * 1   (id: pbs_debug, time_info v1.57)
Info: (*N*) indicates data that was populated from previously saved time_info database
Info: CPU time includes time of parent + longest thread
##>=================== Cadence Confidential (Mapping-Logical) ===================
##>Main Thread Summary:
##>----------------------------------------------------------------------------------------
##>STEP                           Elapsed       WNS       TNS     Insts      Area    Memory
##>----------------------------------------------------------------------------------------
##>M:Initial                            0         -         -       436      4588       443
##>M:Pre Cleanup                        0         -         -       436      4588       443
##>M:Setup                              0         -         -         -         -         -
##>M:Launch ST                          0         -         -         -         -         -
##>M:Design Partition                   0         -         -         -         -         -
##>M:Create Partition Netlists          0         -         -         -         -         -
##>M:Init Power                         0         -         -         -         -         -
##>M:Budgeting                          0         -         -         -         -         -
##>M:Derenv-DB                          0         -         -         -         -         -
##>M:Debug Outputs                      0         -         -         -         -         -
##>M:ST loading                         0         -         -         -         -         -
##>M:Distributed                        0         -         -         -         -         -
##>M:Timer                              0         -         -         -         -         -
##>M:Assembly                           0         -         -         -         -         -
##>M:DFT                                0         -         -         -         -         -
##>M:DP Operations                      0         -         -       338      2266       443
##>M:Const Prop                         0      6797         0       338      2266       443
##>M:Cleanup                            0      6797         0       338      2266       443
##>M:MBCI                               0         -         -       338      2266       443
##>M:Const Gate Removal                 0         -         -         -         -         -
##>M:Misc                               1
##>----------------------------------------------------------------------------------------
##>Total Elapsed                        1
##>========================================================================================
Info    : Done mapping. [SYNTH-5]
        : Done mapping 'alarm_clock_top'.
      flow.cputime  flow.realtime  timing.setup.tns  timing.setup.wns  snapshot
UM:*                                                                   syn_map
@file(gcd_run.tcl) 17: syn_opt
Info    : Incrementally optimizing. [SYNTH-7]
        : Incrementally optimizing 'alarm_clock_top' using 'medium' effort.
 
Incremental optimization status
===============================
                                   Group   
                                  Tot Wrst     Total DRC Total
                           Total  Weighted      Neg       Max 
Operation                   Area   Slacks      Slack      Cap 
 init_iopt                  2266        0         0         0
-------------------------------------------------------------------------------
 const_prop                 2266        0         0         0
 
Incremental optimization status
===============================
                                   Group   
                                  Tot Wrst     Total DRC Total
                           Total  Weighted      Neg       Max 
Operation                   Area   Slacks      Slack      Cap 
 init_delay                 2266        0         0         0

           Trick     Calls     Accepts   Attempts    Time(secs) 
-----------------------------------------------------------
       crit_upsz         0  (        0 /        0 )  0.00
    plc_bal_star         0  (        0 /        0 )  0.00
     drc_buftimb         0  (        0 /        0 )  0.00
          plc_st         0  (        0 /        0 )  0.00
    plc_st_fence         0  (        0 /        0 )  0.00
        plc_star         0  (        0 /        0 )  0.00
      plc_laf_st         0  (        0 /        0 )  0.00
 plc_laf_st_fence         0  (        0 /        0 )  0.00
     drc_buftims         0  (        0 /        0 )  0.00
   plc_laf_lo_st         0  (        0 /        0 )  0.00
       plc_lo_st         0  (        0 /        0 )  0.00
            fopt         0  (        0 /        0 )  0.00
       crit_dnsz         0  (        0 /        0 )  0.00
             dup         0  (        0 /        0 )  0.00
            fopt         0  (        0 /        0 )  0.00
        setup_dn         0  (        0 /        0 )  0.00
         buf2inv         0  (        0 /        0 )  0.00
        mb_split         0  (        0 /        0 )  0.00
             exp         0  (        0 /        0 )  0.00
       gate_deco         0  (        0 /        0 )  0.00
       gcomp_tim         0  (        0 /        0 )  0.00
  inv_pair_2_buf         0  (        0 /        0 )  0.00

 init_drc                   2266        0         0         0

           Trick     Calls     Accepts   Attempts    Time(secs) 
-----------------------------------------------------------
          plc_st         0  (        0 /        0 )  0.00
        plc_star         0  (        0 /        0 )  0.00
        drc_bufs         0  (        0 /        0 )  0.00
        drc_fopt         0  (        0 /        0 )  0.00
        drc_bufb         0  (        0 /        0 )  0.00
      simple_buf         0  (        0 /        0 )  0.00
             dup         0  (        0 /        0 )  0.00
       crit_dnsz         0  (        0 /        0 )  0.00
       crit_upsz         0  (        0 /        0 )  0.00


           Trick     Calls     Accepts   Attempts    Time(secs) 
-----------------------------------------------------------
          plc_st         0  (        0 /        0 )  0.00
        plc_star         0  (        0 /        0 )  0.00
      drc_buf_sp         0  (        0 /        0 )  0.00
        drc_bufs         0  (        0 /        0 )  0.00
        drc_fopt         0  (        0 /        0 )  0.00
        drc_bufb         0  (        0 /        0 )  0.00
      simple_buf         0  (        0 /        0 )  0.00
             dup         0  (        0 /        0 )  0.00
       crit_dnsz         0  (        0 /        0 )  0.00
       crit_upsz         0  (        0 /        0 )  0.00


           Trick     Calls     Accepts   Attempts    Time(secs) 
-----------------------------------------------------------
          plc_st         0  (        0 /        0 )  0.00
        plc_star         0  (        0 /        0 )  0.00
      drc_buf_sp         0  (        0 /        0 )  0.00
        drc_bufs         0  (        0 /        0 )  0.00
        drc_fopt         0  (        0 /        0 )  0.00
        drc_bufb         0  (        0 /        0 )  0.00
             dup         0  (        0 /        0 )  0.00
       crit_dnsz         0  (        0 /        0 )  0.00
       crit_upsz         0  (        0 /        0 )  0.00

 init_tns                   2266        0         0         0

           Trick     Calls     Accepts   Attempts    Time(secs) 
-----------------------------------------------------------
    plc_bal_star         0  (        0 /        0 )  0.00
     drc_buftimb         0  (        0 /        0 )  0.00
     drc_buftims         0  (        0 /        0 )  0.00
       crit_upsz         0  (        0 /        0 )  0.00
   plc_laf_lo_st         0  (        0 /        0 )  0.00
       plc_lo_st         0  (        0 /        0 )  0.00
            fopt         0  (        0 /        0 )  0.00
       crit_dnsz         0  (        0 /        0 )  0.00
             dup         0  (        0 /        0 )  0.00
        setup_dn         0  (        0 /        0 )  0.00
         buf2inv         0  (        0 /        0 )  0.00
        mb_split         0  (        0 /        0 )  0.00

 init_area                  2266        0         0         0
 gate_comp                  2259        0         0         0

           Trick     Calls     Accepts   Attempts    Time(secs) 
-----------------------------------------------------------
           undup         0  (        0 /        0 )  0.00
         rem_buf         0  (        0 /        0 )  0.00
         rem_inv         0  (        0 /        0 )  0.00
        merge_bi         0  (        0 /        0 )  0.00
      rem_inv_qb         7  (        0 /        0 )  0.01
        io_phase         1  (        0 /        0 )  0.00
       gate_comp        35  (        2 /        2 )  0.04
       gcomp_mog         6  (        0 /        0 )  0.01
       glob_area        14  (        0 /       14 )  0.00
       area_down         0  (        0 /        0 )  0.00
      size_n_buf         0  (        0 /        0 )  0.00
  gate_deco_area         0  (        0 /        0 )  0.00
         rem_buf         0  (        0 /        0 )  0.00
         rem_inv         0  (        0 /        0 )  0.00
        merge_bi         0  (        0 /        0 )  0.00
      rem_inv_qb         7  (        0 /        0 )  0.01

 
Incremental optimization status
===============================
                                   Group   
                                  Tot Wrst     Total DRC Total
                           Total  Weighted      Neg       Max 
Operation                   Area   Slacks      Slack      Cap 
 init_delay                 2259        0         0         0

           Trick     Calls     Accepts   Attempts    Time(secs) 
-----------------------------------------------------------
       crit_upsz         0  (        0 /        0 )  0.00
    plc_bal_star         0  (        0 /        0 )  0.00
     drc_buftimb         0  (        0 /        0 )  0.00
          plc_st         0  (        0 /        0 )  0.00
    plc_st_fence         0  (        0 /        0 )  0.00
        plc_star         0  (        0 /        0 )  0.00
      plc_laf_st         0  (        0 /        0 )  0.00
 plc_laf_st_fence         0  (        0 /        0 )  0.00
     drc_buftims         0  (        0 /        0 )  0.00
   plc_laf_lo_st         0  (        0 /        0 )  0.00
       plc_lo_st         0  (        0 /        0 )  0.00
            fopt         0  (        0 /        0 )  0.00
       crit_dnsz         0  (        0 /        0 )  0.00
             dup         0  (        0 /        0 )  0.00
            fopt         0  (        0 /        0 )  0.00
        setup_dn         0  (        0 /        0 )  0.00
         buf2inv         0  (        0 /        0 )  0.00
        mb_split         0  (        0 /        0 )  0.00
             exp         0  (        0 /        0 )  0.00
       gate_deco         0  (        0 /        0 )  0.00
       gcomp_tim         0  (        0 /        0 )  0.00
  inv_pair_2_buf         0  (        0 /        0 )  0.00

 init_drc                   2259        0         0         0

           Trick     Calls     Accepts   Attempts    Time(secs) 
-----------------------------------------------------------
          plc_st         0  (        0 /        0 )  0.00
        plc_star         0  (        0 /        0 )  0.00
        drc_bufs         0  (        0 /        0 )  0.00
        drc_fopt         0  (        0 /        0 )  0.00
        drc_bufb         0  (        0 /        0 )  0.00
      simple_buf         0  (        0 /        0 )  0.00
             dup         0  (        0 /        0 )  0.00
       crit_dnsz         0  (        0 /        0 )  0.00
       crit_upsz         0  (        0 /        0 )  0.00


           Trick     Calls     Accepts   Attempts    Time(secs) 
-----------------------------------------------------------
          plc_st         0  (        0 /        0 )  0.00
        plc_star         0  (        0 /        0 )  0.00
        drc_bufs         0  (        0 /        0 )  0.00
        drc_fopt         0  (        0 /        0 )  0.00
        drc_bufb         0  (        0 /        0 )  0.00
      simple_buf         0  (        0 /        0 )  0.00
             dup         0  (        0 /        0 )  0.00
       crit_dnsz         0  (        0 /        0 )  0.00
       crit_upsz         0  (        0 /        0 )  0.00


           Trick     Calls     Accepts   Attempts    Time(secs) 
-----------------------------------------------------------
          plc_st         0  (        0 /        0 )  0.00
        plc_star         0  (        0 /        0 )  0.00
        drc_bufs         0  (        0 /        0 )  0.00
        drc_fopt         0  (        0 /        0 )  0.00
        drc_bufb         0  (        0 /        0 )  0.00
             dup         0  (        0 /        0 )  0.00
       crit_dnsz         0  (        0 /        0 )  0.00
       crit_upsz         0  (        0 /        0 )  0.00

 init_area                  2259        0         0         0

           Trick     Calls     Accepts   Attempts    Time(secs) 
-----------------------------------------------------------
           undup         0  (        0 /        0 )  0.00
         rem_buf         0  (        0 /        0 )  0.00
         rem_inv         0  (        0 /        0 )  0.00
        merge_bi         0  (        0 /        0 )  0.00
      rem_inv_qb         7  (        0 /        0 )  0.01
        io_phase         1  (        0 /        0 )  0.00
       gate_comp        33  (        0 /        0 )  0.04
       gcomp_mog         6  (        0 /        0 )  0.01
       glob_area        14  (        0 /       14 )  0.00
       area_down         0  (        0 /        0 )  0.00
      size_n_buf         0  (        0 /        0 )  0.00
  gate_deco_area         0  (        0 /        0 )  0.00

==================================
Stage : incr_opt 
==================================
  =================
   Message Summary
  =================
------------------------------------------------------------
|   Id    |  Sev   |Count |         Message Text           |
------------------------------------------------------------
| CFM-1   |Info    |    1 |Wrote dofile.                   |
| CFM-5   |Info    |    1 |Wrote formal verification       |
|         |        |      | information.                   |
| CPI-506 |Warning |    1 |Command 'commit_power_intent'   |
|         |        |      | cannot proceed as there is no  |
|         |        |      | power intent loaded.           |
| PA-7    |Info    |    4 |Resetting power analysis        |
|         |        |      | results.                       |
|         |        |      |All computed switching          |
|         |        |      | activities are removed.        |
| SYNTH-5 |Info    |    1 |Done mapping.                   |
| SYNTH-7 |Info    |    1 |Incrementally optimizing.       |
------------------------------------------------------------
Info    : Done incrementally optimizing. [SYNTH-8]
        : Done incrementally optimizing 'alarm_clock_top'.
      flow.cputime  flow.realtime  timing.setup.tns  timing.setup.wns  snapshot
UM:*                                                                   syn_opt
@file(gcd_run.tcl) 18: write_hdl > alarm_netlist.v
@file(gcd_run.tcl) 19: write_sdc > alarm_constraints_1.sdc
Finished SDC export (command execution time mm:ss (real) = 00:00).
@file(gcd_run.tcl) 22: report_power > power_counter.rpt
Warning: Library 'slow' found in multiple domains.
Info: Use -domain to uniquify.
Info: Selecting library 'slow' in domain '-1'
Info    : Joules engine is used. [RPT-16]
        : Joules engine is being used for the command report_power.
Info   : ACTP-0001 [ACTPInfo] Activity propagation started for stim#0 netlist
       : alarm_clock_top
Info   : ACTP-0009 [ACTPInfo] Activity Propagation Progress Report :   0%   1%   2%   3%   4%   5%   6%   7%   8%   9%  10%  11%  12%  13%  14%  15%  16%  17%  18%  19%  20%  21%  22%  23%  24%  25%  26%  27%  28%  29%  30%  31%  32%  33%  34%  35%  36%  37%  38%  39%  40%  41%  42%  43%  44%  45%  46%  47%  48%  49%  50%  51%  52%  53%  54%  55%  56%  57%  58%  59%  60%  61%  62%  63%  64%  65%  66%  67%  68%  69%  70%  71%  72%  73%  74%  75%  76%  77%  78%  79%  80%  81%  82%  83%  84%  85%  86%  87%  88%  89%  90%  91%  92%  93%  94%  95%  96%  97%  98%  99% 100%
Info   : ACTP-0001 Activity propagation ended for stim#0
Info   : PWRA-0001 [PwrInfo] compute_power effective options 
       : -mode : vectorless
       : -skip_propagation : 1
       : -frequency_scaling_factor : 1.0
       : -use_clock_freq : stim
       : -stim :/stim#0
       : -fromGenus : 1
Info   : ACTP-0001 Timing initialization started
Info   : ACTP-0001 Timing initialization ended
Info   : PWRA-0002 [PwrInfo] Skipping activity propagation due to -skip_ap
       : option....
Warning: PWRA-0302 [PwrWarn] Frequency scaling is not applicable for vectorless
       : flow. Ignoring frequency scaling.
Warning: PWRA-0304 [PwrWarn] -stim option is not applicable with vectorless mode
       : of power analysis, ignored this option.
Info   : PWRA-0002 Started 'vectorless' power computation.
Info   : PWRA-0009 [PwrInfo] Power Computation Progress Report :   0%   1%   2%   3%   4%   5%   6%   7%   8%   9%  10%  11%  12%  13%  14%  15%  16%  17%  18%  19%  20%  21%  22%  23%  24%  25%  26%  27%  28%  29%  30%  31%  32%  33%  34%  35%  36%  37%  38%  39%  40%  41%  42%  43%  44%  45%  46%  47%  48%  49%  50%  51%  52%  53%  54%  55%  56%  57%  58%  59%  60%  61%  62%  63%  64%  65%  66%  67%  68%  69%  70%  71%  72%  73%  74%  75%  76%  77%  78%  79%  80%  81%  82%  83%  84%  85%  86%  87%  88%  89%  90%  91%  92%  93%  94%  95%  96%  97%  98%  99% 100%
Info   : PWRA-0002 Finished power computation.
Info   : PWRA-0007 [PwrInfo] Completed successfully.
       : Info=6, Warn=2, Error=0, Fatal=0
Output file: power_counter.rpt
@file(gcd_run.tcl) 23: report_area > area_counter.rpt
@file(gcd_run.tcl) 24: report_timing > timing_counter.rpt
@file(gcd_run.tcl) 25: report_gates > gate_counter.rpt
@file(gcd_run.tcl) 27: gui_show
#@ End verbose source ./gcd_run.tcl
Beginning report datapath command
Warning : The filename, column and line number information will not be available in the report. [RPT_DP-100]
        : The attribute for getting HDL filename and line number is not set.
        : You must set the 'hdl_track_filename_row_col' attribute to 'true' (before elaborate) to enable filename, column, and line number tracking in the datapath report.
GTD-INFO: Parsing file top.mtarpt...
GTD-INFO: 265 alarm_constraints.g
GTD-INFO: 268 7 42 alarm_constraints.g 0
GTD-INFO: 261 7
GTD-INFO: Parsing file top.mtarpt...

=============================================================================
  Generated by: Cadence Genus(TM) Synthesis Solution 21.14-s082_1
  Generated on: Mar  1 2026 16:37:31
  Module:       alarm_clock_top
=============================================================================

=========================
  check_floorplan SUMMARY
=========================
--------------------------------------------------------------------------------------------------------------
        Floorplan Object  |  Status  | #Violations |   #Total    |    ID     |  Violation Reason 
--------------------------------------------------------------------------------------------------------------
Core/Die Box              |   FAIL   |          1  |          1  | FPLN-1    | no core box defined                                         
--------------------------------------------------------------------------------------------------------------

The checking finds issues of the following type(s):  fatal: 1
Fatal errors must be fixed before proceeding with physical synthesis commands.  Please check your floorplan, and make necessary corrections before proceeding.

Done checking floorplan - Elapsed time 0s, CPU time: 0.00s

Lic Summary:
[16:37:36.463395] Cdslmd servers: cadence-c2s
[16:37:36.463400] Feature usage summary:
[16:37:36.463401] Genus_Synthesis

Normal exit.